PCG.Mus_musculus	lncRNA.Mus_musculus	conf.Mus_musculus	class.Mus_musculus	distance.Mus_musculus	PCG.Canis_lupus_familiaris	lncRNA.Canis_lupus_familiaris	conf.Canis_lupus_familiaris	class.Canis_lupus_familiaris	distance.Canis_lupus_familiaris
ENSMUSG00000000049	ENSMUSG00000084916	lncgSS.dw	n.1.1	0	ENSCAFG00845028150	ENSCAFG00845028199	lncgSS.dw	1.1.1	1385
ENSMUSG00000000078	ENSMUSG00000113757	lincSS.dw	1.1.1	16715	ENSCAFG00845003083	ENSCAFG00845003152	lincSS.dw	1.1.1	89339
ENSMUSG00000000078	ENSMUSG00000113757	lincSS.dw	1.1.1	16715	ENSCAFG00845003083	ENSCAFG00845003118	lincSS.dw	n.1.1	23238
ENSMUSG00000000078	ENSMUSG00000113017	lincSS.dw	n.1.1	45399	ENSCAFG00845003083	ENSCAFG00845003152	lincSS.dw	1.1.1	89339
ENSMUSG00000000078	ENSMUSG00000113017	lincSS.dw	n.1.1	45399	ENSCAFG00845003083	ENSCAFG00845003118	lincSS.dw	n.1.1	23238
ENSMUSG00000000093	ENSMUSG00000069785	lncgConv	1.1.1	4842	ENSCAFG00845027360	ENSCAFG00845027339	lncgConv	1.1.1	1481
ENSMUSG00000000142	ENSMUSG00000086268	lncgDivg	1.1.1	0	ENSCAFG00845028532	ENSCAFG00845028477	lncgDivg	1.1.1	274
ENSMUSG00000000184	ENSMUSG00000107013	lincSS.up	1.1.1	99445	ENSCAFG00845030681	ENSCAFG00845030688	lincSS.up	1.1.1	7711
ENSMUSG00000000184	ENSMUSG00000120876	lncgSS.up	1.1.1	1584	ENSCAFG00845030681	ENSCAFG00845030686	lncgSS.up	1.1.1	2778
ENSMUSG00000000420	ENSMUSG00000117570	lincSS.dw	1.1.1	52548	ENSCAFG00845004806	ENSCAFG00845004791	lincSS.dw	1.1.1	63030
ENSMUSG00000000420	ENSMUSG00000117570	lincSS.dw	1.1.1	52548	ENSCAFG00845004806	ENSCAFG00845004796	lincSS.dw	1.1.1	54334
ENSMUSG00000000489	ENSMUSG00000120517	lincDivg	1.1.1	9512	ENSCAFG00845022039	ENSCAFG00845021997	lincDivg	1.1.1	17671
ENSMUSG00000000673	ENSMUSG00000121087	lncgDivg	1.1.1	0	ENSCAFG00845025017	ENSCAFG00845025071	lncgDivg	1.1.1	686
ENSMUSG00000000782	ENSMUSG00000120287	lncgSS.up	1.1.1	509	ENSCAFG00845012366	ENSCAFG00845012273	lncgSS.up	1.1.1	2320
ENSMUSG00000000823	ENSMUSG00000010492	lncgConv	n.n.n	0	ENSCAFG00845018997	ENSCAFG00845018871	lncgConv	1.1.1	3592
ENSMUSG00000001419	ENSMUSG00000096935	lncgConv	n.n.1	0	ENSCAFG00845009027	ENSCAFG00845009073	lncgConv	1.1.1	943
ENSMUSG00000002107	ENSMUSG00000099424	lincDivg	1.1.1	20376	ENSCAFG00845000818	ENSCAFG00845000985	lincDivg	1.1.1	99397
ENSMUSG00000002221	ENSMUSG00000120915	lncgDivg	1.1.1	38	ENSCAFG00845012859	ENSCAFG00845012942	lncgDivg	1.1.1	2470
ENSMUSG00000002221	ENSMUSG00000120915	lncgDivg	1.1.1	38	ENSCAFG00845012859	ENSCAFG00845012921	lncgDivg	n.1.1	1142
ENSMUSG00000002845	ENSMUSG00000091238	lncgDivg	1.1.1	0	ENSCAFG00845016497	ENSCAFG00845016555	lncgDivg	1.1.1	629
ENSMUSG00000003721	ENSMUSG00000101700	lincConv	1.1.1	76827	ENSCAFG00845005970	ENSCAFG00845005912	lincConv	n.1.1	17852
ENSMUSG00000004698	ENSMUSG00000113386	lncgSS.up	1.1.1	0	ENSCAFG00845006703	ENSCAFG00845006556	lncgSS.up	1.1.1	1241
ENSMUSG00000005069	ENSMUSG00000107737	lincSS.dw	1.1.1	32297	ENSCAFG00845024224	ENSCAFG00845024131	lincSS.dw	1.1.1	5386
ENSMUSG00000005371	ENSMUSG00000097676	lincSS.up	1.1.1	80793	ENSCAFG00845005550	ENSCAFG00845005579	lincSS.up	1.1.1	6469
ENSMUSG00000005583	ENSMUSG00000097265	lincConv	n.n.1	0	ENSCAFG00845017289	ENSCAFG00845017881	lincConv	1.1.1	23726
ENSMUSG00000005583	ENSMUSG00000097265	lincConv	n.n.1	0	ENSCAFG00845017289	ENSCAFG00845018016	lincConv	1.1.1	56847
ENSMUSG00000005583	ENSMUSG00000050334	lincSS.dw	n.1.1	48182	ENSCAFG00845017289	ENSCAFG00845017914	lincSS.dw	n.1.1	31504
ENSMUSG00000005980	ENSMUSG00000084790	lncgDivg	n.1.1	0	ENSCAFG00845002013	ENSCAFG00845002048	lncgDivg	1.1.1	238
ENSMUSG00000006169	ENSMUSG00000086686	lincSS.up	1.1.1	10793	ENSCAFG00845001528	ENSCAFG00845001502	lincSS.up	n.1.1	83022
ENSMUSG00000006435	ENSMUSG00000118127	lncgDivg	1.1.1	0	ENSCAFG00845027843	ENSCAFG00845027810	lncgDivg	1.1.1	524
ENSMUSG00000006435	ENSMUSG00000117659	lncgDivg	1.1.1	0	ENSCAFG00845027843	ENSCAFG00845027810	lncgDivg	1.1.1	524
ENSMUSG00000006715	ENSMUSG00000120886	lncgDivg	1.1.1	0	ENSCAFG00845020530	ENSCAFG00845020481	lncgDivg	n.1.1	378
ENSMUSG00000006800	ENSMUSG00000085046	lincSS.up	1.1.1	51567	ENSCAFG00845022596	ENSCAFG00845022844	lincSS.up	1.1.1	27808
ENSMUSG00000006800	ENSMUSG00000085618	lincSS.up	1.1.1	34130	ENSCAFG00845022596	ENSCAFG00845022844	lincSS.up	1.1.1	27808
ENSMUSG00000007411	ENSMUSG00000113910	lncgSS.dw	1.1.1	0	ENSCAFG00845018426	ENSCAFG00845018900	lncgSS.dw	1.1.1	935
ENSMUSG00000008305	ENSMUSG00000084910	lncgDivg	n.1.1	325	ENSCAFG00845007046	ENSCAFG00845006899	lncgDivg	n.n.n	1456
ENSMUSG00000008305	ENSMUSG00000084910	lncgDivg	n.1.1	325	ENSCAFG00845007046	ENSCAFG00845006972	lncgDivg	1.1.1	78
ENSMUSG00000008305	ENSMUSG00000086027	lncgDivg	1.1.1	0	ENSCAFG00845007046	ENSCAFG00845006899	lncgDivg	n.n.n	1456
ENSMUSG00000008305	ENSMUSG00000086027	lncgDivg	1.1.1	0	ENSCAFG00845007046	ENSCAFG00845006972	lncgDivg	1.1.1	78
ENSMUSG00000008730	ENSMUSG00000085754	lncgDivg	n.n.1	0	ENSCAFG00845023430	ENSCAFG00845023322	lncgDivg	1.1.1	4209
ENSMUSG00000008730	ENSMUSG00000104874	lncgSS.up	1.1.1	0	ENSCAFG00845023430	ENSCAFG00845023309	lncgSS.up	1.1.1	4208
ENSMUSG00000008730	ENSMUSG00000105229	lncgSS.up	1.1.1	0	ENSCAFG00845023430	ENSCAFG00845023309	lncgSS.up	1.1.1	4208
ENSMUSG00000009097	ENSMUSG00000075335	lncgDivg	1.1.1	1321	ENSCAFG00845029160	ENSCAFG00845029298	lncgDivg	n.1.1	3315
ENSMUSG00000009828	ENSMUSG00000121490	lncgSS.dw	n.1.1	3776	ENSCAFG00845009901	ENSCAFG00845009849	lncgSS.dw	1.1.1	766
ENSMUSG00000010175	ENSMUSG00000119953	lncgDivg	n.n.1	0	ENSCAFG00845001606	ENSCAFG00845001588	lncgDivg	n.1.1	283
ENSMUSG00000010175	ENSMUSG00000079045	lncgDivg	n.1.1	0	ENSCAFG00845001606	ENSCAFG00845001588	lncgDivg	n.1.1	283
ENSMUSG00000010175	ENSMUSG00000099404	lncgDivg	1.1.1	0	ENSCAFG00845001606	ENSCAFG00845001588	lncgDivg	n.1.1	283
ENSMUSG00000011154	ENSMUSG00000109248	lincSS.up	1.1.1	5542	ENSCAFG00845004797	ENSCAFG00845004813	lincSS.up	1.1.1	12055
ENSMUSG00000013662	ENSMUSG00000120470	lncgDivg	1.1.1	0	ENSCAFG00845029330	ENSCAFG00845029373	lncgDivg	1.1.1	863
ENSMUSG00000014668	ENSMUSG00000105541	lncgDivg	1.1.1	0	ENSCAFG00845025229	ENSCAFG00845025179	lncgDivg	1.1.1	201
ENSMUSG00000015016	ENSMUSG00000110682	lincDivg	n.1.1	12465	ENSCAFG00845002712	ENSCAFG00845002775	lincDivg	n.n.n	22639
ENSMUSG00000015016	ENSMUSG00000110682	lincDivg	n.1.1	12465	ENSCAFG00845002712	ENSCAFG00845002749	lincDivg	1.1.1	5819
ENSMUSG00000015016	ENSMUSG00000110523	lincDivg	n.n.n	23094	ENSCAFG00845002712	ENSCAFG00845002775	lincDivg	n.n.n	22639
ENSMUSG00000015016	ENSMUSG00000110523	lincDivg	n.n.n	23094	ENSCAFG00845002712	ENSCAFG00845002749	lincDivg	1.1.1	5819
ENSMUSG00000015165	ENSMUSG00000109420	lncgDivg	1.1.1	0	ENSCAFG00845004919	ENSCAFG00845004914	lncgDivg	1.1.1	1707
ENSMUSG00000015165	ENSMUSG00000121222	lncgDivg	1.1.1	0	ENSCAFG00845004919	ENSCAFG00845004914	lncgDivg	1.1.1	1707
ENSMUSG00000015627	ENSMUSG00000084843	lincSS.up	1.1.1	35792	ENSCAFG00845017212	ENSCAFG00845017300	lincSS.up	1.1.1	35648
ENSMUSG00000015627	ENSMUSG00000084843	lincSS.up	1.1.1	35792	ENSCAFG00845017212	ENSCAFG00845017290	lincSS.up	1.1.1	23514
ENSMUSG00000015627	ENSMUSG00000056061	lncgDivg	1.1.1	0	ENSCAFG00845017212	ENSCAFG00845017267	lncgDivg	1.1.1	2445
ENSMUSG00000015709	ENSMUSG00000109341	lncgDivg	1.1.1	0	ENSCAFG00845004996	ENSCAFG00845004944	lncgDivg	n.1.1	1526
ENSMUSG00000015829	ENSMUSG00000073528	lncgSS.dw	n.1.1	0	ENSCAFG00845009439	ENSCAFG00845009888	lncgSS.dw	1.1.1	2768
ENSMUSG00000016494	ENSMUSG00000097325	lncgConv	1.1.1	0	ENSCAFG00845002498	ENSCAFG00845002478	lncgConv	1.1.1	422
ENSMUSG00000017144	ENSMUSG00000100496	lincDivg	1.1.1	70271	ENSCAFG00845008171	ENSCAFG00845008214	lincDivg	1.1.1	72032
ENSMUSG00000017144	ENSMUSG00000100496	lincDivg	1.1.1	70271	ENSCAFG00845008171	ENSCAFG00845008226	lincDivg	1.1.1	80194
ENSMUSG00000017144	ENSMUSG00000086349	lincDivg	1.1.1	92720	ENSCAFG00845008171	ENSCAFG00845008214	lincDivg	1.1.1	72032
ENSMUSG00000017144	ENSMUSG00000086349	lincDivg	1.1.1	92720	ENSCAFG00845008171	ENSCAFG00845008226	lincDivg	1.1.1	80194
ENSMUSG00000019256	ENSMUSG00000113580	lincDivg	1.1.1	10993	ENSCAFG00845005867	ENSCAFG00845005851	lincDivg	1.1.1	77454
ENSMUSG00000019256	ENSMUSG00000113580	lincDivg	1.1.1	10993	ENSCAFG00845005867	ENSCAFG00845005842	lincDivg	1.1.1	97635
ENSMUSG00000019256	ENSMUSG00000113548	lincDivg	1.1.1	67506	ENSCAFG00845005867	ENSCAFG00845005851	lincDivg	1.1.1	77454
ENSMUSG00000019256	ENSMUSG00000113548	lincDivg	1.1.1	67506	ENSCAFG00845005867	ENSCAFG00845005842	lincDivg	1.1.1	97635
ENSMUSG00000019577	ENSMUSG00000120672	lincDivg	1.1.1	14862	ENSCAFG00845021015	ENSCAFG00845021189	lincDivg	1.1.1	39574
ENSMUSG00000019790	ENSMUSG00000101621	lincDivg	n.1.1	75548	ENSCAFG00845014465	ENSCAFG00845013934	lincDivg	n.n.n	76679
ENSMUSG00000019843	ENSMUSG00000111183	lincDivg	1.1.1	45438	ENSCAFG00845017640	ENSCAFG00845018173	lincDivg	1.1.1	13292
ENSMUSG00000019843	ENSMUSG00000111183	lincDivg	1.1.1	45438	ENSCAFG00845017640	ENSCAFG00845018158	lincDivg	1.1.1	6862
ENSMUSG00000019843	ENSMUSG00000119997	lncgDivg	n.n.1	0	ENSCAFG00845017640	ENSCAFG00845018124	lncgDivg	1.1.1	1495
ENSMUSG00000019843	ENSMUSG00000087014	lncgDivg	1.1.1	0	ENSCAFG00845017640	ENSCAFG00845018124	lncgDivg	1.1.1	1495
ENSMUSG00000019960	ENSMUSG00000120240	lncgSS.up	1.1.1	274	ENSCAFG00845018644	ENSCAFG00845018680	lncgSS.up	1.1.1	926
ENSMUSG00000019986	ENSMUSG00000111227	lncgDivg	1.1.1	0	ENSCAFG00845005265	ENSCAFG00845005394	lncgDivg	n.1.1	235
ENSMUSG00000020019	ENSMUSG00000111366	lincSS.up	1.1.1	6358	ENSCAFG00845023731	ENSCAFG00845023880	lincSS.up	1.1.1	11618
ENSMUSG00000020019	ENSMUSG00000111366	lincSS.up	1.1.1	6358	ENSCAFG00845023731	ENSCAFG00845023906	lincSS.up	1.1.1	18407
ENSMUSG00000020023	ENSMUSG00000053420	lincDivg	1.1.1	13246	ENSCAFG00845022396	ENSCAFG00845022473	lincDivg	1.1.1	66060
ENSMUSG00000020032	ENSMUSG00000111583	lncgDivg	n.1.1	182	ENSCAFG00845005700	ENSCAFG00845005687	lncgDivg	1.1.1	786
ENSMUSG00000020102	ENSMUSG00000109803	lncgDivg	1.1.1	0	ENSCAFG00845007615	ENSCAFG00845007560	lncgDivg	1.1.1	4492
ENSMUSG00000020123	ENSMUSG00000112774	lincSS.up	n.1.1	13466	ENSCAFG00845009998	ENSCAFG00845010028	lincSS.up	1.1.1	49690
ENSMUSG00000020123	ENSMUSG00000112774	lincSS.up	n.1.1	13466	ENSCAFG00845009998	ENSCAFG00845010040	lincSS.up	n.1.1	65104
ENSMUSG00000020205	ENSMUSG00000097082	lincConv	1.1.1	78118	ENSCAFG00845005752	ENSCAFG00845005712	lincConv	1.1.1	12102
ENSMUSG00000020205	ENSMUSG00000097082	lincConv	1.1.1	78118	ENSCAFG00845005752	ENSCAFG00845027451	lincConv	1.1.1	54184
ENSMUSG00000020212	ENSMUSG00000112470	lincSS.up	1.1.1	17717	ENSCAFG00845013780	ENSCAFG00845013863	lincSS.up	1.1.1	29503
ENSMUSG00000020212	ENSMUSG00000112684	lncgDivg	1.1.1	0	ENSCAFG00845013780	ENSCAFG00845013855	lncgDivg	n.n.n	4917
ENSMUSG00000020315	ENSMUSG00000119981	lncgDivg	n.1.1	128	ENSCAFG00845009556	ENSCAFG00845009426	lncgDivg	1.1.1	981
ENSMUSG00000020315	ENSMUSG00000101872	lncgDivg	1.1.1	0	ENSCAFG00845009556	ENSCAFG00845009426	lncgDivg	1.1.1	981
ENSMUSG00000020315	ENSMUSG00000073073	lncgDivg	1.1.1	0	ENSCAFG00845009556	ENSCAFG00845009426	lncgDivg	1.1.1	981
ENSMUSG00000020415	ENSMUSG00000084889	lincConv	1.1.1	33067	ENSCAFG00845001057	ENSCAFG00845001039	lincConv	n.1.1	62128
ENSMUSG00000020461	ENSMUSG00000086707	lincSS.dw	1.1.1	17420	ENSCAFG00845010710	ENSCAFG00845010646	lincSS.dw	1.1.1	56141
ENSMUSG00000020461	ENSMUSG00000086707	lincSS.dw	1.1.1	17420	ENSCAFG00845010710	ENSCAFG00845010660	lincSS.dw	n.1.1	12373
ENSMUSG00000020485	ENSMUSG00000120559	lncgConv	1.1.1	3910	ENSCAFG00845020393	ENSCAFG00845020376	lncgConv	1.1.1	1598
ENSMUSG00000020522	ENSMUSG00000086028	lincSS.dw	1.1.1	38697	ENSCAFG00845005006	ENSCAFG00845005001	lincSS.dw	1.1.1	8073
ENSMUSG00000020564	ENSMUSG00000085664	lncgConv	1.1.1	0	ENSCAFG00845027389	ENSCAFG00845027513	lncgConv	1.1.1	566
ENSMUSG00000020610	ENSMUSG00000085326	lncgDivg	1.1.1	0	ENSCAFG00845028913	ENSCAFG00845028878	lncgDivg	1.1.1	893
ENSMUSG00000020823	ENSMUSG00000086859	lincSS.up	n.1.1	36204	ENSCAFG00845015759	ENSCAFG00845015826	lincSS.up	1.1.1	61720
ENSMUSG00000020823	ENSMUSG00000086859	lincSS.up	n.1.1	36204	ENSCAFG00845015759	ENSCAFG00845015799	lincSS.up	1.1.1	32035
ENSMUSG00000020823	ENSMUSG00000085104	lincSS.up	1.1.1	54900	ENSCAFG00845015759	ENSCAFG00845015826	lincSS.up	1.1.1	61720
ENSMUSG00000020823	ENSMUSG00000085104	lincSS.up	1.1.1	54900	ENSCAFG00845015759	ENSCAFG00845015799	lincSS.up	1.1.1	32035
ENSMUSG00000020950	ENSMUSG00000112763	lncgDivg	n.1.1	775	ENSCAFG00845009198	ENSCAFG00845009182	lncgDivg	1.1.1	1865
ENSMUSG00000021010	ENSMUSG00000099407	lncgConv	1.1.1	0	ENSCAFG00845012355	ENSCAFG00845012553	lncgConv	1.1.1	1024
ENSMUSG00000021192	ENSMUSG00000113265	lncgSS.up	1.1.1	1526	ENSCAFG00845022111	ENSCAFG00845022083	lncgSS.up	1.1.1	170
ENSMUSG00000021301	ENSMUSG00000113654	lncgDivg	n.n.1	0	ENSCAFG00845017152	ENSCAFG00845017845	lncgDivg	1.1.1	960
ENSMUSG00000021375	ENSMUSG00000114917	lncgDivg	1.1.1	0	ENSCAFG00845026182	ENSCAFG00845028220	lncgDivg	1.1.1	21
ENSMUSG00000021413	ENSMUSG00000113170	lncgDivg	1.1.1	0	ENSCAFG00845018389	ENSCAFG00845018340	lncgDivg	1.1.1	3326
ENSMUSG00000021466	ENSMUSG00000113453	lincSS.up	n.1.1	47902	ENSCAFG00845003905	ENSCAFG00845003835	lincSS.up	1.1.1	8811
ENSMUSG00000021466	ENSMUSG00000113459	lncgDivg	n.1.1	1453	ENSCAFG00845003905	ENSCAFG00845003833	lncgDivg	1.1.1	3509
ENSMUSG00000021557	ENSMUSG00000114787	lincConv	n.1.1	22581	ENSCAFG00845005286	ENSCAFG00845005320	lincConv	n.1.1	24923
ENSMUSG00000021557	ENSMUSG00000114787	lincConv	n.1.1	22581	ENSCAFG00845005286	ENSCAFG00845005325	lincConv	1.1.1	73131
ENSMUSG00000021557	ENSMUSG00000114787	lincConv	n.1.1	22581	ENSCAFG00845005286	ENSCAFG00845005315	lincConv	1.1.1	9270
ENSMUSG00000021557	ENSMUSG00000114200	lincSS.dw	1.1.1	36441	ENSCAFG00845005286	ENSCAFG00845005327	lincSS.dw	1.1.1	74697
ENSMUSG00000021557	ENSMUSG00000114623	lincSS.dw	n.1.1	26488	ENSCAFG00845005286	ENSCAFG00845005327	lincSS.dw	1.1.1	74697
ENSMUSG00000021709	ENSMUSG00000114276	lincSS.up	1.1.1	25414	ENSCAFG00845010758	ENSCAFG00845010488	lincSS.up	1.1.1	16069
ENSMUSG00000021709	ENSMUSG00000114276	lincSS.up	1.1.1	25414	ENSCAFG00845010758	ENSCAFG00845010460	lincSS.up	1.1.1	35766
ENSMUSG00000021709	ENSMUSG00000114276	lincSS.up	1.1.1	25414	ENSCAFG00845010758	ENSCAFG00845010467	lincSS.up	1.1.1	30493
ENSMUSG00000021709	ENSMUSG00000114276	lincSS.up	1.1.1	25414	ENSCAFG00845010758	ENSCAFG00845010522	lincSS.up	1.1.1	8864
ENSMUSG00000021838	ENSMUSG00000072589	lncgConv	n.n.1	0	ENSCAFG00845004567	ENSCAFG00845014683	lncgConv	1.1.1	2040
ENSMUSG00000021838	ENSMUSG00000089870	lncgSS.dw	1.1.1	0	ENSCAFG00845004567	ENSCAFG00845014675	lncgSS.dw	1.1.1	1977
ENSMUSG00000021848	ENSMUSG00000098682	lncgDivg	n.n.1	0	ENSCAFG00845017045	ENSCAFG00845017086	lncgDivg	1.1.1	1132
ENSMUSG00000021944	ENSMUSG00000114898	lincDivg	n.n.n	45990	ENSCAFG00845019258	ENSCAFG00845019352	lincDivg	1.1.1	18993
ENSMUSG00000021991	ENSMUSG00000114815	lincDivg	n.1.1	13480	ENSCAFG00845026635	ENSCAFG00845027201	lincDivg	1.1.1	55453
ENSMUSG00000021991	ENSMUSG00000114570	lincSS.up	1.1.1	10502	ENSCAFG00845026635	ENSCAFG00845027164	lincSS.up	1.1.1	25687
ENSMUSG00000021991	ENSMUSG00000114774	lincSS.up	n.1.1	64964	ENSCAFG00845026635	ENSCAFG00845027164	lincSS.up	1.1.1	25687
ENSMUSG00000022012	ENSMUSG00000120850	lncgSS.dw	1.1.1	0	ENSCAFG00845010105	ENSCAFG00845010162	lncgSS.dw	1.1.1	3847
ENSMUSG00000022106	ENSMUSG00000120611	lincSS.up	1.1.1	15132	ENSCAFG00845025268	ENSCAFG00845025224	lincSS.up	1.1.1	5645
ENSMUSG00000022297	ENSMUSG00000115508	lncgSS.dw	1.1.1	2244	ENSCAFG00845008513	ENSCAFG00845008547	lncgSS.dw	1.1.1	275
ENSMUSG00000022332	ENSMUSG00000069996	lincSS.up	n.1.1	44844	ENSCAFG00845011046	ENSCAFG00845010957	lincSS.up	n.1.1	27780
ENSMUSG00000022346	ENSMUSG00000097039	lincSS.dw	n.1.1	47594	ENSCAFG00845012475	ENSCAFG00845012649	lincSS.dw	1.1.1	47755
ENSMUSG00000022346	ENSMUSG00000097039	lincSS.dw	n.1.1	47594	ENSCAFG00845012475	ENSCAFG00845012589	lincSS.dw	n.1.1	45154
ENSMUSG00000022404	ENSMUSG00000115970	lincSS.dw	n.n.n	6045	ENSCAFG00845019500	ENSCAFG00845019637	lincSS.dw	1.1.1	10854
ENSMUSG00000022546	ENSMUSG00000120401	lncgDivg	1.1.1	0	ENSCAFG00845011384	ENSCAFG00845011361	lncgDivg	1.1.1	1658
ENSMUSG00000022587	ENSMUSG00000116380	lincSS.up	1.1.1	18735	ENSCAFG00845014604	ENSCAFG00845014572	lincSS.up	n.1.1	10992
ENSMUSG00000022617	ENSMUSG00000079242	lncgDivg	1.1.1	0	ENSCAFG00845027398	ENSCAFG00845027295	lncgDivg	n.1.1	246
ENSMUSG00000022637	ENSMUSG00000116725	lincDivg	n.1.1	25730	ENSCAFG00845022767	ENSCAFG00845023181	lincDivg	1.1.1	47182
ENSMUSG00000022708	ENSMUSG00000116903	lncgDivg	1.1.1	0	ENSCAFG00845015177	ENSCAFG00845015227	lncgDivg	n.1.1	30068
ENSMUSG00000022708	ENSMUSG00000055370	lncgDivg	1.1.1	0	ENSCAFG00845015177	ENSCAFG00845015227	lncgDivg	n.1.1	30068
ENSMUSG00000022708	ENSMUSG00000085499	lncgDivg	1.1.1	0	ENSCAFG00845015177	ENSCAFG00845015227	lncgDivg	n.1.1	30068
ENSMUSG00000022708	ENSMUSG00000075070	lncgDivg	n.1.1	119	ENSCAFG00845015177	ENSCAFG00845015227	lncgDivg	n.1.1	30068
ENSMUSG00000022883	ENSMUSG00000116769	lincDivg	n.1.1	73979	ENSCAFG00845020071	ENSCAFG00845019932	lincDivg	1.1.1	34751
ENSMUSG00000022883	ENSMUSG00000116769	lincDivg	n.1.1	73979	ENSCAFG00845020071	ENSCAFG00845019893	lincDivg	1.1.1	59068
ENSMUSG00000022883	ENSMUSG00000116769	lincDivg	n.1.1	73979	ENSCAFG00845020071	ENSCAFG00845019904	lincDivg	1.1.1	54550
ENSMUSG00000022883	ENSMUSG00000116769	lincDivg	n.1.1	73979	ENSCAFG00845020071	ENSCAFG00845019942	lincDivg	1.1.1	20570
ENSMUSG00000022883	ENSMUSG00000116769	lincDivg	n.1.1	73979	ENSCAFG00845020071	ENSCAFG00845019915	lincDivg	1.1.1	44301
ENSMUSG00000022883	ENSMUSG00000116769	lincDivg	n.1.1	73979	ENSCAFG00845020071	ENSCAFG00845019958	lincDivg	1.1.1	15092
ENSMUSG00000022892	ENSMUSG00000115469	lncgDivg	1.1.1	0	ENSCAFG00845015660	ENSCAFG00845017653	lncgDivg	n.1.1	3
ENSMUSG00000022892	ENSMUSG00000114988	lncgDivg	1.1.1	0	ENSCAFG00845015660	ENSCAFG00845017653	lncgDivg	n.1.1	3
ENSMUSG00000022892	ENSMUSG00000115518	lncgDivg	1.1.1	0	ENSCAFG00845015660	ENSCAFG00845017653	lncgDivg	n.1.1	3
ENSMUSG00000022898	ENSMUSG00000116589	lncgConv	1.1.1	0	ENSCAFG00845028583	ENSCAFG00845028522	lncgConv	1.1.1	366
ENSMUSG00000022967	ENSMUSG00000116987	lincDivg	n.n.n	20349	ENSCAFG00845026778	ENSCAFG00845026725	lincDivg	1.1.1	14565
ENSMUSG00000022967	ENSMUSG00000084866	lincSS.up	n.1.1	15110	ENSCAFG00845026778	ENSCAFG00845026718	lincSS.up	1.1.1	11886
ENSMUSG00000024085	ENSMUSG00000091160	lncgDivg	1.1.1	0	ENSCAFG00845004163	ENSCAFG00845000171	lncgDivg	n.n.n	903
ENSMUSG00000024087	ENSMUSG00000117426	lincDivg	1.1.1	18813	ENSCAFG00845020438	ENSCAFG00845020563	lincDivg	1.1.1	48313
ENSMUSG00000024087	ENSMUSG00000117616	lincDivg	1.1.1	56901	ENSCAFG00845020438	ENSCAFG00845020563	lincDivg	1.1.1	48313
ENSMUSG00000024098	ENSMUSG00000117229	lincConv	n.1.1	5490	ENSCAFG00845004527	ENSCAFG00845004593	lincConv	1.1.1	12693
ENSMUSG00000024135	ENSMUSG00000117501	lincSS.dw	n.1.1	56058	ENSCAFG00845027248	ENSCAFG00845027133	lincSS.dw	1.1.1	28850
ENSMUSG00000024135	ENSMUSG00000117501	lincSS.dw	n.1.1	56058	ENSCAFG00845027248	ENSCAFG00845027119	lincSS.dw	1.1.1	96169
ENSMUSG00000024206	ENSMUSG00000121209	lncgDivg	1.1.1	0	ENSCAFG00845011818	ENSCAFG00845011782	lncgDivg	1.1.1	1
ENSMUSG00000024268	ENSMUSG00000114511	lncgDivg	1.1.1	0	ENSCAFG00845004209	ENSCAFG00845004142	lncgDivg	n.1.1	1550
ENSMUSG00000024268	ENSMUSG00000114306	lncgDivg	1.1.1	0	ENSCAFG00845004209	ENSCAFG00845004142	lncgDivg	n.1.1	1550
ENSMUSG00000024268	ENSMUSG00000120137	lncgDivg	n.1.1	227	ENSCAFG00845004209	ENSCAFG00845004142	lncgDivg	n.1.1	1550
ENSMUSG00000024304	ENSMUSG00000085575	lncgDivg	1.1.1	0	ENSCAFG00845012116	ENSCAFG00845012049	lncgDivg	1.1.1	250
ENSMUSG00000024335	ENSMUSG00000117772	lncgConv	1.1.1	2200	ENSCAFG00845018726	ENSCAFG00845018903	lncgConv	1.1.1	3207
ENSMUSG00000024347	ENSMUSG00000120345	lncgSS.up	1.1.1	4563	ENSCAFG00845001040	ENSCAFG00845001011	lncgSS.up	1.1.1	2813
ENSMUSG00000024376	ENSMUSG00000087590	lncgConv	n.1.1	330	ENSCAFG00845003607	ENSCAFG00845003724	lncgConv	1.1.1	4296
ENSMUSG00000024381	ENSMUSG00000097413	lncgDivg	n.n.1	0	ENSCAFG00845023270	ENSCAFG00845022927	lncgDivg	1.1.1	2156
ENSMUSG00000024411	ENSMUSG00000117645	lincConv	1.1.1	27190	ENSCAFG00845012372	ENSCAFG00845012449	lincConv	1.1.1	37343
ENSMUSG00000024524	ENSMUSG00000117868	lincDivg	1.1.1	56698	ENSCAFG00845004832	ENSCAFG00845004812	lincDivg	1.1.1	59734
ENSMUSG00000024565	ENSMUSG00000098720	lncgDivg	1.1.1	685	ENSCAFG00845000191	ENSCAFG00845000262	lncgDivg	1.1.1	1739
ENSMUSG00000024578	ENSMUSG00000120623	lincDivg	1.1.1	38208	ENSCAFG00845009566	ENSCAFG00845009524	lincDivg	n.1.1	24367
ENSMUSG00000024578	ENSMUSG00000097324	lincDivg	n.1.1	19350	ENSCAFG00845009566	ENSCAFG00845009524	lincDivg	n.1.1	24367
ENSMUSG00000024750	ENSMUSG00000118090	lincSS.up	1.1.1	60305	ENSCAFG00845000056	ENSCAFG00845000051	lincSS.up	1.1.1	63482
ENSMUSG00000024897	ENSMUSG00000117685	lincDivg	1.1.1	10886	ENSCAFG00845000845	ENSCAFG00845000824	lincDivg	1.1.1	7589
ENSMUSG00000024921	ENSMUSG00000093628	lncgDivg	n.1.1	0	ENSCAFG00845002161	ENSCAFG00845002071	lncgDivg	1.1.1	1811
ENSMUSG00000024924	ENSMUSG00000118020	lincDivg	1.1.1	24475	ENSCAFG00845002345	ENSCAFG00845002310	lincDivg	1.1.1	94183
ENSMUSG00000024941	ENSMUSG00000092341	lincSS.up	n.1.1	24270	ENSCAFG00845023673	ENSCAFG00845024046	lincSS.up	1.1.1	23078
ENSMUSG00000024941	ENSMUSG00000092341	lincSS.up	n.1.1	24270	ENSCAFG00845023673	ENSCAFG00845024060	lincSS.up	1.1.1	26522
ENSMUSG00000025078	ENSMUSG00000117890	lincConv	1.1.1	53008	ENSCAFG00845030495	ENSCAFG00845030508	lincConv	1.1.1	23364
ENSMUSG00000025086	ENSMUSG00000118178	lincSS.dw	1.1.1	31252	ENSCAFG00845030859	ENSCAFG00845030880	lincSS.dw	1.1.1	16899
ENSMUSG00000025086	ENSMUSG00000118178	lincSS.dw	1.1.1	31252	ENSCAFG00845030859	ENSCAFG00845030878	lincSS.dw	1.1.1	6255
ENSMUSG00000025086	ENSMUSG00000117655	lincSS.dw	n.1.1	17559	ENSCAFG00845030859	ENSCAFG00845030880	lincSS.dw	1.1.1	16899
ENSMUSG00000025086	ENSMUSG00000117655	lincSS.dw	n.1.1	17559	ENSCAFG00845030859	ENSCAFG00845030878	lincSS.dw	1.1.1	6255
ENSMUSG00000025608	ENSMUSG00000086804	lincDivg	n.1.1	41209	ENSCAFG00845015545	ENSCAFG00845015499	lincDivg	1.1.1	55714
ENSMUSG00000025608	ENSMUSG00000086732	lincDivg	1.1.1	10986	ENSCAFG00845015545	ENSCAFG00845015499	lincDivg	1.1.1	55714
ENSMUSG00000025810	ENSMUSG00000121092	lncgSS.dw	1.1.1	1580	ENSCAFG00845002787	ENSCAFG00845002857	lncgSS.dw	n.1.1	3601
ENSMUSG00000025916	ENSMUSG00000087199	lncgDivg	1.1.1	0	ENSCAFG00845020351	ENSCAFG00845020529	lncgDivg	1.1.1	266
ENSMUSG00000025929	ENSMUSG00000099906	lincSS.up	n.1.1	46607	ENSCAFG00845008776	ENSCAFG00845008716	lincSS.up	n.1.1	47993
ENSMUSG00000025997	ENSMUSG00000100354	lincSS.dw	1.1.1	37426	ENSCAFG00845019777	ENSCAFG00845019690	lincSS.dw	n.1.1	59389
ENSMUSG00000026012	ENSMUSG00000120928	lincSS.up	1.1.1	11462	ENSCAFG00845018097	ENSCAFG00845018024	lincSS.up	1.1.1	44964
ENSMUSG00000026109	ENSMUSG00000101242	lncgDivg	1.1.1	0	ENSCAFG00845020476	ENSCAFG00845020648	lncgDivg	n.1.1	1415
ENSMUSG00000026311	ENSMUSG00000101705	lincSS.dw	1.1.1	51817	ENSCAFG00845030187	ENSCAFG00845030248	lincSS.dw	1.1.1	87330
ENSMUSG00000026311	ENSMUSG00000101705	lincSS.dw	1.1.1	51817	ENSCAFG00845030187	ENSCAFG00845030241	lincSS.dw	1.1.1	40730
ENSMUSG00000026335	ENSMUSG00000100711	lincDivg	1.1.1	78002	ENSCAFG00845001601	ENSCAFG00845001870	lincDivg	1.1.1	90067
ENSMUSG00000026335	ENSMUSG00000100711	lincDivg	1.1.1	78002	ENSCAFG00845001601	ENSCAFG00845001772	lincDivg	1.1.1	9326
ENSMUSG00000026335	ENSMUSG00000100711	lincDivg	1.1.1	78002	ENSCAFG00845001601	ENSCAFG00845001811	lincDivg	1.1.1	45459
ENSMUSG00000026335	ENSMUSG00000100711	lincDivg	1.1.1	78002	ENSCAFG00845001601	ENSCAFG00845001817	lincDivg	1.1.1	58772
ENSMUSG00000026335	ENSMUSG00000100711	lincDivg	1.1.1	78002	ENSCAFG00845001601	ENSCAFG00845001849	lincDivg	1.1.1	74382
ENSMUSG00000026335	ENSMUSG00000100711	lincDivg	1.1.1	78002	ENSCAFG00845001601	ENSCAFG00845001792	lincDivg	1.1.1	32324
ENSMUSG00000026335	ENSMUSG00000100711	lincDivg	1.1.1	78002	ENSCAFG00845001601	ENSCAFG00845001779	lincDivg	1.1.1	27675
ENSMUSG00000026335	ENSMUSG00000100711	lincDivg	1.1.1	78002	ENSCAFG00845001601	ENSCAFG00845001857	lincDivg	1.1.1	84023
ENSMUSG00000026335	ENSMUSG00000100182	lincDivg	n.1.1	35783	ENSCAFG00845001601	ENSCAFG00845001870	lincDivg	1.1.1	90067
ENSMUSG00000026335	ENSMUSG00000100182	lincDivg	n.1.1	35783	ENSCAFG00845001601	ENSCAFG00845001772	lincDivg	1.1.1	9326
ENSMUSG00000026335	ENSMUSG00000100182	lincDivg	n.1.1	35783	ENSCAFG00845001601	ENSCAFG00845001811	lincDivg	1.1.1	45459
ENSMUSG00000026335	ENSMUSG00000100182	lincDivg	n.1.1	35783	ENSCAFG00845001601	ENSCAFG00845001817	lincDivg	1.1.1	58772
ENSMUSG00000026335	ENSMUSG00000100182	lincDivg	n.1.1	35783	ENSCAFG00845001601	ENSCAFG00845001849	lincDivg	1.1.1	74382
ENSMUSG00000026335	ENSMUSG00000100182	lincDivg	n.1.1	35783	ENSCAFG00845001601	ENSCAFG00845001792	lincDivg	1.1.1	32324
ENSMUSG00000026335	ENSMUSG00000100182	lincDivg	n.1.1	35783	ENSCAFG00845001601	ENSCAFG00845001779	lincDivg	1.1.1	27675
ENSMUSG00000026335	ENSMUSG00000100182	lincDivg	n.1.1	35783	ENSCAFG00845001601	ENSCAFG00845001857	lincDivg	1.1.1	84023
ENSMUSG00000026395	ENSMUSG00000098206	lincConv	1.1.1	92943	ENSCAFG00845023211	ENSCAFG00845022979	lincConv	1.1.1	17992
ENSMUSG00000026395	ENSMUSG00000098243	lincConv	n.1.1	53083	ENSCAFG00845023211	ENSCAFG00845022979	lincConv	1.1.1	17992
ENSMUSG00000026657	ENSMUSG00000102357	lncgSS.dw	1.1.1	0	ENSCAFG00845015450	ENSCAFG00845016228	lncgSS.dw	1.1.1	4660
ENSMUSG00000026657	ENSMUSG00000102357	lncgSS.dw	1.1.1	0	ENSCAFG00845015450	ENSCAFG00845016216	lncgSS.dw	1.1.1	1066
ENSMUSG00000026657	ENSMUSG00000086921	lncgSS.dw	1.1.1	0	ENSCAFG00845015450	ENSCAFG00845016228	lncgSS.dw	1.1.1	4660
ENSMUSG00000026657	ENSMUSG00000086921	lncgSS.dw	1.1.1	0	ENSCAFG00845015450	ENSCAFG00845016216	lncgSS.dw	1.1.1	1066
ENSMUSG00000026657	ENSMUSG00000102517	lncgSS.dw	1.1.1	0	ENSCAFG00845015450	ENSCAFG00845016228	lncgSS.dw	1.1.1	4660
ENSMUSG00000026657	ENSMUSG00000102517	lncgSS.dw	1.1.1	0	ENSCAFG00845015450	ENSCAFG00845016216	lncgSS.dw	1.1.1	1066
ENSMUSG00000026657	ENSMUSG00000102136	lncgSS.dw	1.1.1	0	ENSCAFG00845015450	ENSCAFG00845016228	lncgSS.dw	1.1.1	4660
ENSMUSG00000026657	ENSMUSG00000102136	lncgSS.dw	1.1.1	0	ENSCAFG00845015450	ENSCAFG00845016216	lncgSS.dw	1.1.1	1066
ENSMUSG00000026657	ENSMUSG00000102816	lncgSS.dw	1.1.1	0	ENSCAFG00845015450	ENSCAFG00845016228	lncgSS.dw	1.1.1	4660
ENSMUSG00000026657	ENSMUSG00000102816	lncgSS.dw	1.1.1	0	ENSCAFG00845015450	ENSCAFG00845016216	lncgSS.dw	1.1.1	1066
ENSMUSG00000026657	ENSMUSG00000102494	lncgSS.dw	1.1.1	0	ENSCAFG00845015450	ENSCAFG00845016228	lncgSS.dw	1.1.1	4660
ENSMUSG00000026657	ENSMUSG00000102494	lncgSS.dw	1.1.1	0	ENSCAFG00845015450	ENSCAFG00845016216	lncgSS.dw	1.1.1	1066
ENSMUSG00000026657	ENSMUSG00000104284	lncgSS.dw	1.1.1	0	ENSCAFG00845015450	ENSCAFG00845016228	lncgSS.dw	1.1.1	4660
ENSMUSG00000026657	ENSMUSG00000104284	lncgSS.dw	1.1.1	0	ENSCAFG00845015450	ENSCAFG00845016216	lncgSS.dw	1.1.1	1066
ENSMUSG00000026735	ENSMUSG00000109733	lincSS.up	1.1.1	15220	ENSCAFG00845006739	ENSCAFG00845006763	lincSS.up	1.1.1	13725
ENSMUSG00000026766	ENSMUSG00000115545	lincDivg	1.1.1	83599	ENSCAFG00845007815	ENSCAFG00845007953	lincDivg	n.n.n	83984
ENSMUSG00000026766	ENSMUSG00000085862	lncgDivg	n.1.1	104	ENSCAFG00845007815	ENSCAFG00845007905	lncgDivg	1.1.1	138
ENSMUSG00000026917	ENSMUSG00000120033	lincConv	1.1.1	59124	ENSCAFG00845011994	ENSCAFG00845012067	lincConv	1.1.1	14003
ENSMUSG00000027011	ENSMUSG00000120236	lincConv	1.1.1	43201	ENSCAFG00845026988	ENSCAFG00845027055	lincConv	1.1.1	12761
ENSMUSG00000027011	ENSMUSG00000120236	lincConv	1.1.1	43201	ENSCAFG00845026988	ENSCAFG00845027042	lincConv	1.1.1	9398
ENSMUSG00000027011	ENSMUSG00000120236	lincConv	1.1.1	43201	ENSCAFG00845026988	ENSCAFG00845027064	lincConv	1.1.1	51007
ENSMUSG00000027111	ENSMUSG00000064263	lincSS.up	n.1.1	14640	ENSCAFG00845028626	ENSCAFG00845028545	lincSS.up	1.1.1	36084
ENSMUSG00000027111	ENSMUSG00000064263	lincSS.up	n.1.1	14640	ENSCAFG00845028626	ENSCAFG00845028553	lincSS.up	1.1.1	6701
ENSMUSG00000027200	ENSMUSG00000086954	lncgDivg	1.1.1	0	ENSCAFG00845018164	ENSCAFG00845018049	lncgDivg	1.1.1	2251
ENSMUSG00000027200	ENSMUSG00000085496	lncgDivg	1.1.1	0	ENSCAFG00845018164	ENSCAFG00845018049	lncgDivg	1.1.1	2251
ENSMUSG00000027346	ENSMUSG00000086379	lincConv	n.1.1	15180	ENSCAFG00845027927	ENSCAFG00845028099	lincConv	1.1.1	42257
ENSMUSG00000027506	ENSMUSG00000103116	lincDivg	1.1.1	57241	ENSCAFG00845014452	ENSCAFG00845014581	lincDivg	1.1.1	89558
ENSMUSG00000027508	ENSMUSG00000120107	lincDivg	1.1.1	19588	ENSCAFG00845014770	ENSCAFG00845014816	lincDivg	1.1.1	50967
ENSMUSG00000027508	ENSMUSG00000120107	lincDivg	1.1.1	19588	ENSCAFG00845014770	ENSCAFG00845014794	lincDivg	1.1.1	8329
ENSMUSG00000027508	ENSMUSG00000120107	lincDivg	1.1.1	19588	ENSCAFG00845014770	ENSCAFG00845014805	lincDivg	1.1.1	33701
ENSMUSG00000027508	ENSMUSG00000120107	lincDivg	1.1.1	19588	ENSCAFG00845014770	ENSCAFG00845014811	lincDivg	1.1.1	40583
ENSMUSG00000027508	ENSMUSG00000120107	lincDivg	1.1.1	19588	ENSCAFG00845014770	ENSCAFG00845014799	lincDivg	1.1.1	26692
ENSMUSG00000027782	ENSMUSG00000094763	lncgDivg	1.1.1	4120	ENSCAFG00845027853	ENSCAFG00845028107	lncgDivg	1.1.1	673
ENSMUSG00000027797	ENSMUSG00000106334	lincConv	1.1.1	39037	ENSCAFG00845028832	ENSCAFG00845029051	lincConv	1.1.1	6766
ENSMUSG00000027870	ENSMUSG00000085121	lincSS.up	1.1.1	44410	ENSCAFG00845006278	ENSCAFG00845006244	lincSS.up	1.1.1	25434
ENSMUSG00000027931	ENSMUSG00000087411	lncgDivg	1.1.1	0	ENSCAFG00845001483	ENSCAFG00845001682	lncgDivg	1.1.1	1228
ENSMUSG00000027978	ENSMUSG00000104960	lncgConv	n.1.1	948	ENSCAFG00845029625	ENSCAFG00845029601	lncgConv	1.1.1	435
ENSMUSG00000028266	ENSMUSG00000120269	lincConv	1.1.1	22730	ENSCAFG00845019328	ENSCAFG00845019278	lincConv	1.1.1	36880
ENSMUSG00000028266	ENSMUSG00000120269	lincConv	1.1.1	22730	ENSCAFG00845019328	ENSCAFG00845019300	lincConv	1.1.1	19753
ENSMUSG00000028266	ENSMUSG00000106367	lincSS.dw	1.1.1	52776	ENSCAFG00845019328	ENSCAFG00845019287	lincSS.dw	1.1.1	33119
ENSMUSG00000028266	ENSMUSG00000106367	lincSS.dw	1.1.1	52776	ENSCAFG00845019328	ENSCAFG00845019310	lincSS.dw	1.1.1	19753
ENSMUSG00000028284	ENSMUSG00000120487	lincDivg	1.1.1	86548	ENSCAFG00845008051	ENSCAFG00845008142	lincDivg	1.1.1	23533
ENSMUSG00000028300	ENSMUSG00000084828	lncgDivg	n.1.1	0	ENSCAFG00845018783	ENSCAFG00845018927	lncgDivg	n.1.1	1208
ENSMUSG00000028399	ENSMUSG00000092492	lncgDivg	n.n.1	0	ENSCAFG00845026437	ENSCAFG00845027822	lncgDivg	1.1.1	179
ENSMUSG00000028399	ENSMUSG00000110373	lncgDivg	1.1.1	0	ENSCAFG00845026437	ENSCAFG00845027822	lncgDivg	1.1.1	179
ENSMUSG00000028519	ENSMUSG00000087482	lincDivg	1.1.1	68677	ENSCAFG00845013616	ENSCAFG00845007606	lincDivg	1.1.1	86175
ENSMUSG00000028519	ENSMUSG00000087482	lincDivg	1.1.1	68677	ENSCAFG00845013616	ENSCAFG00845013530	lincDivg	1.1.1	36708
ENSMUSG00000028519	ENSMUSG00000087482	lincDivg	1.1.1	68677	ENSCAFG00845013616	ENSCAFG00845013538	lincDivg	1.1.1	7813
ENSMUSG00000028519	ENSMUSG00000087482	lincDivg	1.1.1	68677	ENSCAFG00845013616	ENSCAFG00845013519	lincDivg	1.1.1	58394
ENSMUSG00000028519	ENSMUSG00000087482	lincDivg	1.1.1	68677	ENSCAFG00845013616	ENSCAFG00845013523	lincDivg	1.1.1	45705
ENSMUSG00000028519	ENSMUSG00000087482	lincDivg	1.1.1	68677	ENSCAFG00845013616	ENSCAFG00845013510	lincDivg	1.1.1	64311
ENSMUSG00000028519	ENSMUSG00000087482	lincDivg	1.1.1	68677	ENSCAFG00845013616	ENSCAFG00845013503	lincDivg	1.1.1	79113
ENSMUSG00000028519	ENSMUSG00000087482	lincDivg	1.1.1	68677	ENSCAFG00845013616	ENSCAFG00845013537	lincDivg	1.1.1	24183
ENSMUSG00000028519	ENSMUSG00000087482	lincDivg	1.1.1	68677	ENSCAFG00845013616	ENSCAFG00845007595	lincDivg	1.1.1	98710
ENSMUSG00000028519	ENSMUSG00000087482	lincDivg	1.1.1	68677	ENSCAFG00845013616	ENSCAFG00845013508	lincDivg	1.1.1	77802
ENSMUSG00000028578	ENSMUSG00000087128	lincSS.dw	n.1.1	22843	ENSCAFG00845017294	ENSCAFG00845017261	lincSS.dw	1.1.1	36896
ENSMUSG00000028578	ENSMUSG00000087128	lincSS.dw	n.1.1	22843	ENSCAFG00845017294	ENSCAFG00845017276	lincSS.dw	1.1.1	9479
ENSMUSG00000028578	ENSMUSG00000085931	lincSS.dw	1.1.1	74493	ENSCAFG00845017294	ENSCAFG00845017261	lincSS.dw	1.1.1	36896
ENSMUSG00000028578	ENSMUSG00000085931	lincSS.dw	1.1.1	74493	ENSCAFG00845017294	ENSCAFG00845017276	lincSS.dw	1.1.1	9479
ENSMUSG00000028645	ENSMUSG00000086683	lncgDivg	1.1.1	0	ENSCAFG00845015278	ENSCAFG00845015237	lncgDivg	1.1.1	266
ENSMUSG00000028645	ENSMUSG00000120599	lncgSS.up	1.1.1	1382	ENSCAFG00845015278	ENSCAFG00845015225	lncgSS.up	1.1.1	259
ENSMUSG00000028792	ENSMUSG00000120256	lincConv	1.1.1	9690	ENSCAFG00845005127	ENSCAFG00845005161	lincConv	1.1.1	13767
ENSMUSG00000028898	ENSMUSG00000086290	lncgConv	n.1.1	312	ENSCAFG00845009934	ENSCAFG00845009830	lncgConv	1.1.1	27
ENSMUSG00000028909	ENSMUSG00000086856	lincSS.dw	1.1.1	57949	ENSCAFG00845007699	ENSCAFG00845007539	lincSS.dw	1.1.1	53696
ENSMUSG00000028909	ENSMUSG00000087171	lincSS.dw	n.1.1	90612	ENSCAFG00845007699	ENSCAFG00845007539	lincSS.dw	1.1.1	53696
ENSMUSG00000028911	ENSMUSG00000085667	lncgConv	n.n.n	0	ENSCAFG00845008307	ENSCAFG00845008353	lncgConv	1.1.1	4766
ENSMUSG00000028967	ENSMUSG00000085097	lincSS.up	1.1.1	14344	ENSCAFG00845027497	ENSCAFG00845027520	lincSS.up	n.1.1	44268
ENSMUSG00000028988	ENSMUSG00000086949	lncgConv	1.1.1	0	ENSCAFG00845029139	ENSCAFG00845029115	lncgConv	1.1.1	256
ENSMUSG00000029004	ENSMUSG00000120367	lncgSS.up	1.1.1	149	ENSCAFG00845028434	ENSCAFG00845028639	lncgSS.up	1.1.1	4427
ENSMUSG00000029111	ENSMUSG00000106688	lincSS.up	1.1.1	11167	ENSCAFG00845012841	ENSCAFG00845012817	lincSS.up	1.1.1	8638
ENSMUSG00000029595	ENSMUSG00000098649	lncgDivg	n.1.1	0	ENSCAFG00845024211	ENSCAFG00845024262	lncgDivg	1.1.1	490
ENSMUSG00000029641	ENSMUSG00000120797	lincConv	1.1.1	34891	ENSCAFG00845025821	ENSCAFG00845025799	lincConv	1.1.1	48400
ENSMUSG00000029648	ENSMUSG00000106845	lincDivg	1.1.1	19505	ENSCAFG00845023188	ENSCAFG00845022967	lincDivg	1.1.1	71573
ENSMUSG00000029648	ENSMUSG00000106845	lincDivg	1.1.1	19505	ENSCAFG00845023188	ENSCAFG00845022973	lincDivg	1.1.1	39024
ENSMUSG00000029757	ENSMUSG00000085416	lncgDivg	1.1.1	0	ENSCAFG00845021237	ENSCAFG00845021146	lncgDivg	n.n.n	74
ENSMUSG00000029822	ENSMUSG00000121037	lincSS.up	n.1.1	43348	ENSCAFG00845010396	ENSCAFG00845010698	lincSS.up	1.1.1	16303
ENSMUSG00000030269	ENSMUSG00000090194	lncgDivg	1.1.1	0	ENSCAFG00845009554	ENSCAFG00845009640	lncgDivg	1.1.1	222
ENSMUSG00000030279	ENSMUSG00000108094	lincSS.up	1.1.1	9073	ENSCAFG00845013960	ENSCAFG00845013844	lincSS.up	1.1.1	10230
ENSMUSG00000030283	ENSMUSG00000072683	lncgConv	n.n.1	0	ENSCAFG00845014219	ENSCAFG00845014259	lncgConv	1.1.1	2323
ENSMUSG00000030306	ENSMUSG00000108148	lncgDivg	1.1.1	0	ENSCAFG00845020800	ENSCAFG00845020623	lncgDivg	1.1.1	1211
ENSMUSG00000030549	ENSMUSG00000108616	lincConv	n.1.1	33330	ENSCAFG00845000295	ENSCAFG00845000264	lincConv	1.1.1	24965
ENSMUSG00000030549	ENSMUSG00000108373	lincSS.dw	n.1.1	14284	ENSCAFG00845000295	ENSCAFG00845000253	lincSS.dw	1.1.1	34105
ENSMUSG00000030610	ENSMUSG00000108603	lncgConv	1.1.1	884	ENSCAFG00845003631	ENSCAFG00845003620	lncgConv	1.1.1	132
ENSMUSG00000030629	ENSMUSG00000085236	lncgDivg	n.n.n	0	ENSCAFG00845005002	ENSCAFG00845005014	lncgDivg	1.1.1	4544
ENSMUSG00000030759	ENSMUSG00000084984	lncgDivg	n.1.1	0	ENSCAFG00845020980	ENSCAFG00845020891	lncgDivg	n.1.1	4239
ENSMUSG00000031077	ENSMUSG00000073778	lncgConv	1.1.1	0	ENSCAFG00845014582	ENSCAFG00845014571	lncgConv	1.1.1	2589
ENSMUSG00000031330	ENSMUSG00000086370	lincDivg	n.1.1	13632	ENSCAFG00845029957	ENSCAFG00845029920	lincDivg	n.1.1	11907
ENSMUSG00000031647	ENSMUSG00000109992	lincSS.dw	1.1.1	42562	ENSCAFG00845028385	ENSCAFG00845028348	lincSS.dw	1.1.1	11550
ENSMUSG00000031654	ENSMUSG00000097992	lncgSS.up	1.1.1	3446	ENSCAFG00845004446	ENSCAFG00845004438	lncgSS.up	1.1.1	636
ENSMUSG00000031672	ENSMUSG00000110634	lincDivg	1.1.1	22027	ENSCAFG00845001418	ENSCAFG00845001405	lincDivg	1.1.1	65246
ENSMUSG00000031826	ENSMUSG00000121139	lncgSS.dw	1.1.1	0	ENSCAFG00845004628	ENSCAFG00845004608	lncgSS.dw	1.1.1	15
ENSMUSG00000031871	ENSMUSG00000110053	lncgDivg	1.1.1	0	ENSCAFG00845012097	ENSCAFG00845012137	lncgDivg	n.1.1	839
ENSMUSG00000031965	ENSMUSG00000111275	lncgDivg	1.1.1	2164	ENSCAFG00845028609	ENSCAFG00845028651	lncgDivg	n.1.1	10285
ENSMUSG00000032009	ENSMUSG00000111803	lincSS.up	1.1.1	56884	ENSCAFG00845018942	ENSCAFG00845018902	lincSS.up	1.1.1	28374
ENSMUSG00000032011	ENSMUSG00000111637	lincDivg	1.1.1	63907	ENSCAFG00845014436	ENSCAFG00845014420	lincDivg	1.1.1	28458
ENSMUSG00000032011	ENSMUSG00000111758	lincDivg	n.1.1	73131	ENSCAFG00845014436	ENSCAFG00845014420	lincDivg	1.1.1	28458
ENSMUSG00000032036	ENSMUSG00000110925	lincSS.up	1.1.1	8838	ENSCAFG00845009016	ENSCAFG00845008967	lincSS.up	1.1.1	21961
ENSMUSG00000032036	ENSMUSG00000053889	lncgDivg	1.1.1	0	ENSCAFG00845009016	ENSCAFG00845008952	lncgDivg	n.1.1	2698
ENSMUSG00000032053	ENSMUSG00000111862	lncgSS.dw	1.1.1	0	ENSCAFG00845002603	ENSCAFG00845002623	lncgSS.dw	1.1.1	2415
ENSMUSG00000032098	ENSMUSG00000110755	lncgDivg	n.1.1	967	ENSCAFG00845001261	ENSCAFG00845001229	lncgDivg	1.1.1	164
ENSMUSG00000032178	ENSMUSG00000097665	lncgConv	1.1.1	0	ENSCAFG00845024192	ENSCAFG00845024033	lncgConv	1.1.1	148
ENSMUSG00000032249	ENSMUSG00000121050	lncgSS.dw	1.1.1	0	ENSCAFG00845019800	ENSCAFG00845019771	lncgSS.dw	1.1.1	2035
ENSMUSG00000032289	ENSMUSG00000111809	lincDivg	n.1.1	5167	ENSCAFG00845022941	ENSCAFG00845022886	lincDivg	1.1.1	38206
ENSMUSG00000032289	ENSMUSG00000111809	lincDivg	n.1.1	5167	ENSCAFG00845022941	ENSCAFG00845022908	lincDivg	1.1.1	24426
ENSMUSG00000032350	ENSMUSG00000111225	lincDivg	1.1.1	24256	ENSCAFG00845010300	ENSCAFG00845010420	lincDivg	n.n.n	12417
ENSMUSG00000032350	ENSMUSG00000111014	lincDivg	1.1.1	21267	ENSCAFG00845010300	ENSCAFG00845010420	lincDivg	n.n.n	12417
ENSMUSG00000032368	ENSMUSG00000101608	lincConv	1.1.1	17180	ENSCAFG00845021895	ENSCAFG00845021980	lincConv	1.1.1	91194
ENSMUSG00000032368	ENSMUSG00000101608	lincConv	1.1.1	17180	ENSCAFG00845021895	ENSCAFG00845021968	lincConv	1.1.1	27649
ENSMUSG00000032436	ENSMUSG00000052724	lncgDivg	1.1.1	0	ENSCAFG00845021847	ENSCAFG00845021917	lncgDivg	1.1.1	169
ENSMUSG00000032532	ENSMUSG00000110814	lincDivg	1.1.1	27881	ENSCAFG00845019239	ENSCAFG00845019292	lincDivg	1.1.1	10014
ENSMUSG00000032540	ENSMUSG00000111146	lincConv	n.1.1	54294	ENSCAFG00845020085	ENSCAFG00845020052	lincConv	1.1.1	55277
ENSMUSG00000032540	ENSMUSG00000111192	lincSS.dw	1.1.1	40612	ENSCAFG00845020085	ENSCAFG00845020062	lincSS.dw	1.1.1	55280
ENSMUSG00000032615	ENSMUSG00000084766	lincSS.dw	1.1.1	17406	ENSCAFG00845024249	ENSCAFG00845024153	lincSS.dw	1.1.1	29180
ENSMUSG00000032615	ENSMUSG00000084766	lincSS.dw	1.1.1	17406	ENSCAFG00845024249	ENSCAFG00845024165	lincSS.dw	1.1.1	10913
ENSMUSG00000032733	ENSMUSG00000111629	lncgDivg	1.1.1	3260	ENSCAFG00845020696	ENSCAFG00845020663	lncgDivg	1.1.1	292
ENSMUSG00000032841	ENSMUSG00000087465	lncgDivg	1.1.1	0	ENSCAFG00845020467	ENSCAFG00845020642	lncgDivg	1.1.1	1464
ENSMUSG00000032913	ENSMUSG00000022187	lincSS.dw	1.1.1	29805	ENSCAFG00845006193	ENSCAFG00845006164	lincSS.dw	1.1.1	8693
ENSMUSG00000032977	ENSMUSG00000112818	lincConv	1.1.1	15032	ENSCAFG00845021885	ENSCAFG00845021920	lincConv	1.1.1	7938
ENSMUSG00000033006	ENSMUSG00000075555	lncgDivg	n.n.n	7480	ENSCAFG00845005267	ENSCAFG00845005255	lncgDivg	1.1.1	1473
ENSMUSG00000033014	ENSMUSG00000104925	lncgSS.dw	1.1.1	0	ENSCAFG00845024048	ENSCAFG00845023999	lncgSS.dw	1.1.1	2234
ENSMUSG00000033060	ENSMUSG00000053821	lncgDivg	n.1.1	142	ENSCAFG00845025227	ENSCAFG00845025097	lncgDivg	1.1.1	922
ENSMUSG00000033102	ENSMUSG00000097101	lncgDivg	n.n.1	0	ENSCAFG00845003296	ENSCAFG00845003214	lncgDivg	n.1.1	433
ENSMUSG00000033214	ENSMUSG00000120285	lncgDivg	n.1.1	262	ENSCAFG00845006790	ENSCAFG00845006662	lncgDivg	n.1.1	336
ENSMUSG00000033228	ENSMUSG00000120309	lncgSS.up	n.1.1	11700	ENSCAFG00845027751	ENSCAFG00845027696	lncgSS.up	1.1.1	1666
ENSMUSG00000033287	ENSMUSG00000115854	lncgDivg	1.1.1	4371	ENSCAFG00845007741	ENSCAFG00845007826	lncgDivg	1.1.1	261
ENSMUSG00000033323	ENSMUSG00000120406	lncgDivg	1.1.1	429	ENSCAFG00845000045	ENSCAFG00845000055	lncgDivg	1.1.1	631
ENSMUSG00000033323	ENSMUSG00000118070	lncgDivg	1.1.1	0	ENSCAFG00845000045	ENSCAFG00845000055	lncgDivg	1.1.1	631
ENSMUSG00000033352	ENSMUSG00000120678	lincSS.dw	n.1.1	38391	ENSCAFG00845003515	ENSCAFG00845003575	lincSS.dw	1.1.1	38755
ENSMUSG00000033352	ENSMUSG00000120678	lincSS.dw	n.1.1	38391	ENSCAFG00845003515	ENSCAFG00845003570	lincSS.dw	1.1.1	31623
ENSMUSG00000033499	ENSMUSG00000113543	lincDivg	n.n.n	17460	ENSCAFG00845000398	ENSCAFG00845000368	lincDivg	1.1.1	21159
ENSMUSG00000033510	ENSMUSG00000108421	lincSS.dw	1.1.1	6846	ENSCAFG00845020217	ENSCAFG00845020598	lincSS.dw	1.1.1	15898
ENSMUSG00000033722	ENSMUSG00000120842	lncgDivg	1.1.1	138	ENSCAFG00845002551	ENSCAFG00845002528	lncgDivg	1.1.1	1635
ENSMUSG00000033722	ENSMUSG00000103670	lncgDivg	1.1.1	0	ENSCAFG00845002551	ENSCAFG00845002528	lncgDivg	1.1.1	1635
ENSMUSG00000033960	ENSMUSG00000117521	lincSS.up	1.1.1	18814	ENSCAFG00845011470	ENSCAFG00845011525	lincSS.up	1.1.1	21217
ENSMUSG00000033960	ENSMUSG00000117521	lincSS.up	1.1.1	18814	ENSCAFG00845011470	ENSCAFG00845011508	lincSS.up	1.1.1	18237
ENSMUSG00000033960	ENSMUSG00000117521	lincSS.up	1.1.1	18814	ENSCAFG00845011470	ENSCAFG00845011489	lincSS.up	1.1.1	12468
ENSMUSG00000034021	ENSMUSG00000107047	lincConv	1.1.1	53273	ENSCAFG00845014958	ENSCAFG00845014882	lincConv	1.1.1	7248
ENSMUSG00000034271	ENSMUSG00000113165	lncgDivg	1.1.1	0	ENSCAFG00845015414	ENSCAFG00845015385	lncgDivg	1.1.1	3786
ENSMUSG00000034312	ENSMUSG00000107999	lncgDivg	1.1.1	0	ENSCAFG00845021688	ENSCAFG00845022376	lncgDivg	1.1.1	3196
ENSMUSG00000034384	ENSMUSG00000097018	lincSS.up	1.1.1	7634	ENSCAFG00845017033	ENSCAFG00845016970	lincSS.up	n.n.n	38217
ENSMUSG00000034453	ENSMUSG00000097309	lncgDivg	1.1.1	0	ENSCAFG00845013006	ENSCAFG00845013073	lncgDivg	1.1.1	15
ENSMUSG00000034522	ENSMUSG00000114357	lncgDivg	1.1.1	0	ENSCAFG00845008517	ENSCAFG00845008404	lncgDivg	1.1.1	2433
ENSMUSG00000034616	ENSMUSG00000117718	lncgSS.dw	n.1.1	3991	ENSCAFG00845010891	ENSCAFG00845010817	lncgSS.dw	1.1.1	3453
ENSMUSG00000034792	ENSMUSG00000112350	lncgDivg	1.1.1	1186	ENSCAFG00845010390	ENSCAFG00845010438	lncgDivg	1.1.1	699
ENSMUSG00000034813	ENSMUSG00000085418	lncgDivg	n.1.1	0	ENSCAFG00845013018	ENSCAFG00845013464	lncgDivg	1.1.1	1418
ENSMUSG00000034813	ENSMUSG00000112555	lncgDivg	1.1.1	0	ENSCAFG00845013018	ENSCAFG00845013464	lncgDivg	1.1.1	1418
ENSMUSG00000034813	ENSMUSG00000084764	lncgDivg	1.1.1	0	ENSCAFG00845013018	ENSCAFG00845013464	lncgDivg	1.1.1	1418
ENSMUSG00000034813	ENSMUSG00000085454	lncgDivg	n.1.1	0	ENSCAFG00845013018	ENSCAFG00845013464	lncgDivg	1.1.1	1418
ENSMUSG00000035000	ENSMUSG00000087681	lincSS.up	1.1.1	24649	ENSCAFG00845030056	ENSCAFG00845030193	lincSS.up	1.1.1	6478
ENSMUSG00000035133	ENSMUSG00000120607	lincSS.up	1.1.1	56101	ENSCAFG00845012045	ENSCAFG00845012010	lincSS.up	1.1.1	10365
ENSMUSG00000035274	ENSMUSG00000056031	lncgDivg	n.n.1	0	ENSCAFG00845010452	ENSCAFG00845010409	lncgDivg	1.1.1	589
ENSMUSG00000035314	ENSMUSG00000121235	lncgDivg	1.1.1	0	ENSCAFG00845011562	ENSCAFG00845011442	lncgDivg	1.1.1	3099
ENSMUSG00000035456	ENSMUSG00000045238	lncgDivg	n.1.1	0	ENSCAFG00845017674	ENSCAFG00845017649	lncgDivg	1.1.1	3925
ENSMUSG00000035694	ENSMUSG00000112564	lncgConv	1.1.1	0	ENSCAFG00845025159	ENSCAFG00845025039	lncgConv	1.1.1	479
ENSMUSG00000035759	ENSMUSG00000112246	lincSS.dw	1.1.1	35397	ENSCAFG00845006103	ENSCAFG00845006077	lincSS.dw	n.1.1	10190
ENSMUSG00000035762	ENSMUSG00000097292	lncgDivg	n.1.1	121	ENSCAFG00845018131	ENSCAFG00845018054	lncgDivg	1.1.1	1552
ENSMUSG00000035776	ENSMUSG00000085284	lncgDivg	1.1.1	0	ENSCAFG00845024375	ENSCAFG00845024529	lncgDivg	n.1.1	196
ENSMUSG00000036158	ENSMUSG00000121167	lincDivg	1.1.1	15918	ENSCAFG00845030270	ENSCAFG00845030254	lincDivg	1.1.1	72938
ENSMUSG00000036218	ENSMUSG00000115858	lncgDivg	1.1.1	0	ENSCAFG00845030505	ENSCAFG00845030524	lncgDivg	1.1.1	2248
ENSMUSG00000036225	ENSMUSG00000117613	lincDivg	n.1.1	43277	ENSCAFG00845012599	ENSCAFG00845012572	lincDivg	1.1.1	41118
ENSMUSG00000036225	ENSMUSG00000117613	lincDivg	n.1.1	43277	ENSCAFG00845012599	ENSCAFG00845012476	lincDivg	1.1.1	57075
ENSMUSG00000036225	ENSMUSG00000117404	lincSS.up	1.1.1	49666	ENSCAFG00845012599	ENSCAFG00845012467	lincSS.up	1.1.1	69205
ENSMUSG00000036225	ENSMUSG00000117404	lincSS.up	1.1.1	49666	ENSCAFG00845012599	ENSCAFG00845012457	lincSS.up	1.1.1	83821
ENSMUSG00000036225	ENSMUSG00000117404	lincSS.up	1.1.1	49666	ENSCAFG00845012599	ENSCAFG00845012482	lincSS.up	1.1.1	41118
ENSMUSG00000036225	ENSMUSG00000117404	lincSS.up	1.1.1	49666	ENSCAFG00845012599	ENSCAFG00845012579	lincSS.up	1.1.1	23143
ENSMUSG00000036339	ENSMUSG00000115756	lncgSS.dw	n.n.1	0	ENSCAFG00845016875	ENSCAFG00845016966	lncgSS.dw	n.1.1	11602
ENSMUSG00000036450	ENSMUSG00000117911	lincSS.dw	n.1.1	38466	ENSCAFG00845018163	ENSCAFG00845018305	lincSS.dw	1.1.1	50198
ENSMUSG00000036450	ENSMUSG00000117911	lincSS.dw	n.1.1	38466	ENSCAFG00845018163	ENSCAFG00845018236	lincSS.dw	1.1.1	7964
ENSMUSG00000036450	ENSMUSG00000117911	lincSS.dw	n.1.1	38466	ENSCAFG00845018163	ENSCAFG00845018293	lincSS.dw	1.1.1	42110
ENSMUSG00000036450	ENSMUSG00000117911	lincSS.dw	n.1.1	38466	ENSCAFG00845018163	ENSCAFG00845018273	lincSS.dw	1.1.1	28801
ENSMUSG00000036450	ENSMUSG00000117911	lincSS.dw	n.1.1	38466	ENSCAFG00845018163	ENSCAFG00845018257	lincSS.dw	1.1.1	17665
ENSMUSG00000036499	ENSMUSG00000112400	lincSS.up	n.1.1	43276	ENSCAFG00845020208	ENSCAFG00845020760	lincSS.up	1.1.1	16774
ENSMUSG00000036499	ENSMUSG00000112599	lincSS.up	1.1.1	91532	ENSCAFG00845020208	ENSCAFG00845020760	lincSS.up	1.1.1	16774
ENSMUSG00000036574	ENSMUSG00000120706	lincConv	1.1.1	13980	ENSCAFG00845023927	ENSCAFG00845023947	lincConv	1.1.1	14489
ENSMUSG00000036585	ENSMUSG00000117994	lncgDivg	n.n.n	0	ENSCAFG00845017942	ENSCAFG00845018059	lncgDivg	1.1.1	109
ENSMUSG00000036644	ENSMUSG00000085192	lncgDivg	1.1.1	0	ENSCAFG00845007248	ENSCAFG00845007159	lncgDivg	1.1.1	2765
ENSMUSG00000036867	ENSMUSG00000111058	lincSS.dw	n.1.1	11274	ENSCAFG00845016415	ENSCAFG00845016520	lincSS.dw	1.1.1	68904
ENSMUSG00000037104	ENSMUSG00000117384	lincConv	1.1.1	54377	ENSCAFG00845028095	ENSCAFG00845028119	lincConv	1.1.1	5545
ENSMUSG00000037410	ENSMUSG00000111666	lincDivg	1.1.1	32996	ENSCAFG00845006735	ENSCAFG00845006787	lincDivg	1.1.1	7264
ENSMUSG00000037492	ENSMUSG00000109419	lincSS.dw	1.1.1	63925	ENSCAFG00845008865	ENSCAFG00845009050	lincSS.dw	1.1.1	11816
ENSMUSG00000037492	ENSMUSG00000109419	lincSS.dw	1.1.1	63925	ENSCAFG00845008865	ENSCAFG00845009060	lincSS.dw	1.1.1	20567
ENSMUSG00000037492	ENSMUSG00000053979	lincSS.dw	1.1.1	17319	ENSCAFG00845008865	ENSCAFG00845009050	lincSS.dw	1.1.1	11816
ENSMUSG00000037492	ENSMUSG00000053979	lincSS.dw	1.1.1	17319	ENSCAFG00845008865	ENSCAFG00845009060	lincSS.dw	1.1.1	20567
ENSMUSG00000037542	ENSMUSG00000037535	lincSS.dw	n.1.1	22773	ENSCAFG00845005024	ENSCAFG00845005022	lincSS.dw	n.1.1	10446
ENSMUSG00000037628	ENSMUSG00000115015	lincDivg	1.1.1	86766	ENSCAFG00845004444	ENSCAFG00845004412	lincDivg	1.1.1	71871
ENSMUSG00000037628	ENSMUSG00000115690	lincDivg	1.1.1	14142	ENSCAFG00845004444	ENSCAFG00845004412	lincDivg	1.1.1	71871
ENSMUSG00000037716	ENSMUSG00000086624	lncgDivg	1.1.1	0	ENSCAFG00845029058	ENSCAFG00845029020	lncgDivg	1.1.1	1244
ENSMUSG00000037716	ENSMUSG00000085753	lncgDivg	1.1.1	0	ENSCAFG00845029058	ENSCAFG00845029020	lncgDivg	1.1.1	1244
ENSMUSG00000037826	ENSMUSG00000093535	lincConv	1.1.1	8831	ENSCAFG00845016529	ENSCAFG00845016439	lincConv	1.1.1	16563
ENSMUSG00000037855	ENSMUSG00000116971	lincConv	1.1.1	49702	ENSCAFG00845003326	ENSCAFG00845003356	lincConv	1.1.1	26707
ENSMUSG00000037855	ENSMUSG00000116971	lincConv	1.1.1	49702	ENSCAFG00845003326	ENSCAFG00845003341	lincConv	1.1.1	18508
ENSMUSG00000037855	ENSMUSG00000116971	lincConv	1.1.1	49702	ENSCAFG00845003326	ENSCAFG00845003358	lincConv	1.1.1	43742
ENSMUSG00000038025	ENSMUSG00000086889	lncgDivg	1.1.1	0	ENSCAFG00845021923	ENSCAFG00845022149	lncgDivg	1.1.1	3282
ENSMUSG00000038069	ENSMUSG00000110665	lincSS.up	n.1.1	30780	ENSCAFG00845016463	ENSCAFG00845016501	lincSS.up	1.1.1	6271
ENSMUSG00000038069	ENSMUSG00000110604	lincSS.up	1.1.1	50122	ENSCAFG00845016463	ENSCAFG00845016501	lincSS.up	1.1.1	6271
ENSMUSG00000038077	ENSMUSG00000097596	lncgDivg	1.1.1	0	ENSCAFG00845030426	ENSCAFG00845030436	lncgDivg	n.1.1	508
ENSMUSG00000038151	ENSMUSG00000111535	lincDivg	n.1.1	70219	ENSCAFG00845007842	ENSCAFG00845007796	lincDivg	n.1.1	85930
ENSMUSG00000038151	ENSMUSG00000111116	lincSS.up	1.1.1	69388	ENSCAFG00845007842	ENSCAFG00845007810	lincSS.up	1.1.1	85210
ENSMUSG00000038151	ENSMUSG00000111463	lincSS.up	1.1.1	52016	ENSCAFG00845007842	ENSCAFG00845007810	lincSS.up	1.1.1	85210
ENSMUSG00000038168	ENSMUSG00000090257	lncgConv	1.1.1	0	ENSCAFG00845023995	ENSCAFG00845023933	lncgConv	1.1.1	750
ENSMUSG00000038168	ENSMUSG00000090257	lncgConv	1.1.1	0	ENSCAFG00845023995	ENSCAFG00845023910	lncgConv	1.1.1	2712
ENSMUSG00000038173	ENSMUSG00000109759	lincDivg	1.1.1	38088	ENSCAFG00845015469	ENSCAFG00845015446	lincDivg	1.1.1	23751
ENSMUSG00000038193	ENSMUSG00000100510	lncgDivg	n.n.1	0	ENSCAFG00845017182	ENSCAFG00845017236	lncgDivg	n.1.1	1188
ENSMUSG00000038215	ENSMUSG00000110310	lincSS.dw	1.1.1	46554	ENSCAFG00845017832	ENSCAFG00845017925	lincSS.dw	n.1.1	12060
ENSMUSG00000038217	ENSMUSG00000120190	lncgDivg	1.1.1	569	ENSCAFG00845014687	ENSCAFG00845014702	lncgDivg	1.1.1	1469
ENSMUSG00000038331	ENSMUSG00000120334	lncgSS.up	1.1.1	1828	ENSCAFG00845027789	ENSCAFG00845027930	lncgSS.up	n.1.1	1902
ENSMUSG00000038331	ENSMUSG00000120334	lncgSS.up	1.1.1	1828	ENSCAFG00845027789	ENSCAFG00845027922	lncgSS.up	1.1.1	778
ENSMUSG00000038384	ENSMUSG00000105881	lncgSS.up	1.1.1	147	ENSCAFG00845023777	ENSCAFG00845023963	lncgSS.up	1.1.1	3167
ENSMUSG00000038400	ENSMUSG00000121269	lincDivg	1.1.1	14722	ENSCAFG00845013029	ENSCAFG00845013079	lincDivg	1.1.1	40638
ENSMUSG00000038456	ENSMUSG00000085058	lncgDivg	n.1.1	0	ENSCAFG00845031062	ENSCAFG00845031055	lncgDivg	1.1.1	2201
ENSMUSG00000038481	ENSMUSG00000038491	lncgDivg	n.1.1	0	ENSCAFG00845013205	ENSCAFG00845016096	lncgDivg	n.1.1	889
ENSMUSG00000038594	ENSMUSG00000112132	lincDivg	1.1.1	29935	ENSCAFG00845006869	ENSCAFG00845007067	lincDivg	1.1.1	31387
ENSMUSG00000038663	ENSMUSG00000097277	lncgConv	n.1.1	1802	ENSCAFG00845003925	ENSCAFG00845003886	lncgConv	1.1.1	1575
ENSMUSG00000038733	ENSMUSG00000054135	lincDivg	n.1.1	13985	ENSCAFG00845012382	ENSCAFG00845012343	lincDivg	n.1.1	14686
ENSMUSG00000038733	ENSMUSG00000120933	lincSS.up	n.1.1	42236	ENSCAFG00845012382	ENSCAFG00845012320	lincSS.up	1.1.1	47501
ENSMUSG00000038733	ENSMUSG00000120933	lincSS.up	n.1.1	42236	ENSCAFG00845012382	ENSCAFG00845012331	lincSS.up	1.1.1	13527
ENSMUSG00000038733	ENSMUSG00000121026	lincSS.up	1.1.1	21418	ENSCAFG00845012382	ENSCAFG00845012320	lincSS.up	1.1.1	47501
ENSMUSG00000038733	ENSMUSG00000121026	lincSS.up	1.1.1	21418	ENSCAFG00845012382	ENSCAFG00845012331	lincSS.up	1.1.1	13527
ENSMUSG00000038740	ENSMUSG00000085463	lincSS.dw	1.1.1	11054	ENSCAFG00845008402	ENSCAFG00845008346	lincSS.dw	1.1.1	10946
ENSMUSG00000038872	ENSMUSG00000110625	lincSS.up	1.1.1	57633	ENSCAFG00845008627	ENSCAFG00845008701	lincSS.up	1.1.1	10228
ENSMUSG00000038872	ENSMUSG00000110625	lincSS.up	1.1.1	57633	ENSCAFG00845008627	ENSCAFG00845008709	lincSS.up	1.1.1	50375
ENSMUSG00000038954	ENSMUSG00000117044	lincSS.dw	1.1.1	27947	ENSCAFG00845012174	ENSCAFG00845012139	lincSS.dw	1.1.1	20726
ENSMUSG00000039176	ENSMUSG00000097023	lincDivg	n.1.1	32746	ENSCAFG00845004161	ENSCAFG00845004193	lincDivg	n.1.1	30309
ENSMUSG00000039239	ENSMUSG00000103690	lincSS.dw	n.1.1	64111	ENSCAFG00845028176	ENSCAFG00845028269	lincSS.dw	n.1.1	50291
ENSMUSG00000039239	ENSMUSG00000103690	lincSS.dw	n.1.1	64111	ENSCAFG00845028176	ENSCAFG00845028245	lincSS.dw	n.1.1	20053
ENSMUSG00000039405	ENSMUSG00000108875	lincDivg	1.1.1	25179	ENSCAFG00845006550	ENSCAFG00845006577	lincDivg	1.1.1	42939
ENSMUSG00000039683	ENSMUSG00000120072	lincSS.up	n.1.1	81398	ENSCAFG00845014480	ENSCAFG00845014957	lincSS.up	1.1.1	35113
ENSMUSG00000039851	ENSMUSG00000116763	lincSS.up	1.1.1	43333	ENSCAFG00845026309	ENSCAFG00845026338	lincSS.up	1.1.1	10107
ENSMUSG00000039910	ENSMUSG00000112629	lincDivg	1.1.1	64705	ENSCAFG00845010679	ENSCAFG00845010736	lincDivg	n.1.1	40103
ENSMUSG00000039960	ENSMUSG00000110467	lincConv	1.1.1	63888	ENSCAFG00845001719	ENSCAFG00845001708	lincConv	1.1.1	23308
ENSMUSG00000039983	ENSMUSG00000084802	lincConv	1.1.1	17095	ENSCAFG00845028623	ENSCAFG00845028611	lincConv	1.1.1	12968
ENSMUSG00000040274	ENSMUSG00000106588	lncgDivg	n.n.1	0	ENSCAFG00845013226	ENSCAFG00845013253	lncgDivg	1.1.1	1218
ENSMUSG00000040274	ENSMUSG00000105534	lncgDivg	1.1.1	0	ENSCAFG00845013226	ENSCAFG00845013253	lncgDivg	1.1.1	1218
ENSMUSG00000040490	ENSMUSG00000101012	lincConv	n.1.1	14675	ENSCAFG00845014692	ENSCAFG00845014656	lincConv	1.1.1	39063
ENSMUSG00000040548	ENSMUSG00000120012	lncgConv	n.n.1	0	ENSCAFG00845022666	ENSCAFG00845022560	lncgConv	n.1.1	781
ENSMUSG00000040600	ENSMUSG00000106426	lincDivg	1.1.1	43690	ENSCAFG00845002452	ENSCAFG00845002404	lincDivg	n.n.n	17207
ENSMUSG00000040721	ENSMUSG00000093452	lincConv	n.n.1	0	ENSCAFG00845004064	ENSCAFG00845004034	lincConv	1.1.1	5511
ENSMUSG00000040724	ENSMUSG00000050179	lncgSS.up	n.1.1	2661	ENSCAFG00845001930	ENSCAFG00845001903	lncgSS.up	1.1.1	713
ENSMUSG00000040850	ENSMUSG00000087474	lincSS.up	1.1.1	15579	ENSCAFG00845008342	ENSCAFG00845009021	lincSS.up	1.1.1	16847
ENSMUSG00000040850	ENSMUSG00000087474	lincSS.up	1.1.1	15579	ENSCAFG00845008342	ENSCAFG00845009026	lincSS.up	1.1.1	30855
ENSMUSG00000040850	ENSMUSG00000087474	lincSS.up	1.1.1	15579	ENSCAFG00845008342	ENSCAFG00845009013	lincSS.up	1.1.1	7010
ENSMUSG00000040850	ENSMUSG00000087474	lincSS.up	1.1.1	15579	ENSCAFG00845008342	ENSCAFG00845009031	lincSS.up	1.1.1	34980
ENSMUSG00000040896	ENSMUSG00000105753	lncgSS.dw	1.1.1	0	ENSCAFG00845008017	ENSCAFG00845008105	lncgSS.dw	1.1.1	701
ENSMUSG00000041014	ENSMUSG00000093556	lncgDivg	1.1.1	0	ENSCAFG00845015872	ENSCAFG00845015727	lncgDivg	1.1.1	1046
ENSMUSG00000041014	ENSMUSG00000093383	lncgDivg	1.1.1	0	ENSCAFG00845015872	ENSCAFG00845015727	lncgDivg	1.1.1	1046
ENSMUSG00000041014	ENSMUSG00000093528	lncgDivg	1.1.1	0	ENSCAFG00845015872	ENSCAFG00845015727	lncgDivg	1.1.1	1046
ENSMUSG00000041298	ENSMUSG00000087647	lincConv	1.1.1	33786	ENSCAFG00845022093	ENSCAFG00845022177	lincConv	1.1.1	7152
ENSMUSG00000041298	ENSMUSG00000085740	lincConv	1.1.1	88504	ENSCAFG00845022093	ENSCAFG00845022177	lincConv	1.1.1	7152
ENSMUSG00000041298	ENSMUSG00000085639	lncgSS.up	1.1.1	0	ENSCAFG00845022093	ENSCAFG00845022067	lncgSS.up	1.1.1	136
ENSMUSG00000041298	ENSMUSG00000106951	lncgSS.up	n.1.1	0	ENSCAFG00845022093	ENSCAFG00845022067	lncgSS.up	1.1.1	136
ENSMUSG00000041298	ENSMUSG00000108207	lncgSS.up	n.1.1	0	ENSCAFG00845022093	ENSCAFG00845022067	lncgSS.up	1.1.1	136
ENSMUSG00000041298	ENSMUSG00000085971	lncgSS.up	n.1.1	18645	ENSCAFG00845022093	ENSCAFG00845022067	lncgSS.up	1.1.1	136
ENSMUSG00000041298	ENSMUSG00000106892	lncgSS.up	1.1.1	0	ENSCAFG00845022093	ENSCAFG00845022067	lncgSS.up	1.1.1	136
ENSMUSG00000041298	ENSMUSG00000085237	lncgSS.up	n.1.1	0	ENSCAFG00845022093	ENSCAFG00845022067	lncgSS.up	1.1.1	136
ENSMUSG00000041324	ENSMUSG00000114057	lincSS.up	1.1.1	77170	ENSCAFG00845018632	ENSCAFG00845018566	lincSS.up	1.1.1	22914
ENSMUSG00000041408	ENSMUSG00000115007	lncgDivg	1.1.1	143	ENSCAFG00845006393	ENSCAFG00845006535	lncgDivg	1.1.1	2546
ENSMUSG00000041482	ENSMUSG00000097980	lincDivg	n.1.1	12031	ENSCAFG00845004756	ENSCAFG00845004802	lincDivg	1.1.1	87526
ENSMUSG00000041660	ENSMUSG00000085444	lincConv	1.1.1	6566	ENSCAFG00845025022	ENSCAFG00845025115	lincConv	1.1.1	54503
ENSMUSG00000042548	ENSMUSG00000073236	lncgDivg	n.n.1	0	ENSCAFG00845021168	ENSCAFG00845021034	lncgDivg	1.1.1	4370
ENSMUSG00000042724	ENSMUSG00000113184	lncgSS.dw	1.1.1	958	ENSCAFG00845007871	ENSCAFG00845007782	lncgSS.dw	1.1.1	879
ENSMUSG00000042992	ENSMUSG00000108166	lncgSS.dw	1.1.1	0	ENSCAFG00845024109	ENSCAFG00845024049	lncgSS.dw	1.1.1	1438
ENSMUSG00000043301	ENSMUSG00000120726	lincConv	1.1.1	23589	ENSCAFG00845028925	ENSCAFG00845028902	lincConv	n.1.1	35952
ENSMUSG00000043496	ENSMUSG00000108255	lncgDivg	n.n.1	0	ENSCAFG00845017572	ENSCAFG00845017601	lncgDivg	n.n.n	2911
ENSMUSG00000043496	ENSMUSG00000108175	lncgDivg	1.1.1	0	ENSCAFG00845017572	ENSCAFG00845017601	lncgDivg	n.n.n	2911
ENSMUSG00000043556	ENSMUSG00000115433	lncgDivg	1.1.1	0	ENSCAFG00845003787	ENSCAFG00845003795	lncgDivg	1.1.1	402
ENSMUSG00000043592	ENSMUSG00000117019	lincSS.dw	1.1.1	17019	ENSCAFG00845014744	ENSCAFG00845014729	lincSS.dw	1.1.1	13884
ENSMUSG00000043670	ENSMUSG00000087114	lncgDivg	n.1.1	0	ENSCAFG00845011531	ENSCAFG00845011510	lncgDivg	1.1.1	2275
ENSMUSG00000043857	ENSMUSG00000086902	lincConv	n.1.1	48086	ENSCAFG00845015937	ENSCAFG00845015860	lincConv	n.1.1	29943
ENSMUSG00000044337	ENSMUSG00000101028	lincSS.dw	1.1.1	63707	ENSCAFG00845027671	ENSCAFG00845027767	lincSS.dw	n.1.1	51178
ENSMUSG00000044337	ENSMUSG00000101028	lincSS.dw	1.1.1	63707	ENSCAFG00845027671	ENSCAFG00845027697	lincSS.dw	1.1.1	11883
ENSMUSG00000044468	ENSMUSG00000053957	lncgDivg	n.1.1	165	ENSCAFG00845005783	ENSCAFG00845029579	lncgDivg	n.1.1	258
ENSMUSG00000044646	ENSMUSG00000097302	lincSS.up	1.1.1	37875	ENSCAFG00845017703	ENSCAFG00845017643	lincSS.up	1.1.1	45209
ENSMUSG00000044646	ENSMUSG00000097302	lincSS.up	1.1.1	37875	ENSCAFG00845017703	ENSCAFG00845017654	lincSS.up	n.1.1	10566
ENSMUSG00000044876	ENSMUSG00000109165	lncgSS.dw	1.1.1	0	ENSCAFG00845000307	ENSCAFG00845000300	lncgSS.dw	1.1.1	600
ENSMUSG00000044927	ENSMUSG00000084950	lncgDivg	n.n.n	0	ENSCAFG00845019714	ENSCAFG00845019682	lncgDivg	n.1.1	441
ENSMUSG00000045394	ENSMUSG00000117414	lincDivg	1.1.1	64325	ENSCAFG00845005300	ENSCAFG00845005280	lincDivg	1.1.1	28996
ENSMUSG00000045515	ENSMUSG00000097063	lncgConv	n.1.1	3870	ENSCAFG00845009979	ENSCAFG00845009940	lncgConv	1.1.1	266
ENSMUSG00000045534	ENSMUSG00000110390	lincSS.up	1.1.1	14457	ENSCAFG00845030339	ENSCAFG00845030349	lincSS.up	1.1.1	19446
ENSMUSG00000045534	ENSMUSG00000110390	lincSS.up	1.1.1	14457	ENSCAFG00845030339	ENSCAFG00845030360	lincSS.up	1.1.1	26415
ENSMUSG00000045763	ENSMUSG00000115729	lncgDivg	n.1.1	1258	ENSCAFG00845003311	ENSCAFG00845003316	lncgDivg	1.1.1	1192
ENSMUSG00000045763	ENSMUSG00000056089	lncgDivg	n.1.1	392	ENSCAFG00845003311	ENSCAFG00845003316	lncgDivg	1.1.1	1192
ENSMUSG00000045763	ENSMUSG00000115850	lncgSS.up	1.1.1	873	ENSCAFG00845003311	ENSCAFG00845003313	lncgSS.up	1.1.1	1188
ENSMUSG00000045867	ENSMUSG00000112481	lincSS.dw	n.1.1	28888	ENSCAFG00845021328	ENSCAFG00845021449	lincSS.dw	n.1.1	16408
ENSMUSG00000045867	ENSMUSG00000112501	lincSS.dw	1.1.1	37872	ENSCAFG00845021328	ENSCAFG00845021449	lincSS.dw	n.1.1	16408
ENSMUSG00000046688	ENSMUSG00000120996	lncgDivg	1.1.1	0	ENSCAFG00845016552	ENSCAFG00845016602	lncgDivg	1.1.1	273
ENSMUSG00000047171	ENSMUSG00000110035	lincDivg	n.1.1	68580	ENSCAFG00845022921	ENSCAFG00845022968	lincDivg	n.n.n	42173
ENSMUSG00000047171	ENSMUSG00000109612	lincSS.up	1.1.1	77435	ENSCAFG00845022921	ENSCAFG00845023011	lincSS.up	1.1.1	69451
ENSMUSG00000047412	ENSMUSG00000097701	lncgConv	1.1.1	4732	ENSCAFG00845006412	ENSCAFG00845006429	lncgConv	1.1.1	1338
ENSMUSG00000047434	ENSMUSG00000116737	lincConv	1.1.1	73495	ENSCAFG00845030777	ENSCAFG00845030802	lincConv	1.1.1	13820
ENSMUSG00000047434	ENSMUSG00000116737	lincConv	1.1.1	73495	ENSCAFG00845030777	ENSCAFG00845030807	lincConv	1.1.1	56290
ENSMUSG00000047434	ENSMUSG00000116951	lincSS.dw	n.1.1	84420	ENSCAFG00845030777	ENSCAFG00845030811	lincSS.dw	1.1.1	98310
ENSMUSG00000047434	ENSMUSG00000116951	lincSS.dw	n.1.1	84420	ENSCAFG00845030777	ENSCAFG00845030781	lincSS.dw	1.1.1	13818
ENSMUSG00000047434	ENSMUSG00000116951	lincSS.dw	n.1.1	84420	ENSCAFG00845030777	ENSCAFG00845030804	lincSS.dw	1.1.1	35093
ENSMUSG00000047434	ENSMUSG00000116581	lincSS.dw	n.1.1	19515	ENSCAFG00845030777	ENSCAFG00845030811	lincSS.dw	1.1.1	98310
ENSMUSG00000047434	ENSMUSG00000116581	lincSS.dw	n.1.1	19515	ENSCAFG00845030777	ENSCAFG00845030781	lincSS.dw	1.1.1	13818
ENSMUSG00000047434	ENSMUSG00000116581	lincSS.dw	n.1.1	19515	ENSCAFG00845030777	ENSCAFG00845030804	lincSS.dw	1.1.1	35093
ENSMUSG00000047804	ENSMUSG00000098196	lncgConv	1.1.1	3668	ENSCAFG00845016056	ENSCAFG00845016240	lncgConv	1.1.1	2134
ENSMUSG00000047888	ENSMUSG00000116480	lncgSS.dw	1.1.1	0	ENSCAFG00845020617	ENSCAFG00845020547	lncgSS.dw	1.1.1	4703
ENSMUSG00000047959	ENSMUSG00000056145	lncgSS.dw	1.1.1	1434	ENSCAFG00845001875	ENSCAFG00845001884	lncgSS.dw	1.1.1	258
ENSMUSG00000048285	ENSMUSG00000114005	lincSS.up	n.1.1	76665	ENSCAFG00845003527	ENSCAFG00845003481	lincSS.up	n.1.1	18893
ENSMUSG00000048304	ENSMUSG00000103428	lincDivg	n.1.1	8487	ENSCAFG00845018138	ENSCAFG00845018201	lincDivg	n.1.1	12325
ENSMUSG00000048482	ENSMUSG00000109604	lncgDivg	1.1.1	0	ENSCAFG00845017969	ENSCAFG00845018009	lncgDivg	1.1.1	133
ENSMUSG00000048482	ENSMUSG00000109604	lncgDivg	1.1.1	0	ENSCAFG00845017969	ENSCAFG00845018023	lncgDivg	1.1.1	1764
ENSMUSG00000048677	ENSMUSG00000108967	lincConv	1.1.1	19567	ENSCAFG00845005889	ENSCAFG00845005798	lincConv	1.1.1	19498
ENSMUSG00000048799	ENSMUSG00000118362	lncgConv	n.1.1	0	ENSCAFG00845008875	ENSCAFG00845008813	lncgConv	1.1.1	3340
ENSMUSG00000049100	ENSMUSG00000097040	lncgDivg	n.1.1	107	ENSCAFG00845023391	ENSCAFG00845023476	lncgDivg	n.1.1	1163
ENSMUSG00000049119	ENSMUSG00000087099	lincDivg	1.1.1	92867	ENSCAFG00845027603	ENSCAFG00845027574	lincDivg	1.1.1	49740
ENSMUSG00000049119	ENSMUSG00000087099	lincDivg	1.1.1	92867	ENSCAFG00845027603	ENSCAFG00845027556	lincDivg	1.1.1	98802
ENSMUSG00000049119	ENSMUSG00000087099	lincDivg	1.1.1	92867	ENSCAFG00845027603	ENSCAFG00845027596	lincDivg	1.1.1	10662
ENSMUSG00000049119	ENSMUSG00000087099	lincDivg	1.1.1	92867	ENSCAFG00845027603	ENSCAFG00845027568	lincDivg	1.1.1	55651
ENSMUSG00000049119	ENSMUSG00000087099	lincDivg	1.1.1	92867	ENSCAFG00845027603	ENSCAFG00845027579	lincDivg	1.1.1	28858
ENSMUSG00000049119	ENSMUSG00000087099	lincDivg	1.1.1	92867	ENSCAFG00845027603	ENSCAFG00845027589	lincDivg	1.1.1	22677
ENSMUSG00000049119	ENSMUSG00000087099	lincDivg	1.1.1	92867	ENSCAFG00845027603	ENSCAFG00845027561	lincDivg	1.1.1	72597
ENSMUSG00000049119	ENSMUSG00000086066	lncgSS.up	n.1.1	1806	ENSCAFG00845027603	ENSCAFG00845027503	lncgSS.up	n.1.1	21
ENSMUSG00000049336	ENSMUSG00000086375	lncgDivg	1.1.1	0	ENSCAFG00845003624	ENSCAFG00845004019	lncgDivg	1.1.1	2032
ENSMUSG00000049336	ENSMUSG00000087245	lncgDivg	1.1.1	0	ENSCAFG00845003624	ENSCAFG00845004019	lncgDivg	1.1.1	2032
ENSMUSG00000049606	ENSMUSG00000098302	lncgSS.dw	1.1.1	0	ENSCAFG00845016789	ENSCAFG00845016883	lncgSS.dw	1.1.1	1582
ENSMUSG00000049690	ENSMUSG00000101600	lincSS.up	n.1.1	41404	ENSCAFG00845007269	ENSCAFG00845007888	lincSS.up	1.1.1	77313
ENSMUSG00000049690	ENSMUSG00000101600	lincSS.up	n.1.1	41404	ENSCAFG00845007269	ENSCAFG00845007872	lincSS.up	1.1.1	42370
ENSMUSG00000049985	ENSMUSG00000120592	lincSS.up	1.1.1	98911	ENSCAFG00845028592	ENSCAFG00845028636	lincSS.up	1.1.1	39745
ENSMUSG00000050017	ENSMUSG00000104559	lncgDivg	1.1.1	0	ENSCAFG00845029905	ENSCAFG00845029939	lncgDivg	1.1.1	220
ENSMUSG00000050270	ENSMUSG00000085926	lincSS.up	1.1.1	13529	ENSCAFG00845002881	ENSCAFG00845002911	lincSS.up	1.1.1	22131
ENSMUSG00000050549	ENSMUSG00000104763	lincDivg	n.1.1	19844	ENSCAFG00845016273	ENSCAFG00845016219	lincDivg	n.1.1	30821
ENSMUSG00000050549	ENSMUSG00000106437	lincDivg	1.1.1	74385	ENSCAFG00845016273	ENSCAFG00845016219	lincDivg	n.1.1	30821
ENSMUSG00000050840	ENSMUSG00000089866	lncgDivg	1.1.1	0	ENSCAFG00845000129	ENSCAFG00845000144	lncgDivg	1.1.1	1736
ENSMUSG00000050954	ENSMUSG00000114695	lincSS.dw	1.1.1	79135	ENSCAFG00845021431	ENSCAFG00845021384	lincSS.dw	1.1.1	14459
ENSMUSG00000050994	ENSMUSG00000112573	lincSS.dw	1.1.1	38774	ENSCAFG00845013765	ENSCAFG00845013941	lincSS.dw	n.1.1	59587
ENSMUSG00000051076	ENSMUSG00000120363	lincSS.up	n.1.1	38967	ENSCAFG00845029358	ENSCAFG00845029454	lincSS.up	1.1.1	7179
ENSMUSG00000051401	ENSMUSG00000118315	lncgDivg	1.1.1	0	ENSCAFG00845019378	ENSCAFG00845019366	lncgDivg	1.1.1	922
ENSMUSG00000051401	ENSMUSG00000118315	lncgDivg	1.1.1	0	ENSCAFG00845019378	ENSCAFG00845019325	lncgDivg	n.1.1	1983
ENSMUSG00000051401	ENSMUSG00000117674	lncgDivg	1.1.1	0	ENSCAFG00845019378	ENSCAFG00845019366	lncgDivg	1.1.1	922
ENSMUSG00000051401	ENSMUSG00000117674	lncgDivg	1.1.1	0	ENSCAFG00845019378	ENSCAFG00845019325	lncgDivg	n.1.1	1983
ENSMUSG00000051586	ENSMUSG00000119973	lincDivg	n.1.1	6435	ENSCAFG00845030774	ENSCAFG00845030897	lincDivg	1.1.1	19335
ENSMUSG00000052085	ENSMUSG00000120425	lncgSS.dw	1.1.1	0	ENSCAFG00845001647	ENSCAFG00845001860	lncgSS.dw	1.1.1	346
ENSMUSG00000052302	ENSMUSG00000112846	lincSS.dw	1.1.1	61171	ENSCAFG00845011871	ENSCAFG00845012102	lincSS.dw	n.1.1	44450
ENSMUSG00000052331	ENSMUSG00000101674	lncgDivg	n.n.1	0	ENSCAFG00845025354	ENSCAFG00845026192	lncgDivg	1.1.1	472
ENSMUSG00000052595	ENSMUSG00000118366	lncgSS.dw	1.1.1	1089	ENSCAFG00845028778	ENSCAFG00845028836	lncgSS.dw	1.1.1	1245
ENSMUSG00000053141	ENSMUSG00000100943	lincSS.dw	1.1.1	7978	ENSCAFG00845011487	ENSCAFG00845011168	lincSS.dw	1.1.1	39576
ENSMUSG00000053141	ENSMUSG00000100943	lincSS.dw	1.1.1	7978	ENSCAFG00845011487	ENSCAFG00845011159	lincSS.dw	1.1.1	82356
ENSMUSG00000053465	ENSMUSG00000100274	lncgSS.dw	1.1.1	0	ENSCAFG00845010209	ENSCAFG00845010226	lncgSS.dw	1.1.1	2483
ENSMUSG00000053465	ENSMUSG00000115639	lncgSS.dw	1.1.1	0	ENSCAFG00845010209	ENSCAFG00845010226	lncgSS.dw	1.1.1	2483
ENSMUSG00000053950	ENSMUSG00000118373	lincSS.up	1.1.1	6439	ENSCAFG00845000021	ENSCAFG00845000022	lincSS.up	1.1.1	13715
ENSMUSG00000054074	ENSMUSG00000085319	lncgConv	1.1.1	1043	ENSCAFG00845008698	ENSCAFG00845008731	lncgConv	1.1.1	179
ENSMUSG00000054074	ENSMUSG00000054057	lncgSS.dw	n.1.1	11805	ENSCAFG00845008698	ENSCAFG00845008721	lncgSS.dw	1.1.1	176
ENSMUSG00000054469	ENSMUSG00000117292	lincSS.dw	n.1.1	7618	ENSCAFG00845011833	ENSCAFG00845011860	lincSS.dw	n.n.n	20069
ENSMUSG00000054720	ENSMUSG00000120245	lincSS.dw	1.1.1	38319	ENSCAFG00845017546	ENSCAFG00845017486	lincSS.dw	n.n.n	84801
ENSMUSG00000055013	ENSMUSG00000101662	lncgSS.dw	1.1.1	0	ENSCAFG00845026357	ENSCAFG00845027402	lncgSS.dw	1.1.1	2000
ENSMUSG00000055194	ENSMUSG00000114824	lincDivg	1.1.1	25582	ENSCAFG00845029066	ENSCAFG00845029078	lincDivg	1.1.1	90377
ENSMUSG00000055204	ENSMUSG00000054945	lncgDivg	n.1.1	43	ENSCAFG00845012434	ENSCAFG00845005652	lncgDivg	1.1.1	1435
ENSMUSG00000055435	ENSMUSG00000110592	lincConv	1.1.1	87790	ENSCAFG00845021165	ENSCAFG00845021356	lincConv	1.1.1	45425
ENSMUSG00000055435	ENSMUSG00000110592	lincConv	1.1.1	87790	ENSCAFG00845021165	ENSCAFG00845021337	lincConv	1.1.1	26326
ENSMUSG00000055435	ENSMUSG00000110592	lincConv	1.1.1	87790	ENSCAFG00845021165	ENSCAFG00845021260	lincConv	1.1.1	5106
ENSMUSG00000055435	ENSMUSG00000110592	lincConv	1.1.1	87790	ENSCAFG00845021165	ENSCAFG00845021365	lincConv	1.1.1	83124
ENSMUSG00000055435	ENSMUSG00000110592	lincConv	1.1.1	87790	ENSCAFG00845021165	ENSCAFG00845021391	lincConv	1.1.1	96412
ENSMUSG00000055447	ENSMUSG00000120744	lncgSS.dw	1.1.1	0	ENSCAFG00845024257	ENSCAFG00845024063	lncgSS.dw	1.1.1	3301
ENSMUSG00000055717	ENSMUSG00000089707	lncgDivg	1.1.1	0	ENSCAFG00845027605	ENSCAFG00845027482	lncgDivg	1.1.1	1508
ENSMUSG00000055761	ENSMUSG00000086017	lncgDivg	1.1.1	0	ENSCAFG00845029711	ENSCAFG00845029682	lncgDivg	1.1.1	455
ENSMUSG00000055963	ENSMUSG00000086227	lincSS.dw	1.1.1	92587	ENSCAFG00845021945	ENSCAFG00845021889	lincSS.dw	1.1.1	79449
ENSMUSG00000056153	ENSMUSG00000118352	lincConv	1.1.1	6417	ENSCAFG00845001189	ENSCAFG00845001172	lincConv	1.1.1	18107
ENSMUSG00000056155	ENSMUSG00000120667	lincDivg	1.1.1	12193	ENSCAFG00845026758	ENSCAFG00845026817	lincDivg	1.1.1	6692
ENSMUSG00000056260	ENSMUSG00000120716	lncgDivg	1.1.1	68	ENSCAFG00845001755	ENSCAFG00845001745	lncgDivg	1.1.1	129
ENSMUSG00000056602	ENSMUSG00000106738	lncgConv	n.1.1	1994	ENSCAFG00845016949	ENSCAFG00845015730	lncgConv	1.1.1	1688
ENSMUSG00000056608	ENSMUSG00000110166	lncgDivg	1.1.1	0	ENSCAFG00845003529	ENSCAFG00845003649	lncgDivg	1.1.1	2055
ENSMUSG00000056812	ENSMUSG00000086128	lncgConv	n.n.1	0	ENSCAFG00845001921	ENSCAFG00845001910	lncgConv	1.1.1	781
ENSMUSG00000057230	ENSMUSG00000107688	lncgSS.dw	1.1.1	0	ENSCAFG00845025681	ENSCAFG00845025557	lncgSS.dw	1.1.1	560
ENSMUSG00000057234	ENSMUSG00000087544	lincConv	1.1.1	66853	ENSCAFG00845018354	ENSCAFG00845018649	lincConv	1.1.1	73263
ENSMUSG00000057234	ENSMUSG00000087544	lincConv	1.1.1	66853	ENSCAFG00845018354	ENSCAFG00845018665	lincConv	1.1.1	88364
ENSMUSG00000057286	ENSMUSG00000020812	lncgConv	n.n.1	0	ENSCAFG00845016971	ENSCAFG00845017031	lncgConv	1.1.1	1464
ENSMUSG00000057469	ENSMUSG00000114018	lincConv	n.1.1	5139	ENSCAFG00845028092	ENSCAFG00845028042	lincConv	1.1.1	19427
ENSMUSG00000057469	ENSMUSG00000114018	lincConv	n.1.1	5139	ENSCAFG00845028092	ENSCAFG00845028027	lincConv	1.1.1	26040
ENSMUSG00000057716	ENSMUSG00000097563	lncgSS.dw	1.1.1	0	ENSCAFG00845031029	ENSCAFG00845031024	lncgSS.dw	1.1.1	3
ENSMUSG00000058881	ENSMUSG00000097738	lincSS.up	n.1.1	40059	ENSCAFG00845000590	ENSCAFG00845000562	lincSS.up	1.1.1	16973
ENSMUSG00000058881	ENSMUSG00000118339	lncgDivg	n.1.1	0	ENSCAFG00845000590	ENSCAFG00845000571	lncgDivg	1.1.1	575
ENSMUSG00000058881	ENSMUSG00000118339	lncgDivg	n.1.1	0	ENSCAFG00845000590	ENSCAFG00845000566	lncgDivg	1.1.1	3911
ENSMUSG00000059005	ENSMUSG00000121212	lincSS.up	n.1.1	24484	ENSCAFG00845019864	ENSCAFG00845019631	lincSS.up	1.1.1	97293
ENSMUSG00000059005	ENSMUSG00000121212	lincSS.up	n.1.1	24484	ENSCAFG00845019864	ENSCAFG00845019779	lincSS.up	1.1.1	70184
ENSMUSG00000059060	ENSMUSG00000120447	lincSS.dw	1.1.1	76598	ENSCAFG00845003641	ENSCAFG00845003665	lincSS.dw	1.1.1	40323
ENSMUSG00000061175	ENSMUSG00000068957	lncgDivg	1.1.1	396	ENSCAFG00845011970	ENSCAFG00845011913	lncgDivg	n.1.1	587
ENSMUSG00000061175	ENSMUSG00000089746	lncgSS.up	1.1.1	0	ENSCAFG00845011970	ENSCAFG00845011921	lncgSS.up	1.1.1	3054
ENSMUSG00000061306	ENSMUSG00000120866	lincDivg	1.1.1	13407	ENSCAFG00845010883	ENSCAFG00845010842	lincDivg	1.1.1	34810
ENSMUSG00000061306	ENSMUSG00000120866	lincDivg	1.1.1	13407	ENSCAFG00845010883	ENSCAFG00845010820	lincDivg	1.1.1	39093
ENSMUSG00000061306	ENSMUSG00000075389	lincSS.up	n.1.1	34054	ENSCAFG00845010883	ENSCAFG00845010832	lincSS.up	1.1.1	33738
ENSMUSG00000061533	ENSMUSG00000113747	lincConv	1.1.1	26974	ENSCAFG00845008464	ENSCAFG00845008335	lincConv	1.1.1	13820
ENSMUSG00000061898	ENSMUSG00000104529	lincSS.dw	n.1.1	6435	ENSCAFG00845012858	ENSCAFG00845013133	lincSS.dw	1.1.1	5797
ENSMUSG00000063446	ENSMUSG00000084787	lincSS.up	1.1.1	96036	ENSCAFG00845009012	ENSCAFG00845008991	lincSS.up	1.1.1	23736
ENSMUSG00000063632	ENSMUSG00000120751	lncgDivg	1.1.1	304	ENSCAFG00845022195	ENSCAFG00845022159	lncgDivg	n.1.1	11033
ENSMUSG00000064115	ENSMUSG00000092599	lncgDivg	1.1.1	0	ENSCAFG00845026392	ENSCAFG00845019009	lncgDivg	1.1.1	46
ENSMUSG00000064115	ENSMUSG00000045178	lncgDivg	n.1.1	0	ENSCAFG00845026392	ENSCAFG00845019009	lncgDivg	1.1.1	46
ENSMUSG00000064210	ENSMUSG00000115522	lncgDivg	1.1.1	0	ENSCAFG00845028362	ENSCAFG00845028615	lncgDivg	n.n.n	1108
ENSMUSG00000064210	ENSMUSG00000078648	lncgDivg	1.1.1	0	ENSCAFG00845028362	ENSCAFG00845028615	lncgDivg	n.n.n	1108
ENSMUSG00000064210	ENSMUSG00000097643	lncgDivg	1.1.1	0	ENSCAFG00845028362	ENSCAFG00845028615	lncgDivg	n.n.n	1108
ENSMUSG00000066456	ENSMUSG00000098747	lincSS.up	n.1.1	93787	ENSCAFG00845008994	ENSCAFG00845009075	lincSS.up	1.1.1	5786
ENSMUSG00000066456	ENSMUSG00000098747	lincSS.up	n.1.1	93787	ENSCAFG00845008994	ENSCAFG00845009084	lincSS.up	1.1.1	41473
ENSMUSG00000067787	ENSMUSG00000087445	lincSS.dw	1.1.1	10893	ENSCAFG00845028425	ENSCAFG00845028402	lincSS.dw	1.1.1	17692
ENSMUSG00000068798	ENSMUSG00000104835	lincDivg	n.1.1	14190	ENSCAFG00845008254	ENSCAFG00845008321	lincDivg	n.1.1	18042
ENSMUSG00000069171	ENSMUSG00000087143	lncgDivg	n.n.1	0	ENSCAFG00845015564	ENSCAFG00845015649	lncgDivg	n.1.1	3719
ENSMUSG00000071076	ENSMUSG00000080058	lncgDivg	n.1.1	0	ENSCAFG00845022784	ENSCAFG00845022760	lncgDivg	1.1.1	4260
ENSMUSG00000075028	ENSMUSG00000087559	lincSS.up	1.1.1	39775	ENSCAFG00845029718	ENSCAFG00845005873	lincSS.up	1.1.1	28403
ENSMUSG00000075028	ENSMUSG00000075027	lncgDivg	n.1.1	0	ENSCAFG00845029718	ENSCAFG00845005862	lncgDivg	1.1.1	1574
ENSMUSG00000075054	ENSMUSG00000113030	lncgSS.dw	1.1.1	0	ENSCAFG00845019598	ENSCAFG00845019577	lncgSS.dw	1.1.1	62
ENSMUSG00000075224	ENSMUSG00000085025	lincDivg	1.1.1	36478	ENSCAFG00845022276	ENSCAFG00845022291	lincDivg	1.1.1	5024
ENSMUSG00000075224	ENSMUSG00000085135	lncgConv	n.n.1	0	ENSCAFG00845022276	ENSCAFG00845022254	lncgConv	1.1.1	562
ENSMUSG00000075327	ENSMUSG00000095123	lncgDivg	1.1.1	3479	ENSCAFG00845021289	ENSCAFG00845000003	lncgDivg	1.1.1	3051
ENSMUSG00000076431	ENSMUSG00000086363	lincDivg	n.1.1	60545	ENSCAFG00845017149	ENSCAFG00845017101	lincDivg	1.1.1	57335
ENSMUSG00000076431	ENSMUSG00000086363	lincDivg	n.1.1	60545	ENSCAFG00845017149	ENSCAFG00845017123	lincDivg	1.1.1	35692
ENSMUSG00000078591	ENSMUSG00000085892	lincConv	1.1.1	77552	ENSCAFG00845004500	ENSCAFG00845004462	lincConv	1.1.1	93361
ENSMUSG00000078591	ENSMUSG00000085892	lincConv	1.1.1	77552	ENSCAFG00845004500	ENSCAFG00845004493	lincConv	1.1.1	14605
ENSMUSG00000078591	ENSMUSG00000085892	lincConv	1.1.1	77552	ENSCAFG00845004500	ENSCAFG00845004486	lincConv	1.1.1	20880
ENSMUSG00000078591	ENSMUSG00000085892	lincConv	1.1.1	77552	ENSCAFG00845004500	ENSCAFG00845004470	lincConv	1.1.1	74577
ENSMUSG00000078671	ENSMUSG00000108311	lincDivg	1.1.1	88787	ENSCAFG00845002446	ENSCAFG00845002719	lincDivg	1.1.1	35318
ENSMUSG00000078671	ENSMUSG00000108311	lincDivg	1.1.1	88787	ENSCAFG00845002446	ENSCAFG00845002714	lincDivg	1.1.1	15730
ENSMUSG00000078671	ENSMUSG00000108311	lincDivg	1.1.1	88787	ENSCAFG00845002446	ENSCAFG00845002709	lincDivg	1.1.1	5818
ENSMUSG00000078671	ENSMUSG00000120135	lincDivg	1.1.1	16976	ENSCAFG00845002446	ENSCAFG00845002719	lincDivg	1.1.1	35318
ENSMUSG00000078671	ENSMUSG00000120135	lincDivg	1.1.1	16976	ENSCAFG00845002446	ENSCAFG00845002714	lincDivg	1.1.1	15730
ENSMUSG00000078671	ENSMUSG00000120135	lincDivg	1.1.1	16976	ENSCAFG00845002446	ENSCAFG00845002709	lincDivg	1.1.1	5818
ENSMUSG00000078671	ENSMUSG00000108724	lincDivg	n.1.1	67118	ENSCAFG00845002446	ENSCAFG00845002719	lincDivg	1.1.1	35318
ENSMUSG00000078671	ENSMUSG00000108724	lincDivg	n.1.1	67118	ENSCAFG00845002446	ENSCAFG00845002714	lincDivg	1.1.1	15730
ENSMUSG00000078671	ENSMUSG00000108724	lincDivg	n.1.1	67118	ENSCAFG00845002446	ENSCAFG00845002709	lincDivg	1.1.1	5818
ENSMUSG00000079184	ENSMUSG00000097743	lncgConv	n.1.1	0	ENSCAFG00845024005	ENSCAFG00845023964	lncgConv	1.1.1	4198
ENSMUSG00000085795	ENSMUSG00000100335	lincDivg	n.1.1	92945	ENSCAFG00845013831	ENSCAFG00845013845	lincDivg	n.1.1	40630
ENSMUSG00000089911	ENSMUSG00000105339	lncgDivg	1.1.1	0	ENSCAFG00845013447	ENSCAFG00845013466	lncgDivg	1.1.1	2205
ENSMUSG00000090112	ENSMUSG00000090070	lncgDivg	1.1.1	0	ENSCAFG00845013379	ENSCAFG00845013621	lncgDivg	n.1.1	376
ENSMUSG00000090125	ENSMUSG00000098760	lncgDivg	1.1.1	0	ENSCAFG00845030221	ENSCAFG00845030208	lncgDivg	n.1.1	62912
ENSMUSG00000098923	ENSMUSG00000098447	lncgDivg	1.1.1	0	ENSCAFG00845027210	ENSCAFG00845027194	lncgDivg	1.1.1	3410
ENSMUSG00000102692	ENSMUSG00000103459	lincSS.dw	1.1.1	46193	ENSCAFG00845009547	ENSCAFG00845009507	lincSS.dw	1.1.1	5715
ENSMUSG00000104445	ENSMUSG00000097156	lincConv	n.1.1	12913	ENSCAFG00845009336	ENSCAFG00845009096	lincConv	n.1.1	14671
