PCG.Canis_lupus_familiaris	conf.Canis_lupus_familiaris	PCG.Homo_sapiens	conf.Homo_sapiens	lncRNA.Canis_lupus_familiaris	class.Canis_lupus_familiaris	distance.Canis_lupus_familiaris	lncRNA.Homo_sapiens	class.Homo_sapiens	distance.Homo_sapiens	orthology_type.Canis_lupus_familiaris-Homo_sapiens
ENSCAFG00845020085	lincConv	ENSG00000011198	lincConv	ENSCAFG00845020052	1.1.1	55277	ENSG00000235886	1.1.1	44590	one_to_one
ENSCAFG00845030187	lincConv	ENSG00000065802	lincConv	ENSCAFG00845030252	1.1.1	97404	ENSG00000225493	1.1.1	58440	one_to_one
ENSCAFG00845003083	lincConv	ENSG00000067082	lincConv	ENSCAFG00845003150	1.1.1	30866	ENSG00000229672;ENSG00000228353	n.1.1;1.1.1	12284;7245	one_to_many
ENSCAFG00845024331	lincConv	ENSG00000072657	lincConv	ENSCAFG00845024674	1.1.1	5231	ENSG00000258235	1.1.1	57165	one_to_one
ENSCAFG00845017289	lincConv	ENSG00000081189	lincConv	ENSCAFG00845017881;ENSCAFG00845018016	1.1.1;1.1.1	23726;56847	ENSG00000250555;ENSG00000245864;ENSG00000289008	1.1.1;n.n.1;1.1.1	24258;0;30958	many_to_many
ENSCAFG00845023211	lincConv	ENSG00000081237	lincConv	ENSCAFG00845022979	1.1.1	17992	ENSG00000229989	n.1.1	20385	one_to_one
ENSCAFG00845014958	lincConv	ENSG00000083642	lincConv	ENSCAFG00845014882	1.1.1	7248	ENSG00000226968	1.1.1	99412	one_to_one
ENSCAFG00845017702	lincConv	ENSG00000101188	lincConv	ENSCAFG00845017730	1.1.1	7067	ENSG00000228705	n.1.1	10209	one_to_one
ENSCAFG00845022093	lincConv	ENSG00000102781	lincConv	ENSCAFG00845022177	1.1.1	7152	ENSG00000232643	1.1.1	42038	one_to_one
ENSCAFG00845023240	lincConv	ENSG00000110435	lincConv	ENSCAFG00845023213	1.1.1	6169	ENSG00000289526	n.n.1	0	one_to_one
ENSCAFG00845002583	lincConv	ENSG00000112530	lincConv	ENSCAFG00845002599	1.1.1	20502	ENSG00000285726;ENSG00000285564	1.1.1;n.1.1	32519;22863	one_to_many
ENSCAFG00845001915	lincConv	ENSG00000116685	lincConv	ENSCAFG00845001956	1.1.1	14832	ENSG00000285646	n.1.1	10261	one_to_one
ENSCAFG00845016789	lincConv	ENSG00000122482	lincConv	ENSCAFG00845016905;ENSCAFG00845016895	1.1.1;1.1.1	41084;14488	ENSG00000285532;ENSG00000225446	n.1.1;n.1.1	65826;60045	many_to_many_strict
ENSCAFG00845005970	lincConv	ENSG00000125629	lincConv	ENSCAFG00845005912	n.1.1	17852	ENSG00000226856	n.1.1	21131	one_to_one
ENSCAFG00845027927	lincConv	ENSG00000125772	lincConv	ENSCAFG00845028099	1.1.1	42257	ENSG00000235820;ENSG00000230563	1.1.1;n.1.1	8550;68956	one_to_many
ENSCAFG00845023173	lincConv	ENSG00000134531	lincConv	ENSCAFG00845023152	1.1.1	22433	ENSG00000286869	1.1.1	18641	one_to_one
ENSCAFG00845005752	lincConv	ENSG00000139289	lincConv	ENSCAFG00845005712;ENSCAFG00845027451	1.1.1;1.1.1	12102;54184	ENSG00000257329	1.1.1	58385	many_to_one
ENSCAFG00845002272	lincConv	ENSG00000141433	lincConv	ENSCAFG00845002299	1.1.1	74576	ENSG00000272461;ENSG00000259837	1.1.1;1.1.1	50420;13911	one_to_many
ENSCAFG00845018942	lincConv	ENSG00000149212	lincConv	ENSCAFG00845019122	n.1.1	16263	ENSG00000245552	n.n.1	0	one_to_one
ENSCAFG00845017140	lincConv	ENSG00000151353	lincConv	ENSCAFG00845017035	1.1.1	13120	ENSG00000233633	n.1.1	85732	one_to_one
ENSCAFG00845011856	lincConv	ENSG00000151413	lincConv	ENSCAFG00845011966;ENSCAFG00845011999	1.1.1;1.1.1	8324;45586	ENSG00000257472	1.1.1	64577	many_to_one
ENSCAFG00845014242	lincConv	ENSG00000155093	lincConv	ENSCAFG00845014177	1.1.1	26556	ENSG00000223872;ENSG00000234210;ENSG00000233191	n.1.1;1.1.1;n.1.1	35148;39340;20398	one_to_many
ENSCAFG00845005055	lincConv	ENSG00000155511	lincConv	ENSCAFG00845005031;ENSCAFG00845005040	1.1.1;1.1.1	26191;18172	ENSG00000251183	1.1.1	73559	many_to_one
ENSCAFG00845002239	lincConv	ENSG00000155719	lincConv	ENSCAFG00845002216	1.1.1	6194	ENSG00000260306	1.1.1	32160	one_to_one
ENSCAFG00845021885	lincConv	ENSG00000160256	lincConv	ENSCAFG00845021920	1.1.1	7938	ENSG00000234880;ENSG00000261706;ENSG00000275874	n.1.1;1.1.1;1.1.1	12875;17373;22219	one_to_many
ENSCAFG00845024203	lincConv	ENSG00000165084	lincConv	ENSCAFG00845024368	1.1.1	16019	ENSG00000254337;ENSG00000253658	n.1.1;n.1.1	29714;61116	one_to_many
ENSCAFG00845015937	lincConv	ENSG00000167889	lincConv	ENSCAFG00845015860	n.1.1	29943	ENSG00000267521	1.1.1	6630	one_to_one
ENSCAFG00845028092	lincConv	ENSG00000169016	lincConv	ENSCAFG00845028042;ENSCAFG00845028027	1.1.1;1.1.1	19427;26040	ENSG00000285569	n.1.1	17189	many_to_one
ENSCAFG00845001189	lincConv	ENSG00000170677	lincConv	ENSCAFG00845001172	1.1.1	18107	ENSG00000266304;ENSG00000266278	1.1.1;1.1.1	5302;49941	one_to_many
ENSCAFG00845023121	lincConv	ENSG00000170852	lincConv	ENSCAFG00845023072	1.1.1	8366	ENSG00000272905	1.1.1	22111	one_to_one
ENSCAFG00845005837	lincConv	ENSG00000170860	lincConv	ENSCAFG00845005811;ENSCAFG00845005801	1.1.1;1.1.1	58482;87397	ENSG00000255021	1.1.1	71251	many_to_one
ENSCAFG00845030101	lincConv	ENSG00000174013	lincConv	ENSCAFG00845030113	1.1.1	5689	ENSG00000286661	1.1.1	9490	one_to_one
ENSCAFG00845002170	lincConv	ENSG00000174132	lincConv	ENSCAFG00845002155;ENSCAFG00845002139;ENSCAFG00845002148	1.1.1;1.1.1;1.1.1	8820;27556;21411	ENSG00000250806	1.1.1	67371	many_to_one
ENSCAFG00845020761	lincConv	ENSG00000175894	lincConv	ENSCAFG00845020719	1.1.1	6545	ENSG00000289857	1.1.1	14495	one_to_one
ENSCAFG00845009198	lincConv	ENSG00000176165	lincConv	ENSCAFG00845009239	1.1.1	10428	ENSG00000257056;ENSG00000257748	n.1.1;n.1.1	12632;29807	one_to_many
ENSCAFG00845021165	lincConv	ENSG00000178573	lincConv	ENSCAFG00845021356;ENSCAFG00845021337;ENSCAFG00845021260;ENSCAFG00845021365;ENSCAFG00845021391	1.1.1;1.1.1;1.1.1;1.1.1;1.1.1	45425;26326;5106;83124;96412	ENSG00000261472	1.1.1	69550	many_to_one
ENSCAFG00845020015	lincConv	ENSG00000181467	lincConv	ENSCAFG00845020194	1.1.1	48153	ENSG00000290079	1.1.1	50422	one_to_one
ENSCAFG00845027659	lincConv	ENSG00000182870	lincConv	ENSCAFG00845027718	1.1.1	17460	ENSG00000256312	1.1.1	5375	one_to_one
ENSCAFG00845015543	lincConv	ENSG00000184640	lincConv	ENSCAFG00845015466	1.1.1	7735	ENSG00000267466	1.1.1	62772	one_to_one
ENSCAFG00845012255	lincConv	ENSG00000188636	lincConv	ENSCAFG00845012265	1.1.1	11391	ENSG00000232655	1.1.1	47795	one_to_one
ENSCAFG00845004594	lincConv	ENSG00000189348	lincConv	ENSCAFG00845004586	1.1.1	15652	ENSG00000290987	1.1.1	17175	one_to_one
ENSCAFG00845005305	lincConv	ENSG00000196670	lincConv	ENSCAFG00845005282;ENSCAFG00845028395	1.1.1;1.1.1	34459;47521	ENSG00000245060	n.1.1	11874	many_to_one
ENSCAFG00845015149	lincConv	ENSG00000197056	lincConv	ENSCAFG00845015108	1.1.1	7136	ENSG00000284640	1.1.1	25656	one_to_one
ENSCAFG00845027963	lincConv	ENSG00000244752	lincConv	ENSCAFG00845028006	1.1.1	9463	ENSG00000233577;ENSG00000279298	n.1.1;1.1.1	47659;19653	one_to_many
ENSCAFG00845031029	lincConv	ENSG00000261115	lincConv	ENSCAFG00845031023	1.1.1	5199	ENSG00000261797	1.1.1	32318	one_to_one
ENSCAFG00845010723	lincConv	ENSG00000266074	lincConv	ENSCAFG00845010677	1.1.1	15623	ENSG00000278200	1.1.1	14192	one_to_one
ENSCAFG00845002386	lincDivg	ENSG00000002587	lincDivg	ENSCAFG00845002373	1.1.1	19244	ENSG00000251152	1.1.1	39686	one_to_one
ENSCAFG00845013083	lincDivg	ENSG00000022567	lincDivg	ENSCAFG00845013254	1.1.1	12193	ENSG00000254291	1.1.1	17825	one_to_one
ENSCAFG00845002810	lincDivg	ENSG00000033170	lincDivg	ENSCAFG00845002780;ENSCAFG00845002798;ENSCAFG00845002737;ENSCAFG00845002764;ENSCAFG00845002772	1.1.1;1.1.1;n.1.1;1.1.1;1.1.1	15938;5835;91520;52020;43793	ENSG00000258760	n.1.1	91802	many_to_one
ENSCAFG00845028796	lincDivg	ENSG00000049239	lincDivg	ENSCAFG00845028763	n.1.1	27072	ENSG00000228526	n.n.n	35868	one_to_one
ENSCAFG00845016980	lincDivg	ENSG00000057019	lincDivg	ENSCAFG00845017341;ENSCAFG00845017360	1.1.1;1.1.1	43715;66312	ENSG00000240476	1.1.1	79363	many_to_one
ENSCAFG00845029019	lincDivg	ENSG00000061936	lincDivg	ENSCAFG00845029152	n.1.1	14645	ENSG00000256424;ENSG00000256258	1.1.1;1.1.1	49258;87878	one_to_many
ENSCAFG00845023731	lincDivg	ENSG00000074527	lincDivg	ENSCAFG00845023891	1.1.1	11632	ENSG00000258292	1.1.1	11908	one_to_one
ENSCAFG00845014452	lincDivg	ENSG00000076554	lincDivg	ENSCAFG00845014581	1.1.1	89558	ENSG00000253238	n.n.n	34675	one_to_one
ENSCAFG00845014770	lincDivg	ENSG00000076641	lincDivg	ENSCAFG00845014816;ENSCAFG00845014794;ENSCAFG00845014805;ENSCAFG00845014811;ENSCAFG00845014799	1.1.1;1.1.1;1.1.1;1.1.1;1.1.1	50967;8329;33701;40583;26692	ENSG00000289242;ENSG00000253214	1.1.1;n.1.1	49329;37039	many_to_many
ENSCAFG00845003971	lincDivg	ENSG00000081177	lincDivg	ENSCAFG00845003952	1.1.1	19077	ENSG00000258957	n.n.1	0	one_to_one
ENSCAFG00845021171	lincDivg	ENSG00000095951	lincDivg	ENSCAFG00845021091	n.1.1	6812	ENSG00000225102	1.1.1	7476	one_to_one
ENSCAFG00845022289	lincDivg	ENSG00000100604	lincDivg	ENSCAFG00845022228	n.n.n	24583	ENSG00000258499	1.1.1	15668	one_to_one
ENSCAFG00845017528	lincDivg	ENSG00000101187	lincDivg	ENSCAFG00845017452;ENSCAFG00845017408;ENSCAFG00845017427	1.1.1;1.1.1;1.1.1	6227;46643;17109	ENSG00000232121;ENSG00000273812	1.1.1;n.1.1	6999;39148	many_to_many
ENSCAFG00845000590	lincDivg	ENSG00000101493	lincDivg	ENSCAFG00845000556	1.1.1	20567	ENSG00000266256	n.1.1	33410	one_to_one
ENSCAFG00845020627	lincDivg	ENSG00000109424	lincDivg	ENSCAFG00845020577	n.1.1	8039	ENSG00000287449	1.1.1	8884	one_to_one
ENSCAFG00845018393	lincDivg	ENSG00000109674	lincDivg	ENSCAFG00845018643;ENSCAFG00845018676	n.1.1;1.1.1	30115;61386	ENSG00000249008;ENSG00000287544	1.1.1;n.1.1	61101;8621	many_to_many_strict
ENSCAFG00845024317	lincDivg	ENSG00000110172	lincDivg	ENSCAFG00845024209	n.1.1	21513	ENSG00000261645	n.1.1	28127	one_to_one
ENSCAFG00845013960	lincDivg	ENSG00000111731	lincDivg	ENSCAFG00845013851	1.1.1	5137	ENSG00000250166	n.n.1	0	one_to_one
ENSCAFG00845020672	lincDivg	ENSG00000111859	lincDivg	ENSCAFG00845020833	n.1.1	24117	ENSG00000233656	n.1.1	34859	one_to_one
ENSCAFG00845004882	lincDivg	ENSG00000112494	lincDivg	ENSCAFG00845004897	n.1.1	80553	ENSG00000231720	1.1.1	30689	one_to_one
ENSCAFG00845017942	lincDivg	ENSG00000113578	lincDivg	ENSCAFG00845018073	1.1.1	25069	ENSG00000261757	1.1.1	5712	one_to_one
ENSCAFG00845003525	lincDivg	ENSG00000113594	lincDivg	ENSCAFG00845003499	1.1.1	16899	ENSG00000251189	1.1.1	73716	one_to_one
ENSCAFG00845010033	lincDivg	ENSG00000114541	lincDivg	ENSCAFG00845009866;ENSCAFG00845009890;ENSCAFG00845009910;ENSCAFG00845009900	1.1.1;1.1.1;1.1.1;1.1.1	76789;69901;11550;18731	ENSG00000241667	1.1.1	48758	many_to_one
ENSCAFG00845008171	lincDivg	ENSG00000115963	lincDivg	ENSCAFG00845008214;ENSCAFG00845008226	1.1.1;1.1.1	72032;80194	ENSG00000237220;ENSG00000224048	1.1.1;n.1.1	27123;73370	many_to_many_strict
ENSCAFG00845001606	lincDivg	ENSG00000117707	lincDivg	ENSCAFG00845001573	n.1.1	35827	ENSG00000281664	1.1.1	56527	one_to_one
ENSCAFG00845026362	lincDivg	ENSG00000123094	lincDivg	ENSCAFG00845026434;ENSCAFG00845026445;ENSCAFG00845026409	1.1.1;1.1.1;1.1.1	42450;47191;10773	ENSG00000256256	1.1.1	72377	many_to_one
ENSCAFG00845017149	lincDivg	ENSG00000124766	lincDivg	ENSCAFG00845017101;ENSCAFG00845017123	1.1.1;1.1.1	57335;35692	ENSG00000280989;ENSG00000231754	n.1.1;n.1.1	72337;69906	many_to_many_strict
ENSCAFG00845020385	lincDivg	ENSG00000125398	lincDivg	ENSCAFG00845020409;ENSCAFG00845020450;ENSCAFG00845020427	1.1.1;n.1.1;n.1.1	33258;58087;37850	ENSG00000228639;ENSG00000234899	n.1.1;n.n.1	62947;0	many_to_many
ENSCAFG00845001353	lincDivg	ENSG00000126603	lincDivg	ENSCAFG00845001367	1.1.1	12489	ENSG00000288935	1.1.1	7137	one_to_one
ENSCAFG00845002914	lincDivg	ENSG00000129993	lincDivg	ENSCAFG00845002788	1.1.1	17200	ENSG00000259989	1.1.1	6825	one_to_one
ENSCAFG00845017212	lincDivg	ENSG00000130700	lincDivg	ENSCAFG00845017322;ENSCAFG00845017277	n.1.1;1.1.1	49573;11655	ENSG00000289548	n.1.1	57962	many_to_one
ENSCAFG00845009258	lincDivg	ENSG00000133112	lincDivg	ENSCAFG00845009202	1.1.1	9082	ENSG00000228886	1.1.1	9039	one_to_one
ENSCAFG00845025360	lincDivg	ENSG00000134138	lincDivg	ENSCAFG00845025573	1.1.1	40408	ENSG00000274444	1.1.1	8288	one_to_one
ENSCAFG00845027461	lincDivg	ENSG00000134318	lincDivg	ENSCAFG00845028003	n.n.n	37588	ENSG00000224177	n.n.n	24282	one_to_one
ENSCAFG00845012599	lincDivg	ENSG00000134504	lincDivg	ENSCAFG00845012572;ENSCAFG00845012476	1.1.1;1.1.1	41118;57075	ENSG00000263677	n.1.1	28553	many_to_one
ENSCAFG00845009872	lincDivg	ENSG00000136011	lincDivg	ENSCAFG00845009755	1.1.1	62686	ENSG00000286197	1.1.1	15936	one_to_one
ENSCAFG00845012475	lincDivg	ENSG00000136997	lincDivg	ENSCAFG00845012441	n.1.1	40247	ENSG00000286010	1.1.1	64444	one_to_one
ENSCAFG00845020438	lincDivg	ENSG00000138061	lincDivg	ENSCAFG00845020563	1.1.1	48313	ENSG00000273006	1.1.1	83446	one_to_one
ENSCAFG00845016852	lincDivg	ENSG00000138642	lincDivg	ENSCAFG00845016779	1.1.1	12436	ENSG00000287181;ENSG00000286978	1.1.1;1.1.1	20316;17435	one_to_many
ENSCAFG00845030270	lincDivg	ENSG00000139174	lincDivg	ENSCAFG00845030254	1.1.1	72938	ENSG00000257114;ENSG00000257164	n.1.1;n.1.1	96840;56228	one_to_many
ENSCAFG00845004161	lincDivg	ENSG00000140521	lincDivg	ENSCAFG00845004193	n.1.1	30309	ENSG00000255571;ENSG00000289128	n.1.1;1.1.1	26718;65312	one_to_many
ENSCAFG00845004832	lincDivg	ENSG00000141404	lincDivg	ENSCAFG00845004812	1.1.1	59734	ENSG00000260759	1.1.1	19099	one_to_one
ENSCAFG00845023673	lincDivg	ENSG00000142186	lincDivg	ENSCAFG00845024037	1.1.1	22978	ENSG00000289259;ENSG00000289740;ENSG00000279243;ENSG00000290061;ENSG00000270117;ENSG00000289883	1.1.1;1.1.1;n.1.1;1.1.1;1.1.1;1.1.1	52810;17645;36363;32019;26460;47505	one_to_many
ENSCAFG00845004237	lincDivg	ENSG00000143333	lincDivg	ENSCAFG00845004244	1.1.1	7475	ENSG00000261504	1.1.1	10865	one_to_one
ENSCAFG00845020028	lincDivg	ENSG00000144191	lincDivg	ENSCAFG00845020262	1.1.1	11882	ENSG00000222000	n.n.1	0	one_to_one
ENSCAFG00845001601	lincDivg	ENSG00000145730	lincDivg	ENSCAFG00845001870;ENSCAFG00845001811;ENSCAFG00845001779;ENSCAFG00845001817;ENSCAFG00845001772;ENSCAFG00845001792;ENSCAFG00845001857;ENSCAFG00845001849	1.1.1;1.1.1;1.1.1;1.1.1;1.1.1;1.1.1;1.1.1;1.1.1	90067;45459;27675;58772;9326;32324;84023;74382	ENSG00000250682	n.1.1	82216	many_to_one
ENSCAFG00845003624	lincDivg	ENSG00000145934	lincDivg	ENSCAFG00845004062;ENSCAFG00845004083;ENSCAFG00845004030;ENSCAFG00845004051;ENSCAFG00845004057	1.1.1;1.1.1;1.1.1;1.1.1;1.1.1	66030;90353;28094;39609;57136	ENSG00000254130	1.1.1	52659	many_to_one
ENSCAFG00845028965	lincDivg	ENSG00000147481	lincDivg	ENSCAFG00845028799;ENSCAFG00845028818;ENSCAFG00845028782;ENSCAFG00845028831;ENSCAFG00845028807;ENSCAFG00845028793;ENSCAFG00845028825;ENSCAFG00845028784	1.1.1;1.1.1;1.1.1;1.1.1;1.1.1;1.1.1;1.1.1;1.1.1	44665;32693;90181;6069;39239;56480;25639;70734	ENSG00000253484	1.1.1	88845	many_to_one
ENSCAFG00845027626	lincDivg	ENSG00000152601	lincDivg	ENSCAFG00845027509	1.1.1	6495	ENSG00000289315;ENSG00000239941	n.1.1;1.1.1	38367;92104	one_to_many
ENSCAFG00845005948	lincDivg	ENSG00000157570	lincDivg	ENSCAFG00845005963	1.1.1	31831	ENSG00000255079	1.1.1	30164	one_to_one
ENSCAFG00845002794	lincDivg	ENSG00000162618	lincDivg	ENSCAFG00845002716	1.1.1	56218	ENSG00000285462;ENSG00000235011	1.1.1;1.1.1	42884;41645	one_to_many
ENSCAFG00845019687	lincDivg	ENSG00000163171	lincDivg	ENSCAFG00845019732;ENSCAFG00845019713;ENSCAFG00845019722	1.1.1;1.1.1;1.1.1	18491;6907;14516	ENSG00000236572	1.1.1	5865	many_to_one
ENSCAFG00845001461	lincDivg	ENSG00000164691	lincDivg	ENSCAFG00845001477	1.1.1	12248	ENSG00000224478	n.n.n	48941	one_to_one
ENSCAFG00845006790	lincDivg	ENSG00000165300	lincDivg	ENSCAFG00845006737	1.1.1	20733	ENSG00000272515	1.1.1	62137	one_to_one
ENSCAFG00845006897	lincDivg	ENSG00000165891	lincDivg	ENSCAFG00845007072	n.1.1	35013	ENSG00000286476	1.1.1	63609	one_to_one
ENSCAFG00845027576	lincDivg	ENSG00000168769	lincDivg	ENSCAFG00845027521;ENSCAFG00845027534;ENSCAFG00845027542	1.1.1;1.1.1;1.1.1	89114;68903;10840	ENSG00000251259	1.1.1	5256	many_to_one
ENSCAFG00845029066	lincDivg	ENSG00000169067	lincDivg	ENSCAFG00845029078	1.1.1	90377	ENSG00000249436	n.1.1	91216	one_to_one
ENSCAFG00845027603	lincDivg	ENSG00000169122	lincDivg	ENSCAFG00845027574;ENSCAFG00845027556;ENSCAFG00845027596;ENSCAFG00845027568;ENSCAFG00845027579;ENSCAFG00845027589;ENSCAFG00845027561	1.1.1;1.1.1;1.1.1;1.1.1;1.1.1;1.1.1;1.1.1	49740;98802;10662;55651;28858;22677;72597	ENSG00000253376	n.1.1	60194	many_to_one
ENSCAFG00845027205	lincDivg	ENSG00000169813	lincDivg	ENSCAFG00845027146	1.1.1	26259	ENSG00000230555	1.1.1	11552	one_to_one
ENSCAFG00845013162	lincDivg	ENSG00000170485	lincDivg	ENSCAFG00845016009;ENSCAFG00845015993	1.1.1;1.1.1	27634;11600	ENSG00000228488	1.1.1	97257	many_to_one
ENSCAFG00845030131	lincDivg	ENSG00000174004	lincDivg	ENSCAFG00845030117	1.1.1	9384	ENSG00000232065	1.1.1	6994	one_to_one
ENSCAFG00845016273	lincDivg	ENSG00000174749	lincDivg	ENSCAFG00845016219	n.1.1	30821	ENSG00000249815	n.1.1	33181	one_to_one
ENSCAFG00845011762	lincDivg	ENSG00000175866	lincDivg	ENSCAFG00845012132	1.1.1	12550	ENSG00000262873;ENSG00000262098	n.n.n;1.1.1	7043;9619	one_to_many
ENSCAFG00845002712	lincDivg	ENSG00000176715	lincDivg	ENSCAFG00845002775;ENSCAFG00845002749	n.n.n;1.1.1	22639;5819	ENSG00000256982	n.1.1	35400	many_to_one
ENSCAFG00845010071	lincDivg	ENSG00000177706	lincDivg	ENSCAFG00845010130	n.1.1	37151	ENSG00000232325;ENSG00000287883;ENSG00000261795;ENSG00000242474	1.1.1;1.1.1;1.1.1;n.1.1	96888;60537;27599;43044	one_to_many
ENSCAFG00845021949	lincDivg	ENSG00000181092	lincDivg	ENSCAFG00845021899	1.1.1	8454	ENSG00000289971	1.1.1	15154	one_to_one
ENSCAFG00845004496	lincDivg	ENSG00000182985	lincDivg	ENSCAFG00845004453;ENSCAFG00845004447;ENSCAFG00845004450;ENSCAFG00845004442;ENSCAFG00845004457;ENSCAFG00845004437	1.1.1;1.1.1;1.1.1;1.1.1;1.1.1;1.1.1	25187;65947;40240;72090;19399;90195	ENSG00000255689	n.1.1	77326	many_to_one
ENSCAFG00845013831	lincDivg	ENSG00000183779	lincDivg	ENSCAFG00845013845	n.1.1	40630	ENSG00000253344;ENSG00000254306;ENSG00000254290	1.1.1;1.1.1;n.1.1	21395;69909;95924	one_to_many
ENSCAFG00845012052	lincDivg	ENSG00000186654	lincDivg	ENSCAFG00845012224	1.1.1	11813	ENSG00000234300	1.1.1	43128	one_to_one
ENSCAFG00845029957	lincDivg	ENSG00000187969	lincDivg	ENSCAFG00845029920	n.1.1	11907	ENSG00000271533;ENSG00000230590	1.1.1;n.1.1	90520;10606	one_to_many
ENSCAFG00845003431	lincDivg	ENSG00000198081	lincDivg	ENSCAFG00845003440	1.1.1	10330	ENSG00000264254	1.1.1	13343	one_to_one
ENSCAFG00845006185	lincDivg	ENSG00000198894	lincDivg	ENSCAFG00845006155	1.1.1	26288	ENSG00000258473;ENSG00000258819	1.1.1;n.1.1	11669;21734	one_to_many
ENSCAFG00845000212	lincDivg	ENSG00000198961	lincDivg	ENSCAFG00845000198;ENSCAFG00845000192;ENSCAFG00845000186	1.1.1;n.1.1;1.1.1	13843;33764;96327	ENSG00000248440;ENSG00000251367;ENSG00000248876	1.1.1;1.1.1;1.1.1	87903;57379;60869	many_to_many_strict
ENSCAFG00845001964	lincDivg	ENSG00000205359	lincDivg	ENSCAFG00845001893	1.1.1	29882	ENSG00000250958	1.1.1	82352	one_to_one
ENSCAFG00845019777	lincSS.dw	ENSG00000030419	lincSS.dw	ENSCAFG00845019690	n.1.1	59389	ENSG00000286965	1.1.1	62171	one_to_one
ENSCAFG00845003515	lincSS.dw	ENSG00000065559	lincSS.dw	ENSCAFG00845003575;ENSCAFG00845003570	1.1.1;1.1.1	38755;31623	ENSG00000265400	1.1.1	57770	many_to_one
ENSCAFG00845027248	lincSS.dw	ENSG00000068784	lincSS.dw	ENSCAFG00845027133;ENSCAFG00845027119	1.1.1;1.1.1	28850;96169	ENSG00000205054	n.1.1	65283	many_to_one
ENSCAFG00845000506	lincSS.dw	ENSG00000074771	lincSS.dw	ENSCAFG00845000496	1.1.1	23703	ENSG00000232529	1.1.1	14185	one_to_one
ENSCAFG00845013638	lincSS.dw	ENSG00000075884	lincSS.dw	ENSCAFG00845013756	1.1.1	10436	ENSG00000236356	1.1.1	31115	one_to_one
ENSCAFG00845003856	lincSS.dw	ENSG00000077420	lincSS.dw	ENSCAFG00845003841	1.1.1	7771	ENSG00000290444	1.1.1	22062	one_to_one
ENSCAFG00845017289	lincSS.dw	ENSG00000081189	lincSS.dw	ENSCAFG00845017914	n.1.1	31504	ENSG00000250377;ENSG00000245526	n.1.1;n.1.1	22076;26060	one_to_many
ENSCAFG00845029408	lincSS.dw	ENSG00000091656	lincSS.dw	ENSCAFG00845029487	1.1.1	40993	ENSG00000253416	1.1.1	37310	one_to_one
ENSCAFG00845028176	lincSS.dw	ENSG00000092969	lincSS.dw	ENSCAFG00845028269;ENSCAFG00845028245	n.1.1;n.1.1	50291;20053	ENSG00000228208	n.1.1	14646	many_to_one
ENSCAFG00845022093	lincSS.dw	ENSG00000102781	lincSS.dw	ENSCAFG00845022182	1.1.1	21135	ENSG00000224511;ENSG00000232117	n.1.1;n.1.1	93735;43009	one_to_many
ENSCAFG00845004605	lincSS.dw	ENSG00000103196	lincSS.dw	ENSCAFG00845004596	1.1.1	13044	ENSG00000260340	1.1.1	7585	one_to_one
ENSCAFG00845009080	lincSS.dw	ENSG00000107186	lincSS.dw	ENSCAFG00845008854	n.1.1	54617	ENSG00000285637	n.1.1	71380	one_to_one
ENSCAFG00845007821	lincSS.dw	ENSG00000109606	lincSS.dw	ENSCAFG00845007874;ENSCAFG00845007915	n.1.1;1.1.1	35573;66646	ENSG00000289201	n.1.1	44490	many_to_one
ENSCAFG00845008311	lincSS.dw	ENSG00000109819	lincSS.dw	ENSCAFG00845008707	1.1.1	7394	ENSG00000251292	1.1.1	21462	one_to_one
ENSCAFG00845029309	lincSS.dw	ENSG00000111452	lincSS.dw	ENSCAFG00845029182	1.1.1	49769	ENSG00000204603	n.1.1	23542	one_to_one
ENSCAFG00845013920	lincSS.dw	ENSG00000113648	lincSS.dw	ENSCAFG00845013909	1.1.1	13127	ENSG00000249647	n.1.1	86202	one_to_one
ENSCAFG00845006622	lincSS.dw	ENSG00000115091	lincSS.dw	ENSCAFG00845006543	n.1.1	51562	ENSG00000234199;ENSG00000243179	n.1.1;1.1.1	16272;17313	one_to_many
ENSCAFG00845027249	lincSS.dw	ENSG00000115998	lincSS.dw	ENSCAFG00845027211	n.1.1	14290	ENSG00000231327	n.1.1	16962	one_to_one
ENSCAFG00845013765	lincSS.dw	ENSG00000118492	lincSS.dw	ENSCAFG00845013941	n.1.1	59587	ENSG00000227748	n.1.1	39521	one_to_one
ENSCAFG00845020596	lincSS.dw	ENSG00000119787	lincSS.dw	ENSCAFG00845020505	n.n.n	21942	ENSG00000227292	1.1.1	54364	one_to_one
ENSCAFG00845010164	lincSS.dw	ENSG00000119900	lincSS.dw	ENSCAFG00845010257;ENSCAFG00845010245;ENSCAFG00845010224;ENSCAFG00845010279;ENSCAFG00845010265;ENSCAFG00845010213;ENSCAFG00845010228	1.1.1;1.1.1;1.1.1;1.1.1;1.1.1;1.1.1;1.1.1	66802;43961;32174;96713;81093;22661;39287	ENSG00000230597	1.1.1	19883	many_to_one
ENSCAFG00845018138	lincSS.dw	ENSG00000121871	lincSS.dw	ENSCAFG00845018092	1.1.1	10958	ENSG00000239205	1.1.1	28658	one_to_one
ENSCAFG00845016789	lincSS.dw	ENSG00000122482	lincSS.dw	ENSCAFG00845016890	1.1.1	14487	ENSG00000272094	1.1.1	52378	one_to_one
ENSCAFG00845005439	lincSS.dw	ENSG00000123700	lincSS.dw	ENSCAFG00845005450	1.1.1	19046	ENSG00000289371	1.1.1	11199	one_to_one
ENSCAFG00845004370	lincSS.dw	ENSG00000125378	lincSS.dw	ENSCAFG00845004358;ENSCAFG00845004350	1.1.1;1.1.1	48089;58095	ENSG00000235269	1.1.1	98854	many_to_one
ENSCAFG00845019195	lincSS.dw	ENSG00000128607	lincSS.dw	ENSCAFG00845019142	1.1.1	6635	ENSG00000229196	n.1.1	6002	one_to_one
ENSCAFG00845010727	lincSS.dw	ENSG00000130638	lincSS.dw	ENSCAFG00845010686	1.1.1	10093	ENSG00000279954	1.1.1	30625	one_to_one
ENSCAFG00845004280	lincSS.dw	ENSG00000131143	lincSS.dw	ENSCAFG00845004265	1.1.1	18411	ENSG00000286510	1.1.1	39241	one_to_one
ENSCAFG00845011785	lincSS.dw	ENSG00000133627	lincSS.dw	ENSCAFG00845011883;ENSCAFG00845011950	1.1.1;1.1.1	35230;37332	ENSG00000286565	1.1.1	69855	many_to_one
ENSCAFG00845024422	lincSS.dw	ENSG00000134371	lincSS.dw	ENSCAFG00845024312	n.1.1	19480	ENSG00000232077	n.1.1	49930	one_to_one
ENSCAFG00845012475	lincSS.dw	ENSG00000136997	lincSS.dw	ENSCAFG00845012649;ENSCAFG00845012589	1.1.1;n.1.1	47755;45154	ENSG00000249859	n.1.1	51575	many_to_one
ENSCAFG00845016415	lincSS.dw	ENSG00000137834	lincSS.dw	ENSCAFG00845016520	1.1.1	68904	ENSG00000277152	1.1.1	77454	one_to_one
ENSCAFG00845028347	lincSS.dw	ENSG00000143353	lincSS.dw	ENSCAFG00845028380	1.1.1	47581	ENSG00000287676;ENSG00000277007	1.1.1;1.1.1	82117;57909	one_to_many
ENSCAFG00845015743	lincSS.dw	ENSG00000144847	lincSS.dw	ENSCAFG00845015643	1.1.1	11484	ENSG00000243276	n.1.1	89721	one_to_one
ENSCAFG00845014364	lincSS.dw	ENSG00000150471	lincSS.dw	ENSCAFG00845005529	1.1.1	6596	ENSG00000288659	n.1.1	55431	one_to_one
ENSCAFG00845010412	lincSS.dw	ENSG00000150540	lincSS.dw	ENSCAFG00845010450;ENSCAFG00845010463	1.1.1;1.1.1	7434;49013	ENSG00000224231	1.1.1	85514	many_to_one
ENSCAFG00845024108	lincSS.dw	ENSG00000150907	lincSS.dw	ENSCAFG00845024155	1.1.1	35249	ENSG00000215483	n.1.1	19860	one_to_one
ENSCAFG00845004137	lincSS.dw	ENSG00000151025	lincSS.dw	ENSCAFG00845004119	1.1.1	67535	ENSG00000280809	n.1.1	49483	one_to_one
ENSCAFG00845011856	lincSS.dw	ENSG00000151413	lincSS.dw	ENSCAFG00845011990;ENSCAFG00845011974	1.1.1;1.1.1	45565;8333	ENSG00000258474	1.1.1	83629	many_to_one
ENSCAFG00845014187	lincSS.dw	ENSG00000156687	lincSS.dw	ENSCAFG00845014068	n.1.1	25718	ENSG00000253452	n.1.1	65573	one_to_one
ENSCAFG00845027919	lincSS.dw	ENSG00000162814	lincSS.dw	ENSCAFG00845028096	1.1.1	9668	ENSG00000231814	n.1.1	21204	one_to_one
ENSCAFG00845019042	lincSS.dw	ENSG00000164056	lincSS.dw	ENSCAFG00845018950	n.n.n	58017	ENSG00000249125	n.1.1	86482	one_to_one
ENSCAFG00845017782	lincSS.dw	ENSG00000164117	lincSS.dw	ENSCAFG00845017753;ENSCAFG00845017740	1.1.1;1.1.1	7673;39644	ENSG00000248174;ENSG00000250957;ENSG00000251213;ENSG00000289179	n.1.1;1.1.1;1.1.1;1.1.1	16260;82021;67745;22184	many_to_many
ENSCAFG00845022762	lincSS.dw	ENSG00000164654	lincSS.dw	ENSCAFG00845022986	1.1.1	7900	ENSG00000272745	1.1.1	10940	one_to_one
ENSCAFG00845008865	lincSS.dw	ENSG00000165061	lincSS.dw	ENSCAFG00845009050;ENSCAFG00845009060	1.1.1;1.1.1	11816;20567	ENSG00000272479	1.1.1	10432	many_to_one
ENSCAFG00845030859	lincSS.dw	ENSG00000165832	lincSS.dw	ENSCAFG00845030880;ENSCAFG00845030878	1.1.1;1.1.1	16899;6255	ENSG00000236799	1.1.1	16981	many_to_one
ENSCAFG00845017785	lincSS.dw	ENSG00000166265	lincSS.dw	ENSCAFG00845017712	1.1.1	22849	ENSG00000273115	1.1.1	5995	one_to_one
ENSCAFG00845009708	lincSS.dw	ENSG00000167186	lincSS.dw	ENSCAFG00845009770	1.1.1	28671	ENSG00000260430	1.1.1	6736	one_to_one
ENSCAFG00845021328	lincSS.dw	ENSG00000169372	lincSS.dw	ENSCAFG00845021449	n.1.1	16408	ENSG00000271382	1.1.1	50201	one_to_one
ENSCAFG00845004289	lincSS.dw	ENSG00000169515	lincSS.dw	ENSCAFG00845004287	1.1.1	5260	ENSG00000269151	n.n.n	6053	one_to_one
ENSCAFG00845026988	lincSS.dw	ENSG00000170035	lincSS.dw	ENSCAFG00845027092	n.1.1	98363	ENSG00000234663	n.n.n	25347	one_to_one
ENSCAFG00845001189	lincSS.dw	ENSG00000170677	lincSS.dw	ENSCAFG00845001135;ENSCAFG00845001162	n.1.1;n.1.1	77075;19413	ENSG00000266258	n.1.1	5240	many_to_one
ENSCAFG00845013724	lincSS.dw	ENSG00000171045	lincSS.dw	ENSCAFG00845013609	1.1.1	31291	ENSG00000287332	1.1.1	26553	one_to_one
ENSCAFG00845028095	lincSS.dw	ENSG00000171150	lincSS.dw	ENSCAFG00845028153	1.1.1	30688	ENSG00000239332	n.n.n	36452	one_to_one
ENSCAFG00845012691	lincSS.dw	ENSG00000171246	lincSS.dw	ENSCAFG00845012730	1.1.1	10696	ENSG00000260369	1.1.1	12105	one_to_one
ENSCAFG00845028265	lincSS.dw	ENSG00000173212	lincSS.dw	ENSCAFG00845028306	1.1.1	20274	ENSG00000235933	1.1.1	26060	one_to_one
ENSCAFG00845009198	lincSS.dw	ENSG00000176165	lincSS.dw	ENSCAFG00845009249	n.1.1	16895	ENSG00000258038	n.1.1	59604	one_to_one
ENSCAFG00845022195	lincSS.dw	ENSG00000176887	lincSS.dw	ENSCAFG00845022249	1.1.1	5272	ENSG00000236106	n.1.1	24868	one_to_one
ENSCAFG00845026049	lincSS.dw	ENSG00000178695	lincSS.dw	ENSCAFG00845026033	1.1.1	17745	ENSG00000285572	n.1.1	33651	one_to_one
ENSCAFG00845011393	lincSS.dw	ENSG00000179104	lincSS.dw	ENSCAFG00845011476	n.1.1	26853	ENSG00000258338	1.1.1	36720	one_to_one
ENSCAFG00845021019	lincSS.dw	ENSG00000182950	lincSS.dw	ENSCAFG00845021070	n.n.n	27588	ENSG00000260288;ENSG00000291009	n.1.1;1.1.1	10132;47865	one_to_many
ENSCAFG00845020348	lincSS.dw	ENSG00000184571	lincSS.dw	ENSCAFG00845020254	1.1.1	21568	ENSG00000282012	1.1.1	23015	one_to_one
ENSCAFG00845011487	lincSS.dw	ENSG00000196090	lincSS.dw	ENSCAFG00845011168;ENSCAFG00845011159	1.1.1;1.1.1	39576;82356	ENSG00000228959	1.1.1	57274	many_to_one
ENSCAFG00845005305	lincSS.dw	ENSG00000196670	lincSS.dw	ENSCAFG00845005279;ENSCAFG00845005288;ENSCAFG00845005272	1.1.1;1.1.1;1.1.1	34519;25471;40166	ENSG00000286128	n.1.1	11885	many_to_one
ENSCAFG00845008402	lincSS.dw	ENSG00000196814	lincSS.dw	ENSCAFG00845008346	1.1.1	10946	ENSG00000233721;ENSG00000226078	1.1.1;1.1.1	9376;20577	one_to_many
ENSCAFG00845028385	lincSS.dw	ENSG00000198948	lincSS.dw	ENSCAFG00845028348	1.1.1	11550	ENSG00000248319	n.1.1	10644	one_to_one
ENSCAFG00845024249	lincSS.dw	ENSG00000205309	lincSS.dw	ENSCAFG00845024153;ENSCAFG00845024165	1.1.1;1.1.1	29180;10913	ENSG00000290056	1.1.1	44153	many_to_one
ENSCAFG00845014831	lincSS.dw	ENSG00000235568	lincSS.dw	ENSCAFG00845014849	n.1.1	11343	ENSG00000229891	n.1.1	11117	one_to_one
ENSCAFG00845025650	lincSS.dw	ENSG00000243927	lincSS.dw	ENSCAFG00845025720	1.1.1	15352	ENSG00000227456	n.1.1	14690	one_to_one
ENSCAFG00845001754	lincSS.dw	ENSG00000291237	lincSS.dw	ENSCAFG00845001701;ENSCAFG00845001707;ENSCAFG00845001689	1.1.1;1.1.1;1.1.1	33623;25527;62049	ENSG00000286533;ENSG00000237927	1.1.1;1.1.1	6442;79900	many_to_many
ENSCAFG00845000922	lincSS.up	ENSG00000007062	lincSS.up	ENSCAFG00845000781	n.1.1	18958	ENSG00000286280	1.1.1	29855	one_to_one
ENSCAFG00845016962	lincSS.up	ENSG00000009413	lincSS.up	ENSCAFG00845017364	1.1.1	21084	ENSG00000286616	1.1.1	21592	one_to_one
ENSCAFG00845017640	lincSS.up	ENSG00000010810	lincSS.up	ENSCAFG00845018189;ENSCAFG00845018143	1.1.1;1.1.1	16594;6825	ENSG00000227012	n.1.1	26853	many_to_one
ENSCAFG00845019761	lincSS.up	ENSG00000011465	lincSS.up	ENSCAFG00845019994	n.1.1	9627	ENSG00000289605	1.1.1	93024	one_to_one
ENSCAFG00845029718	lincSS.up	ENSG00000019485	lincSS.up	ENSCAFG00845005873	1.1.1	28403	ENSG00000287984	1.1.1	51753	one_to_one
ENSCAFG00845000045	lincSS.up	ENSG00000060069	lincSS.up	ENSCAFG00845000057	1.1.1	37788	ENSG00000267409	1.1.1	67500	one_to_one
ENSCAFG00845007651	lincSS.up	ENSG00000067715	lincSS.up	ENSCAFG00845007585	1.1.1	11679	ENSG00000257948	n.1.1	54998	one_to_one
ENSCAFG00845012045	lincSS.up	ENSG00000100852	lincSS.up	ENSCAFG00845012010	1.1.1	10365	ENSG00000258386	1.1.1	57429	one_to_one
ENSCAFG00845017528	lincSS.up	ENSG00000101187	lincSS.up	ENSCAFG00845017394;ENSCAFG00845017436;ENSCAFG00845017477	1.1.1;1.1.1;1.1.1	46643;16922;6368	ENSG00000289634;ENSG00000174407;ENSG00000229882;ENSG00000264490	1.1.1;n.1.1;1.1.1;1.1.1	38114;71736;6641;64996	many_to_many
ENSCAFG00845017036	lincSS.up	ENSG00000101665	lincSS.up	ENSCAFG00845016960	1.1.1	29850	ENSG00000266905	1.1.1	11986	one_to_one
ENSCAFG00845020208	lincSS.up	ENSG00000102189	lincSS.up	ENSCAFG00845020760	1.1.1	16774	ENSG00000257322	n.1.1	74059	one_to_one
ENSCAFG00845003441	lincSS.up	ENSG00000103479	lincSS.up	ENSCAFG00845003450	1.1.1	6897	ENSG00000262714	1.1.1	44892	one_to_one
ENSCAFG00845010745	lincSS.up	ENSG00000106070	lincSS.up	ENSCAFG00845010887	1.1.1	20860	ENSG00000236046	1.1.1	45901	one_to_one
ENSCAFG00845013780	lincSS.up	ENSG00000111554	lincSS.up	ENSCAFG00845013863	1.1.1	29503	ENSG00000273824	1.1.1	93950	one_to_one
ENSCAFG00845016633	lincSS.up	ENSG00000112242	lincSS.up	ENSCAFG00845016554	1.1.1	55119	ENSG00000286590	1.1.1	68686	one_to_one
ENSCAFG00845004882	lincSS.up	ENSG00000112494	lincSS.up	ENSCAFG00845004902	1.1.1	90976	ENSG00000280707;ENSG00000228648	n.1.1;1.1.1	33652;25253	one_to_many
ENSCAFG00845010033	lincSS.up	ENSG00000114541	lincSS.up	ENSCAFG00845009880;ENSCAFG00845009854	1.1.1;1.1.1	69901;76789	ENSG00000240842	1.1.1	21523	many_to_one
ENSCAFG00845006278	lincSS.up	ENSG00000116882	lincSS.up	ENSCAFG00845006244	1.1.1	25434	ENSG00000232650	n.1.1	12597	one_to_one
ENSCAFG00845015085	lincSS.up	ENSG00000117318	lincSS.up	ENSCAFG00845015067	1.1.1	6933	ENSG00000285802	1.1.1	16935	one_to_one
ENSCAFG00845008994	lincSS.up	ENSG00000118418	lincSS.up	ENSCAFG00845009075;ENSCAFG00845009084	1.1.1;1.1.1	5786;41473	ENSG00000286042	n.1.1	72980	many_to_one
ENSCAFG00845030681	lincSS.up	ENSG00000118971	lincSS.up	ENSCAFG00845030688	1.1.1	7711	ENSG00000289105	1.1.1	60948	one_to_one
ENSCAFG00845029017	lincSS.up	ENSG00000120963	lincSS.up	ENSCAFG00845029043	1.1.1	8991	ENSG00000253679;ENSG00000287479	1.1.1;1.1.1	55348;69232	one_to_many
ENSCAFG00845027134	lincSS.up	ENSG00000125810	lincSS.up	ENSCAFG00845027086;ENSCAFG00845027111;ENSCAFG00845027099	1.1.1;1.1.1;1.1.1	76035;44661;60401	ENSG00000233746	n.1.1	38744	many_to_one
ENSCAFG00845025300	lincSS.up	ENSG00000127955	lincSS.up	ENSCAFG00845025271	1.1.1	8203	ENSG00000287488	1.1.1	93013	one_to_one
ENSCAFG00845013341	lincSS.up	ENSG00000129691	lincSS.up	ENSCAFG00845013455	1.1.1	9513	ENSG00000286677;ENSG00000272128	1.1.1;1.1.1	6205;5562	one_to_many
ENSCAFG00845013721	lincSS.up	ENSG00000130675	lincSS.up	ENSCAFG00845013760	1.1.1	19018	ENSG00000236102	1.1.1	47046	one_to_one
ENSCAFG00845017212	lincSS.up	ENSG00000130700	lincSS.up	ENSCAFG00845017300;ENSCAFG00845017290	1.1.1;1.1.1	35648;23514	ENSG00000260542;ENSG00000174403	1.1.1;n.1.1	37914;68170	many_to_many_strict
ENSCAFG00845000981	lincSS.up	ENSG00000131508	lincSS.up	ENSCAFG00845000967	1.1.1	7311	ENSG00000286403	1.1.1	15057	one_to_one
ENSCAFG00845024946	lincSS.up	ENSG00000133030	lincSS.up	ENSCAFG00845025454	1.1.1	18181	ENSG00000287114	1.1.1	7400	one_to_one
ENSCAFG00845012599	lincSS.up	ENSG00000134504	lincSS.up	ENSCAFG00845012467;ENSCAFG00845012457;ENSCAFG00845012482;ENSCAFG00845012579	1.1.1;1.1.1;1.1.1;1.1.1	69205;83821;41118;23143	ENSG00000265369	1.1.1	30220	many_to_one
ENSCAFG00845009872	lincSS.up	ENSG00000136011	lincSS.up	ENSCAFG00845009782;ENSCAFG00845009800	1.1.1;1.1.1	60461;44066	ENSG00000257762	n.1.1	12835	many_to_one
ENSCAFG00845019258	lincSS.up	ENSG00000136574	lincSS.up	ENSCAFG00845019338	1.1.1	15734	ENSG00000286985	n.1.1	27626	one_to_one
ENSCAFG00845015420	lincSS.up	ENSG00000137166	lincSS.up	ENSCAFG00845015379	1.1.1	10611	ENSG00000226917	n.1.1	26529	one_to_one
ENSCAFG00845030270	lincSS.up	ENSG00000139174	lincSS.up	ENSCAFG00845030257;ENSCAFG00845030262	1.1.1;1.1.1	94063;40483	ENSG00000257510	n.1.1	24866	many_to_one
ENSCAFG00845019341	lincSS.up	ENSG00000139734	lincSS.up	ENSCAFG00845019997	1.1.1	5044	ENSG00000227336	1.1.1	50424	one_to_one
ENSCAFG00845000295	lincSS.up	ENSG00000140519	lincSS.up	ENSCAFG00845000314	1.1.1	23225	ENSG00000259218	n.1.1	17999	one_to_one
ENSCAFG00845004161	lincSS.up	ENSG00000140521	lincSS.up	ENSCAFG00845000235;ENSCAFG00845000244	1.1.1;1.1.1	42527;52404	ENSG00000287717	1.1.1	26296	many_to_one
ENSCAFG00845023673	lincSS.up	ENSG00000142186	lincSS.up	ENSCAFG00845024046;ENSCAFG00845024060	1.1.1;1.1.1	23078;26522	ENSG00000251562;ENSG00000286756	n.1.1;n.1.1	18561;36181	many_to_many_strict
ENSCAFG00845017033	lincSS.up	ENSG00000143032	lincSS.up	ENSCAFG00845016970	n.n.n	38217	ENSG00000233593	n.n.n	51784	one_to_one
ENSCAFG00845009185	lincSS.up	ENSG00000144057	lincSS.up	ENSCAFG00845009160;ENSCAFG00845009065;ENSCAFG00845009167	1.1.1;1.1.1;1.1.1	32128;36970;10528	ENSG00000286218	n.1.1	46631	many_to_one
ENSCAFG00845012014	lincSS.up	ENSG00000145321	lincSS.up	ENSCAFG00845012181	1.1.1	82284	ENSG00000248567	1.1.1	17264	one_to_one
ENSCAFG00845001601	lincSS.up	ENSG00000145730	lincSS.up	ENSCAFG00845001764;ENSCAFG00845001784;ENSCAFG00845001863;ENSCAFG00845001787;ENSCAFG00845001826;ENSCAFG00845001844;ENSCAFG00845001834;ENSCAFG00845001804	1.1.1;1.1.1;1.1.1;1.1.1;1.1.1;1.1.1;1.1.1;1.1.1	7525;27993;86863;32271;59229;74377;65672;45459	ENSG00000286338	1.1.1	27383	many_to_one
ENSCAFG00845010369	lincSS.up	ENSG00000148516	lincSS.up	ENSCAFG00845010484;ENSCAFG00845010519;ENSCAFG00845010508;ENSCAFG00845010528;ENSCAFG00845010497	1.1.1;1.1.1;1.1.1;1.1.1;1.1.1	23574;69469;55856;96787;41461	ENSG00000272381	n.1.1	56585	many_to_one
ENSCAFG00845018800	lincSS.up	ENSG00000150630	lincSS.up	ENSCAFG00845018706;ENSCAFG00845018756;ENSCAFG00845018769;ENSCAFG00845018780	1.1.1;1.1.1;1.1.1;1.1.1	90486;65442;27502;19829	ENSG00000249458	1.1.1	73692	many_to_one
ENSCAFG00845026437	lincSS.up	ENSG00000153707	lincSS.up	ENSCAFG00845027832;ENSCAFG00845027861;ENSCAFG00845027934;ENSCAFG00845027894;ENSCAFG00845027876;ENSCAFG00845027918	1.1.1;1.1.1;1.1.1;1.1.1;1.1.1;1.1.1	11138;33583;94694;64054;46853;71319	ENSG00000232035	1.1.1	18748	many_to_one
ENSCAFG00845005421	lincSS.up	ENSG00000153822	lincSS.up	ENSCAFG00845005407;ENSCAFG00845005413;ENSCAFG00845005399	1.1.1;1.1.1;n.1.1	65457;51959;80617	ENSG00000237560	n.1.1	58584	many_to_one
ENSCAFG00845026635	lincSS.up	ENSG00000157445	lincSS.up	ENSCAFG00845027164	1.1.1	25687	ENSG00000288029	1.1.1	63683	one_to_one
ENSCAFG00845010883	lincSS.up	ENSG00000157637	lincSS.up	ENSCAFG00845010832	1.1.1	33738	ENSG00000287431;ENSG00000185332;ENSG00000185168	1.1.1;n.1.1;n.1.1	43636;15723;8224	one_to_many
ENSCAFG00845025778	lincSS.up	ENSG00000159197	lincSS.up	ENSCAFG00845025769;ENSCAFG00845025747	1.1.1;1.1.1	7050;12248	ENSG00000214955	1.1.1	38972	many_to_one
ENSCAFG00845027623	lincSS.up	ENSG00000159261	lincSS.up	ENSCAFG00845027630	1.1.1	22368	ENSG00000231324	1.1.1	56112	one_to_one
ENSCAFG00845002794	lincSS.up	ENSG00000162618	lincSS.up	ENSCAFG00845002707	1.1.1	56193	ENSG00000282898	1.1.1	41645	one_to_one
ENSCAFG00845028198	lincSS.up	ENSG00000163393	lincSS.up	ENSCAFG00845028158	1.1.1	41910	ENSG00000228127	n.1.1	44897	one_to_one
ENSCAFG00845010679	lincSS.up	ENSG00000164442	lincSS.up	ENSCAFG00845010700	1.1.1	5335	ENSG00000238099	n.1.1	60988	one_to_one
ENSCAFG00845014465	lincSS.up	ENSG00000164506	lincSS.up	ENSCAFG00845013964	1.1.1	87885	ENSG00000196634	1.1.1	23188	one_to_one
ENSCAFG00845028592	lincSS.up	ENSG00000164512	lincSS.up	ENSCAFG00845028636	1.1.1	39745	ENSG00000249697	1.1.1	80575	one_to_one
ENSCAFG00845027576	lincSS.up	ENSG00000168769	lincSS.up	ENSCAFG00845027473	n.1.1	40326	ENSG00000248373	n.1.1	25875	one_to_one
ENSCAFG00845013162	lincSS.up	ENSG00000170485	lincSS.up	ENSCAFG00845016003;ENSCAFG00845016020	1.1.1;1.1.1	11666;27678	ENSG00000286737	1.1.1	72748	many_to_one
ENSCAFG00845008598	lincSS.up	ENSG00000170961	lincSS.up	ENSCAFG00845008636	1.1.1	5433	ENSG00000254209	n.1.1	27494	one_to_one
ENSCAFG00845028771	lincSS.up	ENSG00000171316	lincSS.up	ENSCAFG00845028686	n.1.1	23094	ENSG00000255289	1.1.1	14210	one_to_one
ENSCAFG00845029549	lincSS.up	ENSG00000179361	lincSS.up	ENSCAFG00845029510	1.1.1	11995	ENSG00000261775	1.1.1	24247	one_to_one
ENSCAFG00845012097	lincSS.up	ENSG00000179776	lincSS.up	ENSCAFG00845012148	1.1.1	15327	ENSG00000286928	1.1.1	31484	one_to_one
ENSCAFG00845004496	lincSS.up	ENSG00000182985	lincSS.up	ENSCAFG00845004463;ENSCAFG00845004406;ENSCAFG00845004445;ENSCAFG00845004460	1.1.1;n.1.1;1.1.1;1.1.1	10748;73424;64348;19383	ENSG00000256281	1.1.1	27365	many_to_one
ENSCAFG00845024998	lincSS.up	ENSG00000183023	lincSS.up	ENSCAFG00845025315;ENSCAFG00845025421	1.1.1;1.1.1	10976;75364	ENSG00000287468	1.1.1	9614	many_to_one
ENSCAFG00845013576	lincSS.up	ENSG00000183454	lincSS.up	ENSCAFG00845013541	1.1.1	28177	ENSG00000285543	1.1.1	31856	one_to_one
ENSCAFG00845026412	lincSS.up	ENSG00000184221	lincSS.up	ENSCAFG00845026388	1.1.1	5070	ENSG00000232539	1.1.1	5158	one_to_one
ENSCAFG00845002371	lincSS.up	ENSG00000184371	lincSS.up	ENSCAFG00845002398	1.1.1	32089	ENSG00000228420;ENSG00000261055	1.1.1;1.1.1	38806;12381	one_to_many
ENSCAFG00845003905	lincSS.up	ENSG00000185920	lincSS.up	ENSCAFG00845003835	1.1.1	8811	ENSG00000229345	n.1.1	82381	one_to_one
ENSCAFG00845006844	lincSS.up	ENSG00000186496	lincSS.up	ENSCAFG00845004860	1.1.1	5336	ENSG00000275512	1.1.1	26659	one_to_one
ENSCAFG00845019243	lincSS.up	ENSG00000187634	lincSS.up	ENSCAFG00845019165;ENSCAFG00845019155;ENSCAFG00845019136	1.1.1;1.1.1;1.1.1	5319;17216;28497	ENSG00000228794;ENSG00000241180;ENSG00000272438;ENSG00000288531;ENSG00000230699	n.1.1;1.1.1;1.1.1;n.1.1;1.1.1	64477;8952;7947;55721;8975	many_to_many
ENSCAFG00845022921	lincSS.up	ENSG00000187821	lincSS.up	ENSCAFG00845023011	1.1.1	69451	ENSG00000248517	1.1.1	13304	one_to_one
ENSCAFG00845002881	lincSS.up	ENSG00000187824	lincSS.up	ENSCAFG00845002911	1.1.1	22131	ENSG00000264016	n.n.n	11234	one_to_one
ENSCAFG00845020350	lincSS.up	ENSG00000197329	lincSS.up	ENSCAFG00845020422	1.1.1	52313	ENSG00000230923	n.1.1	40658	one_to_one
ENSCAFG00845006185	lincSS.up	ENSG00000198894	lincSS.up	ENSCAFG00845006096;ENSCAFG00845006141;ENSCAFG00845006121;ENSCAFG00845006110	1.1.1;n.1.1;n.1.1;1.1.1	62337;26816;51105;61009	ENSG00000287004	1.1.1	12149	many_to_one
ENSCAFG00845026309	lincSS.up	ENSG00000205929	lincSS.up	ENSCAFG00845026338	1.1.1	10107	ENSG00000232360	1.1.1	30624	one_to_one
ENSCAFG00845010723	lincSS.up	ENSG00000266074	lincSS.up	ENSCAFG00845010811	1.1.1	16661	ENSG00000263154;ENSG00000274833	1.1.1;1.1.1	21243;7691	one_to_many
ENSCAFG00845025032	lncgConv	ENSG00000005108	lncgConv	ENSCAFG00845025005	1.1.1	734	ENSG00000230333	n.n.n	0	one_to_one
ENSCAFG00845009366	lncgConv	ENSG00000017427	lncgConv	ENSCAFG00845009290	1.1.1	2237	ENSG00000283052;ENSG00000281344	n.n.1;1.1.1	0;0	one_to_many
ENSCAFG00845024620	lncgConv	ENSG00000029153	lncgConv	ENSCAFG00845024548	1.1.1	2386	ENSG00000245311	1.1.1	0	one_to_one
ENSCAFG00845018674	lncgConv	ENSG00000032219	lncgConv	ENSCAFG00845018911	1.1.1	2263	ENSG00000258658	1.1.1	0	one_to_one
ENSCAFG00845002309	lncgConv	ENSG00000070770	lncgConv	ENSCAFG00845002343	1.1.1	1211	ENSG00000260927	n.1.1	0	one_to_one
ENSCAFG00845019379	lncgConv	ENSG00000091732	lncgConv	ENSCAFG00845019635	1.1.1	2129	ENSG00000244036	n.1.1	0	one_to_one
ENSCAFG00845004801	lncgConv	ENSG00000109790	lncgConv	ENSCAFG00845004766	1.1.1	439	ENSG00000249207	n.n.1	0	one_to_one
ENSCAFG00845007185	lncgConv	ENSG00000110075	lncgConv	ENSCAFG00845006895	1.1.1	396	ENSG00000260808	n.n.1	0	one_to_one
ENSCAFG00845002912	lncgConv	ENSG00000113209	lncgConv	ENSCAFG00845002920	1.1.1	3422	ENSG00000280029	n.n.n	0	one_to_one
ENSCAFG00845014238	lncgConv	ENSG00000117602	lncgConv	ENSCAFG00845014174	1.1.1	2488	ENSG00000264443	1.1.1	0	one_to_one
ENSCAFG00845024890	lncgConv	ENSG00000118939	lncgConv	ENSCAFG00845025053	1.1.1	1564	ENSG00000261105	n.1.n	0	one_to_one
ENSCAFG00845027360	lncgConv	ENSG00000121068	lncgConv	ENSCAFG00845027339	1.1.1	1481	ENSG00000267280	n.n.n	0	one_to_one
ENSCAFG00845001755	lncgConv	ENSG00000121931	lncgConv	ENSCAFG00845001767	1.1.1	339	ENSG00000232811	1.1.1	0	one_to_one
ENSCAFG00845015522	lncgConv	ENSG00000124613	lncgConv	ENSCAFG00845015541	1.1.1	891	ENSG00000271755	1.1.1	102	one_to_one
ENSCAFG00845018313	lncgConv	ENSG00000124786	lncgConv	ENSCAFG00845018186	1.1.1	601	ENSG00000285216	1.1.1	0	one_to_one
ENSCAFG00845013634	lncgConv	ENSG00000127334	lncgConv	ENSCAFG00845013660	1.1.1	1781	ENSG00000235872	1.1.1	0	one_to_one
ENSCAFG00845012083	lncgConv	ENSG00000128052	lncgConv	ENSCAFG00845012013	1.1.1	38	ENSG00000250646	1.1.1	0	one_to_one
ENSCAFG00845025407	lncgConv	ENSG00000131061	lncgConv	ENSCAFG00845025537	1.1.1	437	ENSG00000230753	n.1.1	0	one_to_one
ENSCAFG00845003745	lncgConv	ENSG00000134986	lncgConv	ENSCAFG00845003755	1.1.1	4950	ENSG00000246859	n.n.1	0	one_to_one
ENSCAFG00845022666	lncgConv	ENSG00000136478	lncgConv	ENSCAFG00845022560	n.1.1	781	ENSG00000266402	n.1.1	751	one_to_one
ENSCAFG00845001961	lncgConv	ENSG00000137449	lncgConv	ENSCAFG00845001762	n.1.1	3353	ENSG00000249252	n.n.1	0	one_to_one
ENSCAFG00845016504	lncgConv	ENSG00000139946	lncgConv	ENSCAFG00845016551	1.1.1	366	ENSG00000259483	1.1.1	1966	one_to_one
ENSCAFG00845000843	lncgConv	ENSG00000140548	lncgConv	ENSCAFG00845000864	1.1.1	263	ENSG00000259291	n.1.1	0	one_to_one
ENSCAFG00845003872	lncgConv	ENSG00000145777	lncgConv	ENSCAFG00845003869	1.1.1	1130	ENSG00000253613	1.1.1	0	one_to_one
ENSCAFG00845014364	lncgConv	ENSG00000150471	lncgConv	ENSCAFG00845005520	1.1.1	498	ENSG00000248692	n.n.1	0	one_to_one
ENSCAFG00845030375	lncgConv	ENSG00000151067	lncgConv	ENSCAFG00845030545	1.1.1	1368	ENSG00000256150	n.1.n	0	one_to_one
ENSCAFG00845000166	lncgConv	ENSG00000151468	lncgConv	ENSCAFG00845000176	1.1.1	1239	ENSG00000285520	1.1.1	0	one_to_one
ENSCAFG00845029867	lncgConv	ENSG00000151532	lncgConv	ENSCAFG00845029891	1.1.1	2062	ENSG00000285676	n.n.1	0	one_to_one
ENSCAFG00845000654	lncgConv	ENSG00000152475	lncgConv	ENSCAFG00845000661	1.1.1	630	ENSG00000269054	n.1.n	0	one_to_one
ENSCAFG00845025133	lncgConv	ENSG00000152518	lncgConv	ENSCAFG00845025110	1.1.1	179	ENSG00000287387	1.1.1	0	one_to_one
ENSCAFG00845023220	lncgConv	ENSG00000155657	lncgConv	ENSCAFG00845022594	1.1.1	1674	ENSG00000237298	n.n.1	0	one_to_one
ENSCAFG00845028583	lncgConv	ENSG00000157538	lncgConv	ENSCAFG00845028522	1.1.1	366	ENSG00000242553;ENSG00000230366	1.1.1;n.1.1	0;1684	one_to_many
ENSCAFG00845002735	lncgConv	ENSG00000158816	lncgConv	ENSCAFG00845002702	1.1.1	21	ENSG00000236963	n.1.1	1061	one_to_one
ENSCAFG00845013396	lncgConv	ENSG00000163637	lncgConv	ENSCAFG00845013442	1.1.1	583	ENSG00000241111	1.1.1	0	one_to_one
ENSCAFG00845017338	lncgConv	ENSG00000164070	lncgConv	ENSCAFG00845027088	1.1.1	2988	ENSG00000261668	1.1.1	0	one_to_one
ENSCAFG00845029625	lncgConv	ENSG00000164099	lncgConv	ENSCAFG00845029601	1.1.1	435	ENSG00000269893	n.n.1	0	one_to_one
ENSCAFG00845008553	lncgConv	ENSG00000164932	lncgConv	ENSCAFG00845008574	1.1.1	1750	ENSG00000266289	1.1.1	89	one_to_one
ENSCAFG00845029704	lncgConv	ENSG00000168427	lncgConv	ENSCAFG00845029719	1.1.1	1405	ENSG00000279484	n.n.1	0	one_to_one
ENSCAFG00845000708	lncgConv	ENSG00000169744	lncgConv	ENSCAFG00845000739	1.1.1	2369	ENSG00000248138	n.n.1	0	one_to_one
ENSCAFG00845027311	lncgConv	ENSG00000169836	lncgConv	ENSCAFG00845027288	1.1.1	1542	ENSG00000251577	n.1.1	0	one_to_one
ENSCAFG00845026988	lncgConv	ENSG00000170035	lncgConv	ENSCAFG00845027032	1.1.1	1119	ENSG00000238171	1.1.1	0	one_to_one
ENSCAFG00845013026	lncgConv	ENSG00000175356	lncgConv	ENSCAFG00845012799	1.1.1	846	ENSG00000253973	n.1.n	0	one_to_one
ENSCAFG00845006344	lncgConv	ENSG00000175497	lncgConv	ENSCAFG00845006107	1.1.1	3628	ENSG00000287451	1.1.1	0	one_to_one
ENSCAFG00845020761	lncgConv	ENSG00000175894	lncgConv	ENSCAFG00845020737	1.1.1	2068	ENSG00000228709	n.1.1	2374	one_to_one
ENSCAFG00845009934	lncgConv	ENSG00000180098	lncgConv	ENSCAFG00845009830	1.1.1	27	ENSG00000197989	n.n.1	0	one_to_one
ENSCAFG00845027975	lncgConv	ENSG00000182463	lncgConv	ENSCAFG00845028011	1.1.1	4454	ENSG00000259723	1.1.1	0	one_to_one
ENSCAFG00845006283	lncgConv	ENSG00000182771	lncgConv	ENSCAFG00845006263	1.1.1	538	ENSG00000234942	n.1.1	0	one_to_one
ENSCAFG00845028591	lncgConv	ENSG00000185532	lncgConv	ENSCAFG00845028471	1.1.1	1475	ENSG00000236671	n.n.n	0	one_to_one
ENSCAFG00845003473	lncgConv	ENSG00000185669	lncgConv	ENSCAFG00845003485	1.1.1	1139	ENSG00000260630	n.n.n	0	one_to_one
ENSCAFG00845003273	lncgConv	ENSG00000185742	lncgConv	ENSCAFG00845003223	1.1.1	36	ENSG00000255028	n.1.1	0	one_to_one
ENSCAFG00845018126	lncgConv	ENSG00000185973	lncgConv	ENSCAFG00845018105	1.1.1	1045	ENSG00000224533;ENSG00000225393	n.n.1;1.1.1	0;1965	one_to_many
ENSCAFG00845000113	lncgConv	ENSG00000186020	lncgConv	ENSCAFG00845000094	1.1.1	1404	ENSG00000228629	1.1.1	0	one_to_one
ENSCAFG00845017951	lncgConv	ENSG00000186407	lncgConv	ENSCAFG00845017979	1.1.1	2421	ENSG00000261222	n.1.1	2639	one_to_one
ENSCAFG00845003925	lncgConv	ENSG00000186628	lncgConv	ENSCAFG00845003886	1.1.1	1575	ENSG00000252690;ENSG00000250988	1.1.1;n.n.1	0;0	one_to_many
ENSCAFG00845007558	lncgConv	ENSG00000188227	lncgConv	ENSCAFG00845007584	1.1.1	1676	ENSG00000180458	1.1.1	0	one_to_one
ENSCAFG00845018997	lncgConv	ENSG00000196700	lncgConv	ENSCAFG00845018871	1.1.1	3592	ENSG00000280213	1.1.1	0	one_to_one
ENSCAFG00845011255	lncgConv	ENSG00000205279	lncgConv	ENSCAFG00845011293	1.1.1	2151	ENSG00000248799	1.1.1	0	one_to_one
ENSCAFG00845020393	lncgConv	ENSG00000213246	lncgConv	ENSCAFG00845020376	1.1.1	1598	ENSG00000265148	n.n.n	0	one_to_one
ENSCAFG00845000698	lncgConv	ENSG00000215421	lncgConv	ENSCAFG00845000678	1.1.1	1438	ENSG00000278607	n.1.1	4521	one_to_one
ENSCAFG00845007911	lncgConv	ENSG00000257727	lncgConv	ENSCAFG00845007886	1.1.1	2009	ENSG00000257303	n.1.n	0	one_to_one
ENSCAFG00845002386	lncgDivg	ENSG00000002587	lncgDivg	ENSCAFG00845002377	1.1.1	3452	ENSG00000287778	n.n.1	0	one_to_one
ENSCAFG00845017152	lncgDivg	ENSG00000002746	lncgDivg	ENSCAFG00845017845	1.1.1	960	ENSG00000232006;ENSG00000228680;ENSG00000231638	n.n.n;n.1.1;1.1.1	0;0;0	one_to_many
ENSCAFG00845017640	lncgDivg	ENSG00000010810	lncgDivg	ENSCAFG00845018124	1.1.1	1495	ENSG00000289256	n.1.1	136	one_to_one
ENSCAFG00845022066	lncgDivg	ENSG00000012232	lncgDivg	ENSCAFG00845022152	1.1.1	4215	ENSG00000246339	n.n.1	0	one_to_one
ENSCAFG00845025631	lncgDivg	ENSG00000013573	lncgDivg	ENSCAFG00845025422	1.1.1	139	ENSG00000245614	n.1.1	13	one_to_one
ENSCAFG00845008549	lncgDivg	ENSG00000014123	lncgDivg	ENSCAFG00845008529	1.1.1	112	ENSG00000233797	n.n.1	0	one_to_one
ENSCAFG00845023767	lncgDivg	ENSG00000034713	lncgDivg	ENSCAFG00845023863	1.1.1	127	ENSG00000276523	1.1.1	0	one_to_one
ENSCAFG00845027818	lncgDivg	ENSG00000047346	lncgDivg	ENSCAFG00845027920	1.1.1	2207	ENSG00000287500	1.1.1	0	one_to_one
ENSCAFG00845006703	lncgDivg	ENSG00000048052	lncgDivg	ENSCAFG00845006565	1.1.1	1241	ENSG00000225000;ENSG00000226522	1.1.1;1.1.1	0;0	one_to_many
ENSCAFG00845025995	lncgDivg	ENSG00000048405	lncgDivg	ENSCAFG00845025933	1.1.1	832	ENSG00000224138	1.1.1	0	one_to_one
ENSCAFG00845013039	lncgDivg	ENSG00000053328	lncgDivg	ENSCAFG00845013054	1.1.1	1829	ENSG00000287268	1.1.1	0	one_to_one
ENSCAFG00845000045	lncgDivg	ENSG00000060069	lncgDivg	ENSCAFG00845000055	1.1.1	631	ENSG00000274828;ENSG00000266901;ENSG00000178412	1.1.1;1.1.1;1.1.1	439;0;58	one_to_many
ENSCAFG00845010390	lncgDivg	ENSG00000060558	lncgDivg	ENSCAFG00845010438	1.1.1	699	ENSG00000267551	1.1.1	0	one_to_one
ENSCAFG00845006393	lncgDivg	ENSG00000062650	lncgDivg	ENSCAFG00845006535	1.1.1	2546	ENSG00000227896	1.1.1	153	one_to_one
ENSCAFG00845025354	lncgDivg	ENSG00000065413	lncgDivg	ENSCAFG00845026192	1.1.1	472	ENSG00000231621;ENSG00000225979	n.1.1;1.1.1	0;220	one_to_many
ENSCAFG00845007651	lncgDivg	ENSG00000067715	lncgDivg	ENSCAFG00845007600	1.1.1	1238	ENSG00000257191	1.1.1	0	one_to_one
ENSCAFG00845028570	lncgDivg	ENSG00000069943	lncgDivg	ENSCAFG00845028556	1.1.1	21	ENSG00000277548;ENSG00000274765	1.1.1;1.1.1	0;0	one_to_many
ENSCAFG00845014800	lncgDivg	ENSG00000070423	lncgDivg	ENSCAFG00845014778	1.1.1	187	ENSG00000267666	1.1.1	249	one_to_one
ENSCAFG00845025229	lncgDivg	ENSG00000072609	lncgDivg	ENSCAFG00845025179	1.1.1	201	ENSG00000236617;ENSG00000250790	1.1.1;1.1.1	0;0	one_to_many
ENSCAFG00845005700	lncgDivg	ENSG00000074590	lncgDivg	ENSCAFG00845005687	1.1.1	786	ENSG00000257438	1.1.1	0	one_to_one
ENSCAFG00845002161	lncgDivg	ENSG00000080503	lncgDivg	ENSCAFG00845002071	1.1.1	1811	ENSG00000236199	1.1.1	0	one_to_one
ENSCAFG00845002440	lncgDivg	ENSG00000080608	lncgDivg	ENSCAFG00845002471	1.1.1	1612	ENSG00000289552	1.1.1	219	one_to_one
ENSCAFG00845022333	lncgDivg	ENSG00000081320	lncgDivg	ENSCAFG00845022375	1.1.1	744	ENSG00000272211	1.1.1	0	one_to_one
ENSCAFG00845011818	lncgDivg	ENSG00000087903	lncgDivg	ENSCAFG00845011782	1.1.1	1	ENSG00000267262;ENSG00000267299	n.1.1;1.1.1	0;0	one_to_many
ENSCAFG00845024211	lncgDivg	ENSG00000089116	lncgDivg	ENSCAFG00845024262	1.1.1	490	ENSG00000257935	n.n.1	0	one_to_one
ENSCAFG00845029643	lncgDivg	ENSG00000090661	lncgDivg	ENSCAFG00845029620	1.1.1	659	ENSG00000271717	1.1.1	0	one_to_one
ENSCAFG00845006249	lncgDivg	ENSG00000091039	lncgDivg	ENSCAFG00845006552	1.1.1	288	ENSG00000257526	n.1.1	2485	one_to_one
ENSCAFG00845005513	lncgDivg	ENSG00000092421	lncgDivg	ENSCAFG00845005650	n.1.1	2264	ENSG00000249167;ENSG00000248445	n.n.1;n.n.1	0;0	one_to_many
ENSCAFG00845011398	lncgDivg	ENSG00000093000	lncgDivg	ENSCAFG00845011464	1.1.1	316	ENSG00000226328	n.1.1	11302	one_to_one
ENSCAFG00845027518	lncgDivg	ENSG00000093167	lncgDivg	ENSCAFG00845028180	1.1.1	301	ENSG00000290046;ENSG00000271993	1.1.1;1.1.1	0;0	one_to_many
ENSCAFG00845029693	lncgDivg	ENSG00000100109	lncgDivg	ENSCAFG00845029702	1.1.1	136	ENSG00000261188	n.n.1	0	one_to_one
ENSCAFG00845027398	lncgDivg	ENSG00000100288	lncgDivg	ENSCAFG00845027295	n.1.1	246	ENSG00000272940;ENSG00000205559	1.1.1;n.1.1	0;0	one_to_many
ENSCAFG00845004209	lncgDivg	ENSG00000101489	lncgDivg	ENSCAFG00845004142	n.1.1	1550	ENSG00000267707;ENSG00000267202;ENSG00000285940	1.1.1;n.1.1;n.n.1	0;0;0	one_to_many
ENSCAFG00845000590	lncgDivg	ENSG00000101493	lncgDivg	ENSCAFG00845000571;ENSCAFG00845000566	1.1.1;1.1.1	575;3911	ENSG00000265778;ENSG00000263982;ENSG00000275763	n.1.1;1.1.1;1.1.1	0;0;279	many_to_many
ENSCAFG00845004692	lncgDivg	ENSG00000101558	lncgDivg	ENSCAFG00845004685	1.1.1	1210	ENSG00000272799	1.1.1	1167	one_to_one
ENSCAFG00845002887	lncgDivg	ENSG00000101751	lncgDivg	ENSCAFG00845002908	1.1.1	3266	ENSG00000277324	1.1.1	0	one_to_one
ENSCAFG00845024154	lncgDivg	ENSG00000102543	lncgDivg	ENSCAFG00845024376	1.1.1	1327	ENSG00000288743	1.1.1	85	one_to_one
ENSCAFG00845009733	lncgDivg	ENSG00000102804	lncgDivg	ENSCAFG00845009674	1.1.1	16	ENSG00000278156	n.n.1	0	one_to_one
ENSCAFG00845004446	lncgDivg	ENSG00000102924	lncgDivg	ENSCAFG00845004434	1.1.1	236	ENSG00000279249	n.n.n	1829	one_to_one
ENSCAFG00845013226	lncgDivg	ENSG00000105810	lncgDivg	ENSCAFG00845013253	1.1.1	1218	ENSG00000286742;ENSG00000237819	n.1.1;n.n.1	0;0	one_to_many
ENSCAFG00845009632	lncgDivg	ENSG00000105875	lncgDivg	ENSCAFG00845009605	1.1.1	1903	ENSG00000231794	n.n.1	0	one_to_one
ENSCAFG00845004136	lncgDivg	ENSG00000106236	lncgDivg	ENSCAFG00845004150	n.1.1	1254	ENSG00000288889	1.1.1	135	one_to_one
ENSCAFG00845000056	lncgDivg	ENSG00000107372	lncgDivg	ENSCAFG00845000049	1.1.1	3779	ENSG00000288865	1.1.1	188	one_to_one
ENSCAFG00845027843	lncgDivg	ENSG00000107954	lncgDivg	ENSCAFG00845027810	1.1.1	524	ENSG00000235470;ENSG00000287419	n.n.1;1.1.1	0;0	one_to_many
ENSCAFG00845005385	lncgDivg	ENSG00000108984	lncgDivg	ENSCAFG00845005375	1.1.1	1717	ENSG00000267653	1.1.1	0	one_to_one
ENSCAFG00845001046	lncgDivg	ENSG00000110330	lncgDivg	ENSCAFG00845001084	1.1.1	2634	ENSG00000288833	1.1.1	1	one_to_one
ENSCAFG00845020064	lncgDivg	ENSG00000111300	lncgDivg	ENSCAFG00845020310	1.1.1	3	ENSG00000258323	1.1.1	0	one_to_one
ENSCAFG00845000139	lncgDivg	ENSG00000111912	lncgDivg	ENSCAFG00845000100	1.1.1	148	ENSG00000232131	1.1.1	0	one_to_one
ENSCAFG00845010533	lncgDivg	ENSG00000112715	lncgDivg	ENSCAFG00845010449	n.1.1	1474	ENSG00000272114	1.1.1	0	one_to_one
ENSCAFG00845018389	lncgDivg	ENSG00000112739	lncgDivg	ENSCAFG00845018340	1.1.1	3326	ENSG00000288904;ENSG00000230648	1.1.1;1.1.1	2495;52	one_to_many
ENSCAFG00845018962	lncgDivg	ENSG00000112769	lncgDivg	ENSCAFG00845020629	1.1.1	2943	ENSG00000237234	n.n.1	0	one_to_one
ENSCAFG00845010758	lncgDivg	ENSG00000112851	lncgDivg	ENSCAFG00845010536	1.1.1	2824	ENSG00000269961	1.1.1	0	one_to_one
ENSCAFG00845004163	lncgDivg	ENSG00000112893	lncgDivg	ENSCAFG00845000171	n.n.n	903	ENSG00000271849	1.1.1	1598	one_to_one
ENSCAFG00845002783	lncgDivg	ENSG00000113361	lncgDivg	ENSCAFG00845002828	1.1.1	1962	ENSG00000254138;ENSG00000289601	1.1.1;n.1.1	0;0	one_to_many
ENSCAFG00845003525	lncgDivg	ENSG00000113594	lncgDivg	ENSCAFG00845003505	1.1.1	4496	ENSG00000244968	n.n.1	0	one_to_one
ENSCAFG00845022767	lncgDivg	ENSG00000114423	lncgDivg	ENSCAFG00845023162	1.1.1	520	ENSG00000288848	1.1.1	0	one_to_one
ENSCAFG00845019423	lncgDivg	ENSG00000114812	lncgDivg	ENSCAFG00845019344	1.1.1	4853	ENSG00000232354	n.n.1	0	one_to_one
ENSCAFG00845009556	lncgDivg	ENSG00000115306	lncgDivg	ENSCAFG00845009426	1.1.1	981	ENSG00000234943;ENSG00000228108	1.1.1;1.1.1	0;0	one_to_many
ENSCAFG00845015278	lncgDivg	ENSG00000117394	lncgDivg	ENSCAFG00845015237	1.1.1	266	ENSG00000227533	n.1.1	156	one_to_one
ENSCAFG00845001606	lncgDivg	ENSG00000117707	lncgDivg	ENSCAFG00845001588	n.1.1	283	ENSG00000272167;ENSG00000274895;ENSG00000230461	1.1.1;1.1.1;n.n.1	0;0;0	one_to_many
ENSCAFG00845016438	lncgDivg	ENSG00000119004	lncgDivg	ENSCAFG00845016355	1.1.1	1834	ENSG00000289294	1.1.1	0	one_to_one
ENSCAFG00845001755	lncgDivg	ENSG00000121931	lncgDivg	ENSCAFG00845001745	1.1.1	129	ENSG00000273010	1.1.1	0	one_to_one
ENSCAFG00845012621	lncgDivg	ENSG00000122203	lncgDivg	ENSCAFG00845012545	1.1.1	77	ENSG00000250909;ENSG00000251414	1.1.1;1.1.1	0;0	one_to_many
ENSCAFG00845029008	lncgDivg	ENSG00000122547	lncgDivg	ENSCAFG00845028986	1.1.1	3505	ENSG00000229679	1.1.1	0	one_to_one
ENSCAFG00845014772	lncgDivg	ENSG00000124155	lncgDivg	ENSCAFG00845014620	1.1.1	528	ENSG00000277022	1.1.1	0	one_to_one
ENSCAFG00845017149	lncgDivg	ENSG00000124766	lncgDivg	ENSCAFG00845017130	1.1.1	2339	ENSG00000283480	1.1.1	0	one_to_one
ENSCAFG00845009729	lncgDivg	ENSG00000124772	lncgDivg	ENSCAFG00845009935	1.1.1	104	ENSG00000285888	1.1.1	0	one_to_one
ENSCAFG00845028808	lncgDivg	ENSG00000124839	lncgDivg	ENSCAFG00845028849	1.1.1	93	ENSG00000234949	n.n.1	0	one_to_one
ENSCAFG00845027483	lncgDivg	ENSG00000125816	lncgDivg	ENSCAFG00845027463	1.1.1	656	ENSG00000225280	n.1.1	1367	one_to_one
ENSCAFG00845016121	lncgDivg	ENSG00000125846	lncgDivg	ENSCAFG00845016201	1.1.1	256	ENSG00000237259	1.1.1	0	one_to_one
ENSCAFG00845015390	lncgDivg	ENSG00000125945	lncgDivg	ENSCAFG00845015374	1.1.1	168	ENSG00000249087	n.n.1	0	one_to_one
ENSCAFG00845020266	lncgDivg	ENSG00000128951	lncgDivg	ENSCAFG00845020205	1.1.1	162	ENSG00000259488	n.1.1	0	one_to_one
ENSCAFG00845027733	lncgDivg	ENSG00000130487	lncgDivg	ENSCAFG00845027757	1.1.1	2232	ENSG00000289947;ENSG00000272666	1.1.1;1.1.1	4052;2993	one_to_many
ENSCAFG00845013721	lncgDivg	ENSG00000130675	lncgDivg	ENSCAFG00845013752	n.n.n	2137	ENSG00000235029;ENSG00000243479	1.1.1;1.1.1	0;142	one_to_many
ENSCAFG00845017212	lncgDivg	ENSG00000130700	lncgDivg	ENSCAFG00845017267	1.1.1	2445	ENSG00000272050	1.1.1	1875	one_to_one
ENSCAFG00845012434	lncgDivg	ENSG00000132466	lncgDivg	ENSCAFG00845005652	1.1.1	1435	ENSG00000250220	1.1.1	411	one_to_one
ENSCAFG00845009258	lncgDivg	ENSG00000133112	lncgDivg	ENSCAFG00845009220	1.1.1	2500	ENSG00000273149	1.1.1	0	one_to_one
ENSCAFG00845020800	lncgDivg	ENSG00000133687	lncgDivg	ENSCAFG00845020623	1.1.1	1211	ENSG00000257456	1.1.1	0	one_to_one
ENSCAFG00845017757	lncgDivg	ENSG00000133816	lncgDivg	ENSCAFG00845017480	1.1.1	3431	ENSG00000254680	1.1.1	0	one_to_one
ENSCAFG00845028052	lncgDivg	ENSG00000134884	lncgDivg	ENSCAFG00845028123	n.1.1	106	ENSG00000272274	n.1.1	121	one_to_one
ENSCAFG00845020467	lncgDivg	ENSG00000135362	lncgDivg	ENSCAFG00845020642	1.1.1	1464	ENSG00000254566;ENSG00000255060	1.1.1;1.1.1	0;0	one_to_many
ENSCAFG00845005265	lncgDivg	ENSG00000135541	lncgDivg	ENSCAFG00845005394	n.1.1	235	ENSG00000231028;ENSG00000287094;ENSG00000234084	n.n.1;1.1.1;1.1.1	0;0;0	one_to_many
ENSCAFG00845009846	lncgDivg	ENSG00000135972	lncgDivg	ENSCAFG00845009917	n.1.1	538	ENSG00000224509	n.n.1	0	one_to_one
ENSCAFG00845014314	lncgDivg	ENSG00000137145	lncgDivg	ENSCAFG00845014275	1.1.1	293	ENSG00000272842;ENSG00000232978	1.1.1;1.1.1	0;0	one_to_many
ENSCAFG00845017898	lncgDivg	ENSG00000137266	lncgDivg	ENSCAFG00845018048	1.1.1	875	ENSG00000272320	1.1.1	0	one_to_one
ENSCAFG00845011790	lncgDivg	ENSG00000137494	lncgDivg	ENSCAFG00845011946	1.1.1	527	ENSG00000254551	1.1.1	0	one_to_one
ENSCAFG00845029791	lncgDivg	ENSG00000137563	lncgDivg	ENSCAFG00845029810;ENSCAFG00845029816	1.1.1;1.1.1	132;2584	ENSG00000253121	1.1.1	0	many_to_one
ENSCAFG00845018164	lncgDivg	ENSG00000137872	lncgDivg	ENSCAFG00845018049	1.1.1	2251	ENSG00000259360;ENSG00000259221;ENSG00000259588	1.1.1;n.1.1;1.1.1	0;0;0	one_to_many
ENSCAFG00845020438	lncgDivg	ENSG00000138061	lncgDivg	ENSCAFG00845020477	1.1.1	163	ENSG00000232973	n.n.1	0	one_to_one
ENSCAFG00845029330	lncgDivg	ENSG00000138138	lncgDivg	ENSCAFG00845029373	1.1.1	863	ENSG00000290782	n.n.1	0	one_to_one
ENSCAFG00845022474	lncgDivg	ENSG00000138411	lncgDivg	ENSCAFG00845022672	1.1.1	104	ENSG00000229056	n.1.1	0	one_to_one
ENSCAFG00845017310	lncgDivg	ENSG00000138495	lncgDivg	ENSCAFG00845017339	1.1.1	155	ENSG00000286584	n.n.1	0	one_to_one
ENSCAFG00845030708	lncgDivg	ENSG00000138606	lncgDivg	ENSCAFG00845030744	1.1.1	4648	ENSG00000259519	1.1.1	0	one_to_one
ENSCAFG00845023391	lncgDivg	ENSG00000138650	lncgDivg	ENSCAFG00845023476	n.1.1	1163	ENSG00000250241	n.1.1	147	one_to_one
ENSCAFG00845015064	lncgDivg	ENSG00000138758	lncgDivg	ENSCAFG00845014895	1.1.1	157	ENSG00000289586	n.1.1	112	one_to_one
ENSCAFG00845019341	lncgDivg	ENSG00000139734	lncgDivg	ENSCAFG00845019981	1.1.1	21	ENSG00000227528;ENSG00000223815	n.n.1;1.1.1	0;0	one_to_many
ENSCAFG00845015414	lncgDivg	ENSG00000140044	lncgDivg	ENSCAFG00845015385	1.1.1	3786	ENSG00000259319	n.n.1	0	one_to_one
ENSCAFG00845029058	lncgDivg	ENSG00000140481	lncgDivg	ENSCAFG00845029020	1.1.1	1244	ENSG00000277749	1.1.1	0	one_to_one
ENSCAFG00845004161	lncgDivg	ENSG00000140521	lncgDivg	ENSCAFG00845004187	1.1.1	1331	ENSG00000261441	n.1.1	192	one_to_one
ENSCAFG00845012661	lncgDivg	ENSG00000141314	lncgDivg	ENSCAFG00845012774	n.1.1	772	ENSG00000287506;ENSG00000263674	1.1.1;1.1.1	428;0	one_to_many
ENSCAFG00845024031	lncgDivg	ENSG00000142156	lncgDivg	ENSCAFG00845023998	1.1.1	2652	ENSG00000289224	1.1.1	4056	one_to_one
ENSCAFG00845026778	lncgDivg	ENSG00000142166	lncgDivg	ENSCAFG00845026695	1.1.1	172	ENSG00000289238	1.1.1	0	one_to_one
ENSCAFG00845015660	lncgDivg	ENSG00000142192	lncgDivg	ENSCAFG00845017653	n.1.1	3	ENSG00000224541;ENSG00000233783;ENSG00000273492	1.1.1;n.1.1;n.1.1	0;0;0	one_to_many
ENSCAFG00845028347	lncgDivg	ENSG00000143353	lncgDivg	ENSCAFG00845028299	n.1.1	216	ENSG00000228063	n.n.1	0	one_to_one
ENSCAFG00845020068	lncgDivg	ENSG00000144451	lncgDivg	ENSCAFG00845020033	n.1.1	162	ENSG00000196096	1.1.1	184	one_to_one
ENSCAFG00845030657	lncgDivg	ENSG00000144504	lncgDivg	ENSCAFG00845030678	1.1.1	2768	ENSG00000287049	1.1.1	0	one_to_one
ENSCAFG00845024248	lncgDivg	ENSG00000145358	lncgDivg	ENSCAFG00845024286	1.1.1	1533	ENSG00000249710	1.1.1	0	one_to_one
ENSCAFG00845003624	lncgDivg	ENSG00000145934	lncgDivg	ENSCAFG00845004019	1.1.1	2032	ENSG00000254365;ENSG00000253947;ENSG00000253713;ENSG00000253527;ENSG00000253925;ENSG00000254187;ENSG00000253660;ENSG00000253469;ENSG00000254297	1.1.1;1.1.1;1.1.1;1.1.1;1.1.1;1.1.1;1.1.1;1.1.1;1.1.1	0;0;0;0;0;0;0;0;0	one_to_many
ENSCAFG00845010452	lncgDivg	ENSG00000146242	lncgDivg	ENSCAFG00845010409	1.1.1	589	ENSG00000286875	1.1.1	0	one_to_one
ENSCAFG00845031062	lncgDivg	ENSG00000146966	lncgDivg	ENSCAFG00845031055	1.1.1	2201	ENSG00000285904	1.1.1	0	one_to_one
ENSCAFG00845029113	lncgDivg	ENSG00000148680	lncgDivg	ENSCAFG00845029145	1.1.1	24	ENSG00000289580	n.1.1	0	one_to_one
ENSCAFG00845009016	lncgDivg	ENSG00000149571	lncgDivg	ENSCAFG00845008952	n.1.1	2698	ENSG00000255317;ENSG00000257271;ENSG00000254607;ENSG00000254960;ENSG00000218109	1.1.1;1.1.1;n.1.1;n.1.1;1.1.1	0;0;0;0;0	one_to_many
ENSCAFG00845029599	lncgDivg	ENSG00000149970	lncgDivg	ENSCAFG00845029407	n.1.1	123	ENSG00000283380;ENSG00000288832	n.1.1;1.1.1	0;0	one_to_many
ENSCAFG00845002947	lncgDivg	ENSG00000150093	lncgDivg	ENSCAFG00845002869	1.1.1	449	ENSG00000229656	n.n.1	0	one_to_one
ENSCAFG00845017140	lncgDivg	ENSG00000151353	lncgDivg	ENSCAFG00845017200	1.1.1	3886	ENSG00000233296	n.n.1	0	one_to_one
ENSCAFG00845018483	lncgDivg	ENSG00000151743	lncgDivg	ENSCAFG00845018451	1.1.1	50	ENSG00000276900	1.1.1	0	one_to_one
ENSCAFG00845017674	lncgDivg	ENSG00000152784	lncgDivg	ENSCAFG00845017649	1.1.1	3925	ENSG00000248719	n.n.1	0	one_to_one
ENSCAFG00845026437	lncgDivg	ENSG00000153707	lncgDivg	ENSCAFG00845027822	1.1.1	179	ENSG00000234021;ENSG00000225706;ENSG00000230920;ENSG00000226717	1.1.1;n.1.1;1.1.1;1.1.1	0;0;0;200	one_to_many
ENSCAFG00845019416	lncgDivg	ENSG00000153936	lncgDivg	ENSCAFG00845019467	1.1.1	628	ENSG00000267734	1.1.1	0	one_to_one
ENSCAFG00845000424	lncgDivg	ENSG00000155592	lncgDivg	ENSCAFG00845000388	1.1.1	3145	ENSG00000274925;ENSG00000259955	1.1.1;1.1.1	107;0	one_to_many
ENSCAFG00845012859	lncgDivg	ENSG00000157212	lncgDivg	ENSCAFG00845012942;ENSCAFG00845012921	1.1.1;n.1.1	2470;1142	ENSG00000273344;ENSG00000273183;ENSG00000272760	1.1.1;1.1.1;1.1.1	297;0;0	many_to_many
ENSCAFG00845015006	lncgDivg	ENSG00000158106	lncgDivg	ENSCAFG00845014930	1.1.1	2699	ENSG00000254389	1.1.1	328	one_to_one
ENSCAFG00845016674	lncgDivg	ENSG00000160190	lncgDivg	ENSCAFG00845016611	1.1.1	52	ENSG00000235772	1.1.1	0	one_to_one
ENSCAFG00845019541	lncgDivg	ENSG00000160223	lncgDivg	ENSCAFG00845019632	1.1.1	128	ENSG00000278158	1.1.1	129	one_to_one
ENSCAFG00845021885	lncgDivg	ENSG00000160256	lncgDivg	ENSCAFG00845021848	n.n.n	1957	ENSG00000183250	n.1.1	167	one_to_one
ENSCAFG00845011111	lncgDivg	ENSG00000160551	lncgDivg	ENSCAFG00845011060	1.1.1	84	ENSG00000264808	n.n.1	0	one_to_one
ENSCAFG00845012692	lncgDivg	ENSG00000160953	lncgDivg	ENSCAFG00845012813	1.1.1	1662	ENSG00000267755	n.1.1	0	one_to_one
ENSCAFG00845017204	lncgDivg	ENSG00000161544	lncgDivg	ENSCAFG00845017150	1.1.1	125	ENSG00000267543	1.1.1	0	one_to_one
ENSCAFG00845024735	lncgDivg	ENSG00000162009	lncgDivg	ENSCAFG00845024765	1.1.1	133	ENSG00000261713	n.n.1	0	one_to_one
ENSCAFG00845025017	lncgDivg	ENSG00000162882	lncgDivg	ENSCAFG00845025071	1.1.1	686	ENSG00000288886;ENSG00000289082	n.n.1;1.1.1	0;2733	one_to_many
ENSCAFG00845023430	lncgDivg	ENSG00000163349	lncgDivg	ENSCAFG00845023322	1.1.1	4209	ENSG00000235527	n.n.1	0	one_to_one
ENSCAFG00845018268	lncgDivg	ENSG00000163430	lncgDivg	ENSCAFG00845018648	1.1.1	4603	ENSG00000286735	1.1.1	0	one_to_one
ENSCAFG00845029700	lncgDivg	ENSG00000163607	lncgDivg	ENSCAFG00845029687	1.1.1	21	ENSG00000272844	1.1.1	0	one_to_one
ENSCAFG00845016529	lncgDivg	ENSG00000163644	lncgDivg	ENSCAFG00845016710	n.1.1	215	ENSG00000246375	n.n.1	0	one_to_one
ENSCAFG00845017182	lncgDivg	ENSG00000164107	lncgDivg	ENSCAFG00845017236	n.1.1	1188	ENSG00000237125	n.n.1	0	one_to_one
ENSCAFG00845018131	lncgDivg	ENSG00000164180	lncgDivg	ENSCAFG00845018054	1.1.1	1552	ENSG00000247828	n.n.1	0	one_to_one
ENSCAFG00845028609	lncgDivg	ENSG00000164532	lncgDivg	ENSCAFG00845028651	n.1.1	10285	ENSG00000289335	1.1.1	611	one_to_one
ENSCAFG00845022762	lncgDivg	ENSG00000164654	lncgDivg	ENSCAFG00845022704	1.1.1	2287	ENSG00000272894	n.n.1	0	one_to_one
ENSCAFG00845005598	lncgDivg	ENSG00000165119	lncgDivg	ENSCAFG00845005548	1.1.1	131	ENSG00000235298	1.1.1	0	one_to_one
ENSCAFG00845023862	lncgDivg	ENSG00000165233	lncgDivg	ENSCAFG00845023904	1.1.1	549	ENSG00000223446	1.1.1	671	one_to_one
ENSCAFG00845003843	lncgDivg	ENSG00000165355	lncgDivg	ENSCAFG00845003855	1.1.1	416	ENSG00000258526	n.1.1	133	one_to_one
ENSCAFG00845017045	lncgDivg	ENSG00000165588	lncgDivg	ENSCAFG00845017086	1.1.1	1132	ENSG00000248550	n.1.1	0	one_to_one
ENSCAFG00845030505	lncgDivg	ENSG00000165966	lncgDivg	ENSCAFG00845030524	1.1.1	2248	ENSG00000257228	n.n.1	0	one_to_one
ENSCAFG00845024882	lncgDivg	ENSG00000166816	lncgDivg	ENSCAFG00845024858	1.1.1	2713	ENSG00000261058	1.1.1	2778	one_to_one
ENSCAFG00845007815	lncgDivg	ENSG00000168288	lncgDivg	ENSCAFG00845007905	1.1.1	138	ENSG00000231969	n.n.1	0	one_to_one
ENSCAFG00845021231	lncgDivg	ENSG00000169783	lncgDivg	ENSCAFG00845021114;ENSCAFG00845021140	1.1.1;1.1.1	4184;3099	ENSG00000259281;ENSG00000259213;ENSG00000259666	1.1.1;n.1.1;n.1.1	0;0;0	many_to_many
ENSCAFG00845013162	lncgDivg	ENSG00000170485	lncgDivg	ENSCAFG00845015981	1.1.1	3379	ENSG00000230140	n.n.1	0	one_to_one
ENSCAFG00845024655	lncgDivg	ENSG00000170549	lncgDivg	ENSCAFG00845024835	1.1.1	112	ENSG00000259603	1.1.1	0	one_to_one
ENSCAFG00845028910	lncgDivg	ENSG00000171016	lncgDivg	ENSCAFG00845028927	1.1.1	336	ENSG00000285805	1.1.1	0	one_to_one
ENSCAFG00845016932	lncgDivg	ENSG00000171858	lncgDivg	ENSCAFG00845016906	1.1.1	1934	ENSG00000273619	1.1.1	103	one_to_one
ENSCAFG00845004996	lncgDivg	ENSG00000172379	lncgDivg	ENSCAFG00845004944	n.1.1	1526	ENSG00000287813;ENSG00000259175;ENSG00000258010;ENSG00000270919;ENSG00000259495	1.1.1;1.1.1;n.n.1;1.1.1;n.1.1	0;0;0;0;136	one_to_many
ENSCAFG00845013048	lncgDivg	ENSG00000173068	lncgDivg	ENSCAFG00845013280	1.1.1	1169	ENSG00000230694;ENSG00000231756;ENSG00000234779	1.1.1;1.1.1;1.1.1	0;0;0	one_to_many
ENSCAFG00845022460	lncgDivg	ENSG00000173376	lncgDivg	ENSCAFG00845022428	1.1.1	479	ENSG00000250344	1.1.1	0	one_to_one
ENSCAFG00845013616	lncgDivg	ENSG00000173406	lncgDivg	ENSCAFG00845013543	1.1.1	4532	ENSG00000235038;ENSG00000226759;ENSG00000227935	1.1.1;n.1.1;1.1.1	0;0;0	one_to_many
ENSCAFG00845013778	lncgDivg	ENSG00000174780	lncgDivg	ENSCAFG00845013757	1.1.1	39	ENSG00000289393	1.1.1	39	one_to_one
ENSCAFG00845026392	lncgDivg	ENSG00000175161	lncgDivg	ENSCAFG00845019009	1.1.1	46	ENSG00000241648;ENSG00000239519	1.1.1;1.1.1	0;0	one_to_many
ENSCAFG00845015564	lncgDivg	ENSG00000175745	lncgDivg	ENSCAFG00845015649	n.1.1	3719	ENSG00000237187	n.n.1	0	one_to_one
ENSCAFG00845009198	lncgDivg	ENSG00000176165	lncgDivg	ENSCAFG00845009182	1.1.1	1865	ENSG00000257126	n.n.1	0	one_to_one
ENSCAFG00845003311	lncgDivg	ENSG00000176788	lncgDivg	ENSCAFG00845003316	1.1.1	1192	ENSG00000215196;ENSG00000271892	n.n.1;1.1.1	0;0	one_to_many
ENSCAFG00845022195	lncgDivg	ENSG00000176887	lncgDivg	ENSCAFG00845022159	n.1.1	11033	ENSG00000230090;ENSG00000224128	n.1.1;1.1.1	1266;896	one_to_many
ENSCAFG00845006239	lncgDivg	ENSG00000177108	lncgDivg	ENSCAFG00845006280	n.1.1	126	ENSG00000269883	1.1.1	0	one_to_one
ENSCAFG00845002667	lncgDivg	ENSG00000178163	lncgDivg	ENSCAFG00845002656	1.1.1	3901	ENSG00000287154	1.1.1	0	one_to_one
ENSCAFG00845003120	lncgDivg	ENSG00000178188	lncgDivg	ENSCAFG00845003046	1.1.1	241	ENSG00000261766	1.1.1	0	one_to_one
ENSCAFG00845018879	lncgDivg	ENSG00000179528	lncgDivg	ENSCAFG00845018844	1.1.1	1307	ENSG00000272183	1.1.1	0	one_to_one
ENSCAFG00845015177	lncgDivg	ENSG00000181722	lncgDivg	ENSCAFG00845015227	n.1.1	30068	ENSG00000242767;ENSG00000241560;ENSG00000288896;ENSG00000242880;ENSG00000242290;ENSG00000239946;ENSG00000241295	1.1.1;n.n.1;1.1.1;n.1.1;n.n.1;1.1.1;1.1.1	0;0;483;313;0;0;0	one_to_many
ENSCAFG00845004226	lncgDivg	ENSG00000182901	lncgDivg	ENSCAFG00845004340	1.1.1	435	ENSG00000286496	n.n.1	0	one_to_one
ENSCAFG00845002697	lncgDivg	ENSG00000183032	lncgDivg	ENSCAFG00845002831	1.1.1	2474	ENSG00000258708;ENSG00000258601;ENSG00000258690	1.1.1;1.1.1;1.1.1	0;0;0	one_to_many
ENSCAFG00845005783	lncgDivg	ENSG00000183508	lncgDivg	ENSCAFG00845029579	n.1.1	258	ENSG00000236866	n.1.1	278	one_to_one
ENSCAFG00845003787	lncgDivg	ENSG00000183580	lncgDivg	ENSCAFG00845003795	1.1.1	402	ENSG00000250250	n.1.1	0	one_to_one
ENSCAFG00845019378	lncgDivg	ENSG00000183775	lncgDivg	ENSCAFG00845019366;ENSCAFG00845019325	1.1.1;n.1.1	922;1983	ENSG00000285605	1.1.1	0	many_to_one
ENSCAFG00845019714	lncgDivg	ENSG00000184897	lncgDivg	ENSCAFG00845019682	n.1.1	441	ENSG00000206417	n.n.1	0	one_to_one
ENSCAFG00845027359	lncgDivg	ENSG00000184937	lncgDivg	ENSCAFG00845027246	n.n.n	117	ENSG00000183242	n.n.1	0	one_to_one
ENSCAFG00845012881	lncgDivg	ENSG00000185513	lncgDivg	ENSCAFG00845012801	1.1.1	304	ENSG00000226143	1.1.1	0	one_to_one
ENSCAFG00845030221	lncgDivg	ENSG00000185668	lncgDivg	ENSCAFG00845030208	n.1.1	62912	ENSG00000224592	n.1.1	521	one_to_one
ENSCAFG00845015872	lncgDivg	ENSG00000185737	lncgDivg	ENSCAFG00845015727	1.1.1	1046	ENSG00000229458;ENSG00000287358;ENSG00000225738;ENSG00000285739	1.1.1;1.1.1;n.n.1;1.1.1	0;61;0;0	one_to_many
ENSCAFG00845003905	lncgDivg	ENSG00000185920	lncgDivg	ENSCAFG00845003833	1.1.1	3509	ENSG00000271314;ENSG00000271155;ENSG00000271659	1.1.1;1.1.1;1.1.1	0;0;0	one_to_many
ENSCAFG00845029711	lncgDivg	ENSG00000185942	lncgDivg	ENSCAFG00845029682	1.1.1	455	ENSG00000285971;ENSG00000287105;ENSG00000254050	1.1.1;1.1.1;1.1.1	0;0;0	one_to_many
ENSCAFG00845014681	lncgDivg	ENSG00000188822	lncgDivg	ENSCAFG00845014652	n.1.1	320	ENSG00000232557	1.1.1	0	one_to_one
ENSCAFG00845002090	lncgDivg	ENSG00000188827	lncgDivg	ENSCAFG00845002068	1.1.1	140	ENSG00000261938	1.1.1	0	one_to_one
ENSCAFG00845028843	lncgDivg	ENSG00000188931	lncgDivg	ENSCAFG00845028827	1.1.1	2628	ENSG00000288670	1.1.1	146	one_to_one
ENSCAFG00845022596	lncgDivg	ENSG00000196562	lncgDivg	ENSCAFG00845022798	1.1.1	3109	ENSG00000255438	1.1.1	0	one_to_one
ENSCAFG00845028913	lncgDivg	ENSG00000196704	lncgDivg	ENSCAFG00845028878	1.1.1	893	ENSG00000265100	1.1.1	0	one_to_one
ENSCAFG00845007046	lncgDivg	ENSG00000196781	lncgDivg	ENSCAFG00845006899;ENSCAFG00845006972	n.n.n;1.1.1	1456;78	ENSG00000233926	n.1.1	166	many_to_one
ENSCAFG00845007061	lncgDivg	ENSG00000197050	lncgDivg	ENSCAFG00845007096	1.1.1	2531	ENSG00000267345	n.n.1	0	one_to_one
ENSCAFG00845015419	lncgDivg	ENSG00000197530	lncgDivg	ENSCAFG00845015381	1.1.1	153	ENSG00000272106	1.1.1	0	one_to_one
ENSCAFG00845029509	lncgDivg	ENSG00000198162	lncgDivg	ENSCAFG00845029475	1.1.1	69	ENSG00000271427	1.1.1	1976	one_to_one
ENSCAFG00845016505	lncgDivg	ENSG00000198646	lncgDivg	ENSCAFG00845016783	1.1.1	2457	ENSG00000286803	1.1.1	0	one_to_one
ENSCAFG00845025222	lncgDivg	ENSG00000198836	lncgDivg	ENSCAFG00845025092	1.1.1	259	ENSG00000224855	n.1.1	0	one_to_one
ENSCAFG00845003940	lncgDivg	ENSG00000205476	lncgDivg	ENSCAFG00845003969	n.n.n	1052	ENSG00000258749;ENSG00000247970	1.1.1;1.1.1	0;310	one_to_many
ENSCAFG00845000705	lncgDivg	ENSG00000205832	lncgDivg	ENSCAFG00845000750	1.1.1	21	ENSG00000261789	1.1.1	0	one_to_one
ENSCAFG00845002013	lncgDivg	ENSG00000213918	lncgDivg	ENSCAFG00845002048	1.1.1	238	ENSG00000263235	1.1.1	0	one_to_one
ENSCAFG00845003276	lncgDivg	ENSG00000215277	lncgDivg	ENSCAFG00845003269	1.1.1	3115	ENSG00000289968	1.1.1	0	one_to_one
ENSCAFG00845017572	lncgDivg	ENSG00000255690	lncgDivg	ENSCAFG00845017601	n.n.n	2911	ENSG00000228421	1.1.1	0	one_to_one
ENSCAFG00845000191	lncgDivg	ENSG00000256463	lncgDivg	ENSCAFG00845000262	1.1.1	1739	ENSG00000263146	n.1.1	1935	one_to_one
ENSCAFG00845017414	lncgDivg	ENSG00000264364	lncgDivg	ENSCAFG00845017328	n.1.1	1630	ENSG00000266290	1.1.1	215	one_to_one
ENSCAFG00845017152	lncgSS.dw	ENSG00000002746	lncgSS.dw	ENSCAFG00845011911	1.1.1	209	ENSG00000181211	1.1.1	0	one_to_one
ENSCAFG00845008127	lncgSS.dw	ENSG00000021645	lncgSS.dw	ENSCAFG00845008240	1.1.1	2113	ENSG00000258419	1.1.1	0	one_to_one
ENSCAFG00845024620	lncgSS.dw	ENSG00000029153	lncgSS.dw	ENSCAFG00845024560	1.1.1	664	ENSG00000288971	1.1.1	3530	one_to_one
ENSCAFG00845022198	lncgSS.dw	ENSG00000048828	lncgSS.dw	ENSCAFG00845022179	1.1.1	1397	ENSG00000289031	1.1.1	649	one_to_one
ENSCAFG00845002724	lncgSS.dw	ENSG00000065135	lncgSS.dw	ENSCAFG00845002708	1.1.1	2124	ENSG00000225113	1.1.1	0	one_to_one
ENSCAFG00845003608	lncgSS.dw	ENSG00000066739	lncgSS.dw	ENSCAFG00845003590	1.1.1	707	ENSG00000258729	n.1.1	2472	one_to_one
ENSCAFG00845011316	lncgSS.dw	ENSG00000069020	lncgSS.dw	ENSCAFG00845011623	1.1.1	41	ENSG00000249057	1.1.1	0	one_to_one
ENSCAFG00845016875	lncgSS.dw	ENSG00000070269	lncgSS.dw	ENSCAFG00845016966	n.1.1	11602	ENSG00000258803	1.1.1	0	one_to_one
ENSCAFG00845007199	lncgSS.dw	ENSG00000073146	lncgSS.dw	ENSCAFG00845006996	1.1.1	564	ENSG00000280395	1.1.1	0	one_to_one
ENSCAFG00845027343	lncgSS.dw	ENSG00000073614	lncgSS.dw	ENSCAFG00845027256	1.1.1	437	ENSG00000261799	1.1.1	2934	one_to_one
ENSCAFG00845016949	lncgSS.dw	ENSG00000073910	lncgSS.dw	ENSCAFG00845015747	1.1.1	1688	ENSG00000289617	1.1.1	0	one_to_one
ENSCAFG00845028176	lncgSS.dw	ENSG00000092969	lncgSS.dw	ENSCAFG00845028234	1.1.1	2290	ENSG00000281453	1.1.1	0	one_to_one
ENSCAFG00845023223	lncgSS.dw	ENSG00000100644	lncgSS.dw	ENSCAFG00845023468	1.1.1	167	ENSG00000288928	1.1.1	0	one_to_one
ENSCAFG00845004154	lncgSS.dw	ENSG00000100647	lncgSS.dw	ENSCAFG00845004167	1.1.1	4497	ENSG00000273797	1.1.1	0	one_to_one
ENSCAFG00845019949	lncgSS.dw	ENSG00000102401	lncgSS.dw	ENSCAFG00845019973	1.1.1	3986	ENSG00000261101	1.1.1	25	one_to_one
ENSCAFG00845002033	lncgSS.dw	ENSG00000103404	lncgSS.dw	ENSCAFG00845002120	1.1.1	177	ENSG00000260566	1.1.1	0	one_to_one
ENSCAFG00845002945	lncgSS.dw	ENSG00000113211	lncgSS.dw	ENSCAFG00845002954	1.1.1	973	ENSG00000290893	1.1.1	2709	one_to_one
ENSCAFG00845028932	lncgSS.dw	ENSG00000114686	lncgSS.dw	ENSCAFG00845028893	n.1.1	2370	ENSG00000261167	1.1.1	3614	one_to_one
ENSCAFG00845026311	lncgSS.dw	ENSG00000115170	lncgSS.dw	ENSCAFG00845026274	1.1.1	4312	ENSG00000234584	1.1.1	246	one_to_one
ENSCAFG00845014365	lncgSS.dw	ENSG00000116017	lncgSS.dw	ENSCAFG00845014357	1.1.1	319	ENSG00000275162	1.1.1	0	one_to_one
ENSCAFG00845008307	lncgSS.dw	ENSG00000116350	lncgSS.dw	ENSCAFG00845008356;ENSCAFG00845008348	1.1.1;1.1.1	4767;2318	ENSG00000225750	1.1.1	749	many_to_one
ENSCAFG00845001004	lncgSS.dw	ENSG00000116731	lncgSS.dw	ENSCAFG00845000956	1.1.1	1257	ENSG00000289380	1.1.1	0	one_to_one
ENSCAFG00845001755	lncgSS.dw	ENSG00000121931	lncgSS.dw	ENSCAFG00845001760	1.1.1	338	ENSG00000261654	1.1.1	4837	one_to_one
ENSCAFG00845016516	lncgSS.dw	ENSG00000124782	lncgSS.dw	ENSCAFG00845016753	1.1.1	1	ENSG00000225092	1.1.1	0	one_to_one
ENSCAFG00845001243	lncgSS.dw	ENSG00000130338	lncgSS.dw	ENSCAFG00845001284	1.1.1	2851	ENSG00000274023	1.1.1	0	one_to_one
ENSCAFG00845010681	lncgSS.dw	ENSG00000130770	lncgSS.dw	ENSCAFG00845010655	1.1.1	275	ENSG00000271398	1.1.1	238	one_to_one
ENSCAFG00845025360	lncgSS.dw	ENSG00000134138	lncgSS.dw	ENSCAFG00845025299	1.1.1	3782	ENSG00000259280	n.1.1	2152	one_to_one
ENSCAFG00845002159	lncgSS.dw	ENSG00000134470	lncgSS.dw	ENSCAFG00845002235	1.1.1	945	ENSG00000232807	n.n.n	0	one_to_one
ENSCAFG00845002602	lncgSS.dw	ENSG00000135823	lncgSS.dw	ENSCAFG00845002582	1.1.1	99	ENSG00000243155	1.1.1	0	one_to_one
ENSCAFG00845005032	lncgSS.dw	ENSG00000136371	lncgSS.dw	ENSCAFG00845005037	1.1.1	1076	ENSG00000259548	1.1.1	31	one_to_one
ENSCAFG00845020438	lncgSS.dw	ENSG00000138061	lncgSS.dw	ENSCAFG00845020426	1.1.1	133	ENSG00000235848	n.n.n	0	one_to_one
ENSCAFG00845002465	lncgSS.dw	ENSG00000138336	lncgSS.dw	ENSCAFG00845002505	1.1.1	2411	ENSG00000260400	1.1.1	4013	one_to_one
ENSCAFG00845016504	lncgSS.dw	ENSG00000139946	lncgSS.dw	ENSCAFG00845016539	1.1.1	365	ENSG00000275569	1.1.1	4314	one_to_one
ENSCAFG00845000843	lncgSS.dw	ENSG00000140548	lncgSS.dw	ENSCAFG00845000870	1.1.1	1151	ENSG00000273691	1.1.1	0	one_to_one
ENSCAFG00845006563	lncgSS.dw	ENSG00000141562	lncgSS.dw	ENSCAFG00845006507	1.1.1	3424	ENSG00000266236	1.1.1	0	one_to_one
ENSCAFG00845006469	lncgSS.dw	ENSG00000141568	lncgSS.dw	ENSCAFG00845026686	1.1.1	1592	ENSG00000262652	1.1.1	0	one_to_one
ENSCAFG00845019784	lncgSS.dw	ENSG00000143878	lncgSS.dw	ENSCAFG00845019808	1.1.1	43	ENSG00000228950	1.1.1	1602	one_to_one
ENSCAFG00845023138	lncgSS.dw	ENSG00000145012	lncgSS.dw	ENSCAFG00845023287	1.1.1	952	ENSG00000288794	1.1.1	0	one_to_one
ENSCAFG00845005395	lncgSS.dw	ENSG00000146054	lncgSS.dw	ENSCAFG00845005386	1.1.1	1796	ENSG00000248473	n.1.1	2072	one_to_one
ENSCAFG00845030375	lncgSS.dw	ENSG00000151067	lncgSS.dw	ENSCAFG00845030542	1.1.1	1365	ENSG00000256721;ENSG00000203593;ENSG00000256837	1.1.1;1.1.1;1.1.1	0;0;0	one_to_many
ENSCAFG00845029867	lncgSS.dw	ENSG00000151532	lncgSS.dw	ENSCAFG00845029885	1.1.1	2060	ENSG00000260917	1.1.1	4746	one_to_one
ENSCAFG00845010836	lncgSS.dw	ENSG00000152061	lncgSS.dw	ENSCAFG00845010730	1.1.1	749	ENSG00000223525;ENSG00000289425	1.1.1;1.1.1	0;0	one_to_many
ENSCAFG00845014422	lncgSS.dw	ENSG00000152078	lncgSS.dw	ENSCAFG00845014409	1.1.1	1035	ENSG00000231992	1.1.1	0	one_to_one
ENSCAFG00845029501	lncgSS.dw	ENSG00000153250	lncgSS.dw	ENSCAFG00845029460	1.1.1	527	ENSG00000285373	n.1.1	271	one_to_one
ENSCAFG00845014739	lncgSS.dw	ENSG00000154719	lncgSS.dw	ENSCAFG00845014726	1.1.1	2394	ENSG00000260583	1.1.1	2330	one_to_one
ENSCAFG00845007215	lncgSS.dw	ENSG00000155792	lncgSS.dw	ENSCAFG00845007340	1.1.1	397	ENSG00000254343	n.n.n	1262	one_to_one
ENSCAFG00845026357	lncgSS.dw	ENSG00000157985	lncgSS.dw	ENSCAFG00845027402	1.1.1	2000	ENSG00000235529	n.1.1	0	one_to_one
ENSCAFG00845027435	lncgSS.dw	ENSG00000160305	lncgSS.dw	ENSCAFG00845027666	1.1.1	4900	ENSG00000223692	1.1.1	0	one_to_one
ENSCAFG00845005933	lncgSS.dw	ENSG00000162852	lncgSS.dw	ENSCAFG00845006085	1.1.1	726	ENSG00000225300	1.1.1	0	one_to_one
ENSCAFG00845026524	lncgSS.dw	ENSG00000163466	lncgSS.dw	ENSCAFG00845026647	1.1.1	716	ENSG00000261338	1.1.1	963	one_to_one
ENSCAFG00845004992	lncgSS.dw	ENSG00000164574	lncgSS.dw	ENSCAFG00845004978	1.1.1	1205	ENSG00000287695	1.1.1	0	one_to_one
ENSCAFG00845011164	lncgSS.dw	ENSG00000165495	lncgSS.dw	ENSCAFG00845011148	1.1.1	3440	ENSG00000259290	n.1.1	0	one_to_one
ENSCAFG00845002986	lncgSS.dw	ENSG00000166716	lncgSS.dw	ENSCAFG00845003020	1.1.1	965	ENSG00000259415	1.1.1	0	one_to_one
ENSCAFG00845012790	lncgSS.dw	ENSG00000167258	lncgSS.dw	ENSCAFG00845012720	1.1.1	1168	ENSG00000273576	1.1.1	2008	one_to_one
ENSCAFG00845029531	lncgSS.dw	ENSG00000171033	lncgSS.dw	ENSCAFG00845029547	1.1.1	2208	ENSG00000260398	1.1.1	685	one_to_one
ENSCAFG00845006468	lncgSS.dw	ENSG00000171310	lncgSS.dw	ENSCAFG00845006428	1.1.1	2321	ENSG00000289557	1.1.1	0	one_to_one
ENSCAFG00845021310	lncgSS.dw	ENSG00000172264	lncgSS.dw	ENSCAFG00845021227	1.1.1	2133	ENSG00000289572;ENSG00000227927	1.1.1;n.n.1	0;0	one_to_many
ENSCAFG00845010523	lncgSS.dw	ENSG00000172831	lncgSS.dw	ENSCAFG00845010490	1.1.1	555	ENSG00000265408	1.1.1	0	one_to_one
ENSCAFG00845016736	lncgSS.dw	ENSG00000173214	lncgSS.dw	ENSCAFG00845016803	1.1.1	14	ENSG00000271789	1.1.1	0	one_to_one
ENSCAFG00845012283	lncgSS.dw	ENSG00000174099	lncgSS.dw	ENSCAFG00845012389	n.1.1	32038	ENSG00000250280	1.1.1	0	one_to_one
ENSCAFG00845029239	lncgSS.dw	ENSG00000175040	lncgSS.dw	ENSCAFG00845029247	1.1.1	447	ENSG00000241679	n.n.1	0	one_to_one
ENSCAFG00845008786	lncgSS.dw	ENSG00000175591	lncgSS.dw	ENSCAFG00845008771	1.1.1	261	ENSG00000260401	1.1.1	0	one_to_one
ENSCAFG00845009198	lncgSS.dw	ENSG00000176165	lncgSS.dw	ENSCAFG00845009216	1.1.1	349	ENSG00000186960	n.n.1	0	one_to_one
ENSCAFG00845022195	lncgSS.dw	ENSG00000176887	lncgSS.dw	ENSCAFG00845022230	1.1.1	296	ENSG00000242540	n.n.1	0	one_to_one
ENSCAFG00845003529	lncgSS.dw	ENSG00000177200	lncgSS.dw	ENSCAFG00845003460	1.1.1	14	ENSG00000261291	1.1.1	0	one_to_one
ENSCAFG00845010088	lncgSS.dw	ENSG00000180198	lncgSS.dw	ENSCAFG00845010045	1.1.1	125	ENSG00000242125	n.n.1	0	one_to_one
ENSCAFG00845030032	lncgSS.dw	ENSG00000182240	lncgSS.dw	ENSCAFG00845030054	1.1.1	1102	ENSG00000224388	1.1.1	0	one_to_one
ENSCAFG00845018562	lncgSS.dw	ENSG00000183853	lncgSS.dw	ENSCAFG00845018453	1.1.1	608	ENSG00000226520	1.1.1	0	one_to_one
ENSCAFG00845028591	lncgSS.dw	ENSG00000185532	lncgSS.dw	ENSCAFG00845028481	1.1.1	1482	ENSG00000289270;ENSG00000235279	1.1.1;1.1.1	0;0	one_to_many
ENSCAFG00845021981	lncgSS.dw	ENSG00000187605	lncgSS.dw	ENSCAFG00845021938	1.1.1	170	ENSG00000235499	1.1.1	0	one_to_one
ENSCAFG00845002978	lncgSS.dw	ENSG00000188803	lncgSS.dw	ENSCAFG00845003031	1.1.1	623	ENSG00000264727	1.1.1	0	one_to_one
ENSCAFG00845024257	lncgSS.dw	ENSG00000196776	lncgSS.dw	ENSCAFG00845024063	1.1.1	3301	ENSG00000279277	n.1.1	3175	one_to_one
ENSCAFG00845001525	lncgSS.dw	ENSG00000197714	lncgSS.dw	ENSCAFG00845001515	1.1.1	971	ENSG00000288899	1.1.1	3442	one_to_one
ENSCAFG00845024391	lncgSS.dw	ENSG00000197905	lncgSS.dw	ENSCAFG00845024324	1.1.1	157	ENSG00000250899	1.1.1	761	one_to_one
ENSCAFG00845000138	lncgSS.dw	ENSG00000197951	lncgSS.dw	ENSCAFG00845000121	1.1.1	460	ENSG00000269793	1.1.1	0	one_to_one
ENSCAFG00845022081	lncgSS.dw	ENSG00000204128	lncgSS.dw	ENSCAFG00845022124	1.1.1	1141	ENSG00000261829	1.1.1	2321	one_to_one
ENSCAFG00845018726	lncgSS.dw	ENSG00000204256	lncgSS.dw	ENSCAFG00845018914	1.1.1	3213	ENSG00000223837	1.1.1	0	one_to_one
ENSCAFG00845025650	lncgSS.dw	ENSG00000243927	lncgSS.dw	ENSCAFG00845025710	1.1.1	560	ENSG00000272657	1.1.1	0	one_to_one
ENSCAFG00845026814	lncgSS.dw	ENSG00000253276	lncgSS.dw	ENSCAFG00845026835	1.1.1	462	ENSG00000243797	n.n.1	0	one_to_one
ENSCAFG00845023310	lncgSS.dw	ENSG00000254535	lncgSS.dw	ENSCAFG00845023328	1.1.1	55	ENSG00000251199	n.n.1	0	one_to_one
ENSCAFG00845003318	lncgSS.dw	ENSG00000273540	lncgSS.dw	ENSCAFG00845003359	1.1.1	941	ENSG00000259636	1.1.1	0	one_to_one
ENSCAFG00845013083	lncgSS.up	ENSG00000022567	lncgSS.up	ENSCAFG00845013114	n.1.1	2975	ENSG00000253307	1.1.1	0	one_to_one
ENSCAFG00845002896	lncgSS.up	ENSG00000081818	lncgSS.up	ENSCAFG00845002889	1.1.1	1675	ENSG00000272108	1.1.1	1053	one_to_one
ENSCAFG00845013226	lncgSS.up	ENSG00000105810	lncgSS.up	ENSCAFG00845013242	1.1.1	278	ENSG00000287932	1.1.1	0	one_to_one
ENSCAFG00845011368	lncgSS.up	ENSG00000110713	lncgSS.up	ENSCAFG00845011449	1.1.1	2272	ENSG00000289468	1.1.1	0	one_to_one
ENSCAFG00845018962	lncgSS.up	ENSG00000112769	lncgSS.up	ENSCAFG00845020639	1.1.1	2959	ENSG00000270661;ENSG00000271208	1.1.1;1.1.1	0;0	one_to_many
ENSCAFG00845015282	lncgSS.up	ENSG00000113391	lncgSS.up	ENSCAFG00845015101	1.1.1	258	ENSG00000251023	1.1.1	0	one_to_one
ENSCAFG00845015278	lncgSS.up	ENSG00000117394	lncgSS.up	ENSCAFG00845015225	1.1.1	259	ENSG00000283973	n.1.1	172	one_to_one
ENSCAFG00845021928	lncgSS.up	ENSG00000121101	lncgSS.up	ENSCAFG00845023029	1.1.1	15	ENSG00000290039	1.1.1	0	one_to_one
ENSCAFG00845018632	lncgSS.up	ENSG00000122641	lncgSS.up	ENSCAFG00845018607	1.1.1	1690	ENSG00000289403	1.1.1	2152	one_to_one
ENSCAFG00845011916	lncgSS.up	ENSG00000124749	lncgSS.up	ENSCAFG00845012031	n.1.1	26552	ENSG00000227602	1.1.1	0	one_to_one
ENSCAFG00845009729	lncgSS.up	ENSG00000124772	lncgSS.up	ENSCAFG00845009947	1.1.1	4220	ENSG00000287891	n.1.1	1986	one_to_one
ENSCAFG00845027733	lncgSS.up	ENSG00000130487	lncgSS.up	ENSCAFG00845027746	1.1.1	2232	ENSG00000273272	1.1.1	2888	one_to_one
ENSCAFG00845016450	lncgSS.up	ENSG00000131409	lncgSS.up	ENSCAFG00845016414	1.1.1	4458	ENSG00000268231	1.1.1	0	one_to_one
ENSCAFG00845025227	lncgSS.up	ENSG00000136153	lncgSS.up	ENSCAFG00845025083	1.1.1	911	ENSG00000261553	n.1.1	0	one_to_one
ENSCAFG00845006509	lncgSS.up	ENSG00000136279	lncgSS.up	ENSCAFG00845006696	1.1.1	3170	ENSG00000235314	n.1.1	2334	one_to_one
ENSCAFG00845030708	lncgSS.up	ENSG00000138606	lncgSS.up	ENSCAFG00845030742	1.1.1	2258	ENSG00000259932;ENSG00000260035	1.1.1;1.1.1	0;0	one_to_many
ENSCAFG00845023996	lncgSS.up	ENSG00000139725	lncgSS.up	ENSCAFG00845023946	1.1.1	1008	ENSG00000212694	n.n.1	0	one_to_one
ENSCAFG00845003207	lncgSS.up	ENSG00000143473	lncgSS.up	ENSCAFG00845003236	1.1.1	3380	ENSG00000234233	1.1.1	0	one_to_one
ENSCAFG00845026437	lncgSS.up	ENSG00000153707	lncgSS.up	ENSCAFG00845027815	1.1.1	179	ENSG00000235389	1.1.1	0	one_to_one
ENSCAFG00845028983	lncgSS.up	ENSG00000157551	lncgSS.up	ENSCAFG00845028960	n.1.1	1146	ENSG00000198054	n.1.1	0	one_to_one
ENSCAFG00845027738	lncgSS.up	ENSG00000159267	lncgSS.up	ENSCAFG00845027807	1.1.1	1531	ENSG00000237646	1.1.1	0	one_to_one
ENSCAFG00845029146	lncgSS.up	ENSG00000163714	lncgSS.up	ENSCAFG00845029119	1.1.1	224	ENSG00000241570	n.n.n	0	one_to_one
ENSCAFG00845028586	lncgSS.up	ENSG00000168333	lncgSS.up	ENSCAFG00845028568	n.1.1	3162	ENSG00000286701	1.1.1	0	one_to_one
ENSCAFG00845022258	lncgSS.up	ENSG00000169084	lncgSS.up	ENSCAFG00845022321	1.1.1	4211	ENSG00000223571	1.1.1	0	one_to_one
ENSCAFG00845015540	lncgSS.up	ENSG00000169641	lncgSS.up	ENSCAFG00845015526	1.1.1	2745	ENSG00000289014	1.1.1	0	one_to_one
ENSCAFG00845013162	lncgSS.up	ENSG00000170485	lncgSS.up	ENSCAFG00845015974	1.1.1	3378	ENSG00000289077	1.1.1	1042	one_to_one
ENSCAFG00845012116	lncgSS.up	ENSG00000170558	lncgSS.up	ENSCAFG00845012058	1.1.1	194	ENSG00000274578	1.1.1	0	one_to_one
ENSCAFG00845004834	lncgSS.up	ENSG00000172260	lncgSS.up	ENSCAFG00845004795	1.1.1	2834	ENSG00000228853	1.1.1	0	one_to_one
ENSCAFG00845011756	lncgSS.up	ENSG00000176619	lncgSS.up	ENSCAFG00845011703	n.1.1	4838	ENSG00000267201	1.1.1	1976	one_to_one
ENSCAFG00845025159	lncgSS.up	ENSG00000180881	lncgSS.up	ENSCAFG00845025685	1.1.1	44	ENSG00000273987	1.1.1	0	one_to_one
ENSCAFG00845020015	lncgSS.up	ENSG00000181467	lncgSS.up	ENSCAFG00845019998	1.1.1	1922	ENSG00000289885	1.1.1	190	one_to_one
ENSCAFG00845015177	lncgSS.up	ENSG00000181722	lncgSS.up	ENSCAFG00845015243	1.1.1	2829	ENSG00000259976	1.1.1	0	one_to_one
ENSCAFG00845011003	lncgSS.up	ENSG00000182348	lncgSS.up	ENSCAFG00845010999	1.1.1	2022	ENSG00000233420	n.1.1	14755	one_to_one
ENSCAFG00845024998	lncgSS.up	ENSG00000183023	lncgSS.up	ENSCAFG00845025310;ENSCAFG00845025298	1.1.1;1.1.1	3143;103	ENSG00000289013;ENSG00000288992	1.1.1;1.1.1	0;0	many_to_many_strict
ENSCAFG00845002697	lncgSS.up	ENSG00000183032	lncgSS.up	ENSCAFG00845002836	1.1.1	2478	ENSG00000258827	1.1.1	0	one_to_one
ENSCAFG00845021815	lncgSS.up	ENSG00000196782	lncgSS.up	ENSCAFG00845021699	n.1.1	1465	ENSG00000290022	1.1.1	0	one_to_one
ENSCAFG00845027015	lncgSS.up	ENSG00000269113	lncgSS.up	ENSCAFG00845026970	1.1.1	841	ENSG00000223814	1.1.1	0	one_to_one
