PCG.Mus_musculus	conf.Mus_musculus	PCG.Canis_lupus_familiaris	conf.Canis_lupus_familiaris	lncRNA.Mus_musculus	class.Mus_musculus	distance.Mus_musculus	lncRNA.Canis_lupus_familiaris	class.Canis_lupus_familiaris	distance.Canis_lupus_familiaris	orthology_type.Mus_musculus-Canis_lupus_familiaris
ENSMUSG00000030549	lincConv	ENSCAFG00845000295	lincConv	ENSMUSG00000108616	n.1.1	33330	ENSCAFG00845000264	1.1.1	24965	one_to_one
ENSMUSG00000020415	lincConv	ENSCAFG00845001057	lincConv	ENSMUSG00000084889	1.1.1	33067	ENSCAFG00845001039	n.1.1	62128	one_to_one
ENSMUSG00000056153	lincConv	ENSCAFG00845001189	lincConv	ENSMUSG00000118352	1.1.1	6417	ENSCAFG00845001172	1.1.1	18107	one_to_one
ENSMUSG00000039960	lincConv	ENSCAFG00845001719	lincConv	ENSMUSG00000110467	1.1.1	63888	ENSCAFG00845001708	1.1.1	23308	one_to_one
ENSMUSG00000037855	lincConv	ENSCAFG00845003326	lincConv	ENSMUSG00000116971	1.1.1	49702	ENSCAFG00845003356;ENSCAFG00845003341;ENSCAFG00845003358	1.1.1;1.1.1;1.1.1	26707;18508;43742	one_to_many
ENSMUSG00000040721	lincConv	ENSCAFG00845004064	lincConv	ENSMUSG00000093452	n.n.1	0	ENSCAFG00845004034	1.1.1	5511	one_to_one
ENSMUSG00000078591	lincConv	ENSCAFG00845004500	lincConv	ENSMUSG00000085892	1.1.1	77552	ENSCAFG00845004462;ENSCAFG00845004493;ENSCAFG00845004486;ENSCAFG00845004470	1.1.1;1.1.1;1.1.1;1.1.1	93361;14605;20880;74577	one_to_many
ENSMUSG00000024098	lincConv	ENSCAFG00845004527	lincConv	ENSMUSG00000117229	n.1.1	5490	ENSCAFG00845004593	1.1.1	12693	one_to_one
ENSMUSG00000028792	lincConv	ENSCAFG00845005127	lincConv	ENSMUSG00000120256	1.1.1	9690	ENSCAFG00845005161	1.1.1	13767	one_to_one
ENSMUSG00000021557	lincConv	ENSCAFG00845005286	lincConv	ENSMUSG00000114787	n.1.1	22581	ENSCAFG00845005320;ENSCAFG00845005325;ENSCAFG00845005315	n.1.1;1.1.1;1.1.1	24923;73131;9270	one_to_many
ENSMUSG00000020205	lincConv	ENSCAFG00845005752	lincConv	ENSMUSG00000097082	1.1.1	78118	ENSCAFG00845005712;ENSCAFG00845027451	1.1.1;1.1.1	12102;54184	one_to_many
ENSMUSG00000048677	lincConv	ENSCAFG00845005889	lincConv	ENSMUSG00000108967	1.1.1	19567	ENSCAFG00845005798	1.1.1	19498	one_to_one
ENSMUSG00000003721	lincConv	ENSCAFG00845005970	lincConv	ENSMUSG00000101700	1.1.1	76827	ENSCAFG00845005912	n.1.1	17852	one_to_one
ENSMUSG00000061533	lincConv	ENSCAFG00845008464	lincConv	ENSMUSG00000113747	1.1.1	26974	ENSCAFG00845008335	1.1.1	13820	one_to_one
ENSMUSG00000104445	lincConv	ENSCAFG00845009336	lincConv	ENSMUSG00000097156	n.1.1	12913	ENSCAFG00845009096	n.1.1	14671	one_to_one
ENSMUSG00000026917	lincConv	ENSCAFG00845011994	lincConv	ENSMUSG00000120033	1.1.1	59124	ENSCAFG00845012067	1.1.1	14003	one_to_one
ENSMUSG00000024411	lincConv	ENSCAFG00845012372	lincConv	ENSMUSG00000117645	1.1.1	27190	ENSCAFG00845012449	1.1.1	37343	one_to_one
ENSMUSG00000040490	lincConv	ENSCAFG00845014692	lincConv	ENSMUSG00000101012	n.1.1	14675	ENSCAFG00845014656	1.1.1	39063	one_to_one
ENSMUSG00000034021	lincConv	ENSCAFG00845014958	lincConv	ENSMUSG00000107047	1.1.1	53273	ENSCAFG00845014882	1.1.1	7248	one_to_one
ENSMUSG00000043857	lincConv	ENSCAFG00845015937	lincConv	ENSMUSG00000086902	n.1.1	48086	ENSCAFG00845015860	n.1.1	29943	one_to_one
ENSMUSG00000037826	lincConv	ENSCAFG00845016529	lincConv	ENSMUSG00000093535	1.1.1	8831	ENSCAFG00845016439	1.1.1	16563	one_to_one
ENSMUSG00000005583	lincConv	ENSCAFG00845017289	lincConv	ENSMUSG00000097265	n.n.1	0	ENSCAFG00845017881;ENSCAFG00845018016	1.1.1;1.1.1	23726;56847	one_to_many
ENSMUSG00000057234	lincConv	ENSCAFG00845018354	lincConv	ENSMUSG00000087544	1.1.1	66853	ENSCAFG00845018649;ENSCAFG00845018665	1.1.1;1.1.1	73263;88364	one_to_many
ENSMUSG00000028266	lincConv	ENSCAFG00845019328	lincConv	ENSMUSG00000120269	1.1.1	22730	ENSCAFG00845019278;ENSCAFG00845019300	1.1.1;1.1.1	36880;19753	one_to_many
ENSMUSG00000032540	lincConv	ENSCAFG00845020085	lincConv	ENSMUSG00000111146	n.1.1	54294	ENSCAFG00845020052	1.1.1	55277	one_to_one
ENSMUSG00000055435	lincConv	ENSCAFG00845021165	lincConv	ENSMUSG00000110592	1.1.1	87790	ENSCAFG00845021356;ENSCAFG00845021337;ENSCAFG00845021260;ENSCAFG00845021365;ENSCAFG00845021391	1.1.1;1.1.1;1.1.1;1.1.1;1.1.1	45425;26326;5106;83124;96412	one_to_many
ENSMUSG00000032977	lincConv	ENSCAFG00845021885	lincConv	ENSMUSG00000112818	1.1.1	15032	ENSCAFG00845021920	1.1.1	7938	one_to_one
ENSMUSG00000032368	lincConv	ENSCAFG00845021895	lincConv	ENSMUSG00000101608	1.1.1	17180	ENSCAFG00845021980;ENSCAFG00845021968	1.1.1;1.1.1	91194;27649	one_to_many
ENSMUSG00000041298	lincConv	ENSCAFG00845022093	lincConv	ENSMUSG00000087647;ENSMUSG00000085740	1.1.1;1.1.1	33786;88504	ENSCAFG00845022177	1.1.1	7152	many_to_one
ENSMUSG00000026395	lincConv	ENSCAFG00845023211	lincConv	ENSMUSG00000098206;ENSMUSG00000098243	1.1.1;n.1.1	92943;53083	ENSCAFG00845022979	1.1.1	17992	many_to_one
ENSMUSG00000036574	lincConv	ENSCAFG00845023927	lincConv	ENSMUSG00000120706	1.1.1	13980	ENSCAFG00845023947	1.1.1	14489	one_to_one
ENSMUSG00000041660	lincConv	ENSCAFG00845025022	lincConv	ENSMUSG00000085444	1.1.1	6566	ENSCAFG00845025115	1.1.1	54503	one_to_one
ENSMUSG00000029641	lincConv	ENSCAFG00845025821	lincConv	ENSMUSG00000120797	1.1.1	34891	ENSCAFG00845025799	1.1.1	48400	one_to_one
ENSMUSG00000027011	lincConv	ENSCAFG00845026988	lincConv	ENSMUSG00000120236	1.1.1	43201	ENSCAFG00845027055;ENSCAFG00845027042;ENSCAFG00845027064	1.1.1;1.1.1;1.1.1	12761;9398;51007	one_to_many
ENSMUSG00000027346	lincConv	ENSCAFG00845027927	lincConv	ENSMUSG00000086379	n.1.1	15180	ENSCAFG00845028099	1.1.1	42257	one_to_one
ENSMUSG00000057469	lincConv	ENSCAFG00845028092	lincConv	ENSMUSG00000114018	n.1.1	5139	ENSCAFG00845028042;ENSCAFG00845028027	1.1.1;1.1.1	19427;26040	one_to_many
ENSMUSG00000037104	lincConv	ENSCAFG00845028095	lincConv	ENSMUSG00000117384	1.1.1	54377	ENSCAFG00845028119	1.1.1	5545	one_to_one
ENSMUSG00000039983	lincConv	ENSCAFG00845028623	lincConv	ENSMUSG00000084802	1.1.1	17095	ENSCAFG00845028611	1.1.1	12968	one_to_one
ENSMUSG00000027797	lincConv	ENSCAFG00845028832	lincConv	ENSMUSG00000106334	1.1.1	39037	ENSCAFG00845029051	1.1.1	6766	one_to_one
ENSMUSG00000043301	lincConv	ENSCAFG00845028925	lincConv	ENSMUSG00000120726	1.1.1	23589	ENSCAFG00845028902	n.1.1	35952	one_to_one
ENSMUSG00000025078	lincConv	ENSCAFG00845030495	lincConv	ENSMUSG00000117890	1.1.1	53008	ENSCAFG00845030508	1.1.1	23364	one_to_one
ENSMUSG00000047434	lincConv	ENSCAFG00845030777	lincConv	ENSMUSG00000116737	1.1.1	73495	ENSCAFG00845030802;ENSCAFG00845030807	1.1.1;1.1.1	13820;56290	one_to_many
ENSMUSG00000033499	lincDivg	ENSCAFG00845000398	lincDivg	ENSMUSG00000113543	n.n.n	17460	ENSCAFG00845000368	1.1.1	21159	one_to_one
ENSMUSG00000002107	lincDivg	ENSCAFG00845000818	lincDivg	ENSMUSG00000099424	1.1.1	20376	ENSCAFG00845000985	1.1.1	99397	one_to_one
ENSMUSG00000024897	lincDivg	ENSCAFG00845000845	lincDivg	ENSMUSG00000117685	1.1.1	10886	ENSCAFG00845000824	1.1.1	7589	one_to_one
ENSMUSG00000031672	lincDivg	ENSCAFG00845001418	lincDivg	ENSMUSG00000110634	1.1.1	22027	ENSCAFG00845001405	1.1.1	65246	one_to_one
ENSMUSG00000026335	lincDivg	ENSCAFG00845001601	lincDivg	ENSMUSG00000100711;ENSMUSG00000100182	1.1.1;n.1.1	78002;35783	ENSCAFG00845001870;ENSCAFG00845001772;ENSCAFG00845001811;ENSCAFG00845001817;ENSCAFG00845001849;ENSCAFG00845001792;ENSCAFG00845001779;ENSCAFG00845001857	1.1.1;1.1.1;1.1.1;1.1.1;1.1.1;1.1.1;1.1.1;1.1.1	90067;9326;45459;58772;74382;32324;27675;84023	many_to_many
ENSMUSG00000024924	lincDivg	ENSCAFG00845002345	lincDivg	ENSMUSG00000118020	1.1.1	24475	ENSCAFG00845002310	1.1.1	94183	one_to_one
ENSMUSG00000078671	lincDivg	ENSCAFG00845002446	lincDivg	ENSMUSG00000108311;ENSMUSG00000120135;ENSMUSG00000108724	1.1.1;1.1.1;n.1.1	88787;16976;67118	ENSCAFG00845002719;ENSCAFG00845002714;ENSCAFG00845002709	1.1.1;1.1.1;1.1.1	35318;15730;5818	many_to_many_strict
ENSMUSG00000040600	lincDivg	ENSCAFG00845002452	lincDivg	ENSMUSG00000106426	1.1.1	43690	ENSCAFG00845002404	n.n.n	17207	one_to_one
ENSMUSG00000015016	lincDivg	ENSCAFG00845002712	lincDivg	ENSMUSG00000110682;ENSMUSG00000110523	n.1.1;n.n.n	12465;23094	ENSCAFG00845002775;ENSCAFG00845002749	n.n.n;1.1.1	22639;5819	many_to_many_strict
ENSMUSG00000039176	lincDivg	ENSCAFG00845004161	lincDivg	ENSMUSG00000097023	n.1.1	32746	ENSCAFG00845004193	n.1.1	30309	one_to_one
ENSMUSG00000037628	lincDivg	ENSCAFG00845004444	lincDivg	ENSMUSG00000115015;ENSMUSG00000115690	1.1.1;1.1.1	86766;14142	ENSCAFG00845004412	1.1.1	71871	many_to_one
ENSMUSG00000041482	lincDivg	ENSCAFG00845004756	lincDivg	ENSMUSG00000097980	n.1.1	12031	ENSCAFG00845004802	1.1.1	87526	one_to_one
ENSMUSG00000024524	lincDivg	ENSCAFG00845004832	lincDivg	ENSMUSG00000117868	1.1.1	56698	ENSCAFG00845004812	1.1.1	59734	one_to_one
ENSMUSG00000045394	lincDivg	ENSCAFG00845005300	lincDivg	ENSMUSG00000117414	1.1.1	64325	ENSCAFG00845005280	1.1.1	28996	one_to_one
ENSMUSG00000019256	lincDivg	ENSCAFG00845005867	lincDivg	ENSMUSG00000113580;ENSMUSG00000113548	1.1.1;1.1.1	10993;67506	ENSCAFG00845005851;ENSCAFG00845005842	1.1.1;1.1.1	77454;97635	many_to_many_strict
ENSMUSG00000039405	lincDivg	ENSCAFG00845006550	lincDivg	ENSMUSG00000108875	1.1.1	25179	ENSCAFG00845006577	1.1.1	42939	one_to_one
ENSMUSG00000037410	lincDivg	ENSCAFG00845006735	lincDivg	ENSMUSG00000111666	1.1.1	32996	ENSCAFG00845006787	1.1.1	7264	one_to_one
ENSMUSG00000038594	lincDivg	ENSCAFG00845006869	lincDivg	ENSMUSG00000112132	1.1.1	29935	ENSCAFG00845007067	1.1.1	31387	one_to_one
ENSMUSG00000026766	lincDivg	ENSCAFG00845007815	lincDivg	ENSMUSG00000115545	1.1.1	83599	ENSCAFG00845007953	n.n.n	83984	one_to_one
ENSMUSG00000038151	lincDivg	ENSCAFG00845007842	lincDivg	ENSMUSG00000111535	n.1.1	70219	ENSCAFG00845007796	n.1.1	85930	one_to_one
ENSMUSG00000028284	lincDivg	ENSCAFG00845008051	lincDivg	ENSMUSG00000120487	1.1.1	86548	ENSCAFG00845008142	1.1.1	23533	one_to_one
ENSMUSG00000017144	lincDivg	ENSCAFG00845008171	lincDivg	ENSMUSG00000100496;ENSMUSG00000086349	1.1.1;1.1.1	70271;92720	ENSCAFG00845008214;ENSCAFG00845008226	1.1.1;1.1.1	72032;80194	many_to_many_strict
ENSMUSG00000068798	lincDivg	ENSCAFG00845008254	lincDivg	ENSMUSG00000104835	n.1.1	14190	ENSCAFG00845008321	n.1.1	18042	one_to_one
ENSMUSG00000024578	lincDivg	ENSCAFG00845009566	lincDivg	ENSMUSG00000120623;ENSMUSG00000097324	1.1.1;n.1.1	38208;19350	ENSCAFG00845009524	n.1.1	24367	many_to_one
ENSMUSG00000032350	lincDivg	ENSCAFG00845010300	lincDivg	ENSMUSG00000111225;ENSMUSG00000111014	1.1.1;1.1.1	24256;21267	ENSCAFG00845010420	n.n.n	12417	many_to_one
ENSMUSG00000039910	lincDivg	ENSCAFG00845010679	lincDivg	ENSMUSG00000112629	1.1.1	64705	ENSCAFG00845010736	n.1.1	40103	one_to_one
ENSMUSG00000061306	lincDivg	ENSCAFG00845010883	lincDivg	ENSMUSG00000120866	1.1.1	13407	ENSCAFG00845010842;ENSCAFG00845010820	1.1.1;1.1.1	34810;39093	one_to_many
ENSMUSG00000038733	lincDivg	ENSCAFG00845012382	lincDivg	ENSMUSG00000054135	n.1.1	13985	ENSCAFG00845012343	n.1.1	14686	one_to_one
ENSMUSG00000036225	lincDivg	ENSCAFG00845012599	lincDivg	ENSMUSG00000117613	n.1.1	43277	ENSCAFG00845012572;ENSCAFG00845012476	1.1.1;1.1.1	41118;57075	one_to_many
ENSMUSG00000038400	lincDivg	ENSCAFG00845013029	lincDivg	ENSMUSG00000121269	1.1.1	14722	ENSCAFG00845013079	1.1.1	40638	one_to_one
ENSMUSG00000028519	lincDivg	ENSCAFG00845013616	lincDivg	ENSMUSG00000087482	1.1.1	68677	ENSCAFG00845007606;ENSCAFG00845013530;ENSCAFG00845013538;ENSCAFG00845013519;ENSCAFG00845013523;ENSCAFG00845013510;ENSCAFG00845013503;ENSCAFG00845013537;ENSCAFG00845007595;ENSCAFG00845013508	1.1.1;1.1.1;1.1.1;1.1.1;1.1.1;1.1.1;1.1.1;1.1.1;1.1.1;1.1.1	86175;36708;7813;58394;45705;64311;79113;24183;98710;77802	one_to_many
ENSMUSG00000085795	lincDivg	ENSCAFG00845013831	lincDivg	ENSMUSG00000100335	n.1.1	92945	ENSCAFG00845013845	n.1.1	40630	one_to_one
ENSMUSG00000032011	lincDivg	ENSCAFG00845014436	lincDivg	ENSMUSG00000111637;ENSMUSG00000111758	1.1.1;n.1.1	63907;73131	ENSCAFG00845014420	1.1.1	28458	many_to_one
ENSMUSG00000027506	lincDivg	ENSCAFG00845014452	lincDivg	ENSMUSG00000103116	1.1.1	57241	ENSCAFG00845014581	1.1.1	89558	one_to_one
ENSMUSG00000019790	lincDivg	ENSCAFG00845014465	lincDivg	ENSMUSG00000101621	n.1.1	75548	ENSCAFG00845013934	n.n.n	76679	one_to_one
ENSMUSG00000027508	lincDivg	ENSCAFG00845014770	lincDivg	ENSMUSG00000120107	1.1.1	19588	ENSCAFG00845014816;ENSCAFG00845014794;ENSCAFG00845014805;ENSCAFG00845014811;ENSCAFG00845014799	1.1.1;1.1.1;1.1.1;1.1.1;1.1.1	50967;8329;33701;40583;26692	one_to_many
ENSMUSG00000038173	lincDivg	ENSCAFG00845015469	lincDivg	ENSMUSG00000109759	1.1.1	38088	ENSCAFG00845015446	1.1.1	23751	one_to_one
ENSMUSG00000025608	lincDivg	ENSCAFG00845015545	lincDivg	ENSMUSG00000086804;ENSMUSG00000086732	n.1.1;1.1.1	41209;10986	ENSCAFG00845015499	1.1.1	55714	many_to_one
ENSMUSG00000050549	lincDivg	ENSCAFG00845016273	lincDivg	ENSMUSG00000104763;ENSMUSG00000106437	n.1.1;1.1.1	19844;74385	ENSCAFG00845016219	n.1.1	30821	many_to_one
ENSMUSG00000076431	lincDivg	ENSCAFG00845017149	lincDivg	ENSMUSG00000086363	n.1.1	60545	ENSCAFG00845017101;ENSCAFG00845017123	1.1.1;1.1.1	57335;35692	one_to_many
ENSMUSG00000019843	lincDivg	ENSCAFG00845017640	lincDivg	ENSMUSG00000111183	1.1.1	45438	ENSCAFG00845018173;ENSCAFG00845018158	1.1.1;1.1.1	13292;6862	one_to_many
ENSMUSG00000048304	lincDivg	ENSCAFG00845018138	lincDivg	ENSMUSG00000103428	n.1.1	8487	ENSCAFG00845018201	n.1.1	12325	one_to_one
ENSMUSG00000032532	lincDivg	ENSCAFG00845019239	lincDivg	ENSMUSG00000110814	1.1.1	27881	ENSCAFG00845019292	1.1.1	10014	one_to_one
ENSMUSG00000021944	lincDivg	ENSCAFG00845019258	lincDivg	ENSMUSG00000114898	n.n.n	45990	ENSCAFG00845019352	1.1.1	18993	one_to_one
ENSMUSG00000022883	lincDivg	ENSCAFG00845020071	lincDivg	ENSMUSG00000116769	n.1.1	73979	ENSCAFG00845019932;ENSCAFG00845019893;ENSCAFG00845019904;ENSCAFG00845019942;ENSCAFG00845019915;ENSCAFG00845019958	1.1.1;1.1.1;1.1.1;1.1.1;1.1.1;1.1.1	34751;59068;54550;20570;44301;15092	one_to_many
ENSMUSG00000024087	lincDivg	ENSCAFG00845020438	lincDivg	ENSMUSG00000117426;ENSMUSG00000117616	1.1.1;1.1.1	18813;56901	ENSCAFG00845020563	1.1.1	48313	many_to_one
ENSMUSG00000019577	lincDivg	ENSCAFG00845021015	lincDivg	ENSMUSG00000120672	1.1.1	14862	ENSCAFG00845021189	1.1.1	39574	one_to_one
ENSMUSG00000000489	lincDivg	ENSCAFG00845022039	lincDivg	ENSMUSG00000120517	1.1.1	9512	ENSCAFG00845021997	1.1.1	17671	one_to_one
ENSMUSG00000075224	lincDivg	ENSCAFG00845022276	lincDivg	ENSMUSG00000085025	1.1.1	36478	ENSCAFG00845022291	1.1.1	5024	one_to_one
ENSMUSG00000020023	lincDivg	ENSCAFG00845022396	lincDivg	ENSMUSG00000053420	1.1.1	13246	ENSCAFG00845022473	1.1.1	66060	one_to_one
ENSMUSG00000022637	lincDivg	ENSCAFG00845022767	lincDivg	ENSMUSG00000116725	n.1.1	25730	ENSCAFG00845023181	1.1.1	47182	one_to_one
ENSMUSG00000047171	lincDivg	ENSCAFG00845022921	lincDivg	ENSMUSG00000110035	n.1.1	68580	ENSCAFG00845022968	n.n.n	42173	one_to_one
ENSMUSG00000032289	lincDivg	ENSCAFG00845022941	lincDivg	ENSMUSG00000111809	n.1.1	5167	ENSCAFG00845022886;ENSCAFG00845022908	1.1.1;1.1.1	38206;24426	one_to_many
ENSMUSG00000029648	lincDivg	ENSCAFG00845023188	lincDivg	ENSMUSG00000106845	1.1.1	19505	ENSCAFG00845022967;ENSCAFG00845022973	1.1.1;1.1.1	71573;39024	one_to_many
ENSMUSG00000021991	lincDivg	ENSCAFG00845026635	lincDivg	ENSMUSG00000114815	n.1.1	13480	ENSCAFG00845027201	1.1.1	55453	one_to_one
ENSMUSG00000056155	lincDivg	ENSCAFG00845026758	lincDivg	ENSMUSG00000120667	1.1.1	12193	ENSCAFG00845026817	1.1.1	6692	one_to_one
ENSMUSG00000022967	lincDivg	ENSCAFG00845026778	lincDivg	ENSMUSG00000116987	n.n.n	20349	ENSCAFG00845026725	1.1.1	14565	one_to_one
ENSMUSG00000049119	lincDivg	ENSCAFG00845027603	lincDivg	ENSMUSG00000087099	1.1.1	92867	ENSCAFG00845027574;ENSCAFG00845027556;ENSCAFG00845027596;ENSCAFG00845027568;ENSCAFG00845027579;ENSCAFG00845027589;ENSCAFG00845027561	1.1.1;1.1.1;1.1.1;1.1.1;1.1.1;1.1.1;1.1.1	49740;98802;10662;55651;28858;22677;72597	one_to_many
ENSMUSG00000055194	lincDivg	ENSCAFG00845029066	lincDivg	ENSMUSG00000114824	1.1.1	25582	ENSCAFG00845029078	1.1.1	90377	one_to_one
ENSMUSG00000031330	lincDivg	ENSCAFG00845029957	lincDivg	ENSMUSG00000086370	n.1.1	13632	ENSCAFG00845029920	n.1.1	11907	one_to_one
ENSMUSG00000036158	lincDivg	ENSCAFG00845030270	lincDivg	ENSMUSG00000121167	1.1.1	15918	ENSCAFG00845030254	1.1.1	72938	one_to_one
ENSMUSG00000051586	lincDivg	ENSCAFG00845030774	lincDivg	ENSMUSG00000119973	n.1.1	6435	ENSCAFG00845030897	1.1.1	19335	one_to_one
ENSMUSG00000030549	lincSS.dw	ENSCAFG00845000295	lincSS.dw	ENSMUSG00000108373	n.1.1	14284	ENSCAFG00845000253	1.1.1	34105	one_to_one
ENSMUSG00000000078	lincSS.dw	ENSCAFG00845003083	lincSS.dw	ENSMUSG00000113757;ENSMUSG00000113017	1.1.1;n.1.1	16715;45399	ENSCAFG00845003152;ENSCAFG00845003118	1.1.1;n.1.1	89339;23238	many_to_many_strict
ENSMUSG00000033352	lincSS.dw	ENSCAFG00845003515	lincSS.dw	ENSMUSG00000120678	n.1.1	38391	ENSCAFG00845003575;ENSCAFG00845003570	1.1.1;1.1.1	38755;31623	one_to_many
ENSMUSG00000059060	lincSS.dw	ENSCAFG00845003641	lincSS.dw	ENSMUSG00000120447	1.1.1	76598	ENSCAFG00845003665	1.1.1	40323	one_to_one
ENSMUSG00000000420	lincSS.dw	ENSCAFG00845004806	lincSS.dw	ENSMUSG00000117570	1.1.1	52548	ENSCAFG00845004791;ENSCAFG00845004796	1.1.1;1.1.1	63030;54334	one_to_many
ENSMUSG00000020522	lincSS.dw	ENSCAFG00845005006	lincSS.dw	ENSMUSG00000086028	1.1.1	38697	ENSCAFG00845005001	1.1.1	8073	one_to_one
ENSMUSG00000037542	lincSS.dw	ENSCAFG00845005024	lincSS.dw	ENSMUSG00000037535	n.1.1	22773	ENSCAFG00845005022	n.1.1	10446	one_to_one
ENSMUSG00000021557	lincSS.dw	ENSCAFG00845005286	lincSS.dw	ENSMUSG00000114200;ENSMUSG00000114623	1.1.1;n.1.1	36441;26488	ENSCAFG00845005327	1.1.1	74697	many_to_one
ENSMUSG00000035759	lincSS.dw	ENSCAFG00845006103	lincSS.dw	ENSMUSG00000112246	1.1.1	35397	ENSCAFG00845006077	n.1.1	10190	one_to_one
ENSMUSG00000032913	lincSS.dw	ENSCAFG00845006193	lincSS.dw	ENSMUSG00000022187	1.1.1	29805	ENSCAFG00845006164	1.1.1	8693	one_to_one
ENSMUSG00000028909	lincSS.dw	ENSCAFG00845007699	lincSS.dw	ENSMUSG00000086856;ENSMUSG00000087171	1.1.1;n.1.1	57949;90612	ENSCAFG00845007539	1.1.1	53696	many_to_one
ENSMUSG00000038740	lincSS.dw	ENSCAFG00845008402	lincSS.dw	ENSMUSG00000085463	1.1.1	11054	ENSCAFG00845008346	1.1.1	10946	one_to_one
ENSMUSG00000037492	lincSS.dw	ENSCAFG00845008865	lincSS.dw	ENSMUSG00000109419;ENSMUSG00000053979	1.1.1;1.1.1	63925;17319	ENSCAFG00845009050;ENSCAFG00845009060	1.1.1;1.1.1	11816;20567	many_to_many_strict
ENSMUSG00000102692	lincSS.dw	ENSCAFG00845009547	lincSS.dw	ENSMUSG00000103459	1.1.1	46193	ENSCAFG00845009507	1.1.1	5715	one_to_one
ENSMUSG00000020461	lincSS.dw	ENSCAFG00845010710	lincSS.dw	ENSMUSG00000086707	1.1.1	17420	ENSCAFG00845010646;ENSCAFG00845010660	1.1.1;n.1.1	56141;12373	one_to_many
ENSMUSG00000053141	lincSS.dw	ENSCAFG00845011487	lincSS.dw	ENSMUSG00000100943	1.1.1	7978	ENSCAFG00845011168;ENSCAFG00845011159	1.1.1;1.1.1	39576;82356	one_to_many
ENSMUSG00000054469	lincSS.dw	ENSCAFG00845011833	lincSS.dw	ENSMUSG00000117292	n.1.1	7618	ENSCAFG00845011860	n.n.n	20069	one_to_one
ENSMUSG00000052302	lincSS.dw	ENSCAFG00845011871	lincSS.dw	ENSMUSG00000112846	1.1.1	61171	ENSCAFG00845012102	n.1.1	44450	one_to_one
ENSMUSG00000038954	lincSS.dw	ENSCAFG00845012174	lincSS.dw	ENSMUSG00000117044	1.1.1	27947	ENSCAFG00845012139	1.1.1	20726	one_to_one
ENSMUSG00000022346	lincSS.dw	ENSCAFG00845012475	lincSS.dw	ENSMUSG00000097039	n.1.1	47594	ENSCAFG00845012649;ENSCAFG00845012589	1.1.1;n.1.1	47755;45154	one_to_many
ENSMUSG00000061898	lincSS.dw	ENSCAFG00845012858	lincSS.dw	ENSMUSG00000104529	n.1.1	6435	ENSCAFG00845013133	1.1.1	5797	one_to_one
ENSMUSG00000050994	lincSS.dw	ENSCAFG00845013765	lincSS.dw	ENSMUSG00000112573	1.1.1	38774	ENSCAFG00845013941	n.1.1	59587	one_to_one
ENSMUSG00000043592	lincSS.dw	ENSCAFG00845014744	lincSS.dw	ENSMUSG00000117019	1.1.1	17019	ENSCAFG00845014729	1.1.1	13884	one_to_one
ENSMUSG00000036867	lincSS.dw	ENSCAFG00845016415	lincSS.dw	ENSMUSG00000111058	n.1.1	11274	ENSCAFG00845016520	1.1.1	68904	one_to_one
ENSMUSG00000005583	lincSS.dw	ENSCAFG00845017289	lincSS.dw	ENSMUSG00000050334	n.1.1	48182	ENSCAFG00845017914	n.1.1	31504	one_to_one
ENSMUSG00000028578	lincSS.dw	ENSCAFG00845017294	lincSS.dw	ENSMUSG00000087128;ENSMUSG00000085931	n.1.1;1.1.1	22843;74493	ENSCAFG00845017261;ENSCAFG00845017276	1.1.1;1.1.1	36896;9479	many_to_many_strict
ENSMUSG00000054720	lincSS.dw	ENSCAFG00845017546	lincSS.dw	ENSMUSG00000120245	1.1.1	38319	ENSCAFG00845017486	n.n.n	84801	one_to_one
ENSMUSG00000038215	lincSS.dw	ENSCAFG00845017832	lincSS.dw	ENSMUSG00000110310	1.1.1	46554	ENSCAFG00845017925	n.1.1	12060	one_to_one
ENSMUSG00000036450	lincSS.dw	ENSCAFG00845018163	lincSS.dw	ENSMUSG00000117911	n.1.1	38466	ENSCAFG00845018305;ENSCAFG00845018236;ENSCAFG00845018293;ENSCAFG00845018273;ENSCAFG00845018257	1.1.1;1.1.1;1.1.1;1.1.1;1.1.1	50198;7964;42110;28801;17665	one_to_many
ENSMUSG00000028266	lincSS.dw	ENSCAFG00845019328	lincSS.dw	ENSMUSG00000106367	1.1.1	52776	ENSCAFG00845019287;ENSCAFG00845019310	1.1.1;1.1.1	33119;19753	one_to_many
ENSMUSG00000022404	lincSS.dw	ENSCAFG00845019500	lincSS.dw	ENSMUSG00000115970	n.n.n	6045	ENSCAFG00845019637	1.1.1	10854	one_to_one
ENSMUSG00000025997	lincSS.dw	ENSCAFG00845019777	lincSS.dw	ENSMUSG00000100354	1.1.1	37426	ENSCAFG00845019690	n.1.1	59389	one_to_one
ENSMUSG00000032540	lincSS.dw	ENSCAFG00845020085	lincSS.dw	ENSMUSG00000111192	1.1.1	40612	ENSCAFG00845020062	1.1.1	55280	one_to_one
ENSMUSG00000033510	lincSS.dw	ENSCAFG00845020217	lincSS.dw	ENSMUSG00000108421	1.1.1	6846	ENSCAFG00845020598	1.1.1	15898	one_to_one
ENSMUSG00000045867	lincSS.dw	ENSCAFG00845021328	lincSS.dw	ENSMUSG00000112481;ENSMUSG00000112501	n.1.1;1.1.1	28888;37872	ENSCAFG00845021449	n.1.1	16408	many_to_one
ENSMUSG00000050954	lincSS.dw	ENSCAFG00845021431	lincSS.dw	ENSMUSG00000114695	1.1.1	79135	ENSCAFG00845021384	1.1.1	14459	one_to_one
ENSMUSG00000055963	lincSS.dw	ENSCAFG00845021945	lincSS.dw	ENSMUSG00000086227	1.1.1	92587	ENSCAFG00845021889	1.1.1	79449	one_to_one
ENSMUSG00000005069	lincSS.dw	ENSCAFG00845024224	lincSS.dw	ENSMUSG00000107737	1.1.1	32297	ENSCAFG00845024131	1.1.1	5386	one_to_one
ENSMUSG00000032615	lincSS.dw	ENSCAFG00845024249	lincSS.dw	ENSMUSG00000084766	1.1.1	17406	ENSCAFG00845024153;ENSCAFG00845024165	1.1.1;1.1.1	29180;10913	one_to_many
ENSMUSG00000024135	lincSS.dw	ENSCAFG00845027248	lincSS.dw	ENSMUSG00000117501	n.1.1	56058	ENSCAFG00845027133;ENSCAFG00845027119	1.1.1;1.1.1	28850;96169	one_to_many
ENSMUSG00000044337	lincSS.dw	ENSCAFG00845027671	lincSS.dw	ENSMUSG00000101028	1.1.1	63707	ENSCAFG00845027767;ENSCAFG00845027697	n.1.1;1.1.1	51178;11883	one_to_many
ENSMUSG00000039239	lincSS.dw	ENSCAFG00845028176	lincSS.dw	ENSMUSG00000103690	n.1.1	64111	ENSCAFG00845028269;ENSCAFG00845028245	n.1.1;n.1.1	50291;20053	one_to_many
ENSMUSG00000031647	lincSS.dw	ENSCAFG00845028385	lincSS.dw	ENSMUSG00000109992	1.1.1	42562	ENSCAFG00845028348	1.1.1	11550	one_to_one
ENSMUSG00000067787	lincSS.dw	ENSCAFG00845028425	lincSS.dw	ENSMUSG00000087445	1.1.1	10893	ENSCAFG00845028402	1.1.1	17692	one_to_one
ENSMUSG00000026311	lincSS.dw	ENSCAFG00845030187	lincSS.dw	ENSMUSG00000101705	1.1.1	51817	ENSCAFG00845030248;ENSCAFG00845030241	1.1.1;1.1.1	87330;40730	one_to_many
ENSMUSG00000047434	lincSS.dw	ENSCAFG00845030777	lincSS.dw	ENSMUSG00000116951;ENSMUSG00000116581	n.1.1;n.1.1	84420;19515	ENSCAFG00845030811;ENSCAFG00845030781;ENSCAFG00845030804	1.1.1;1.1.1;1.1.1	98310;13818;35093	many_to_many
ENSMUSG00000025086	lincSS.dw	ENSCAFG00845030859	lincSS.dw	ENSMUSG00000118178;ENSMUSG00000117655	1.1.1;n.1.1	31252;17559	ENSCAFG00845030880;ENSCAFG00845030878	1.1.1;1.1.1	16899;6255	many_to_many_strict
ENSMUSG00000053950	lincSS.up	ENSCAFG00845000021	lincSS.up	ENSMUSG00000118373	1.1.1	6439	ENSCAFG00845000022	1.1.1	13715	one_to_one
ENSMUSG00000024750	lincSS.up	ENSCAFG00845000056	lincSS.up	ENSMUSG00000118090	1.1.1	60305	ENSCAFG00845000051	1.1.1	63482	one_to_one
ENSMUSG00000058881	lincSS.up	ENSCAFG00845000590	lincSS.up	ENSMUSG00000097738	n.1.1	40059	ENSCAFG00845000562	1.1.1	16973	one_to_one
ENSMUSG00000006169	lincSS.up	ENSCAFG00845001528	lincSS.up	ENSMUSG00000086686	1.1.1	10793	ENSCAFG00845001502	n.1.1	83022	one_to_one
ENSMUSG00000050270	lincSS.up	ENSCAFG00845002881	lincSS.up	ENSMUSG00000085926	1.1.1	13529	ENSCAFG00845002911	1.1.1	22131	one_to_one
ENSMUSG00000048285	lincSS.up	ENSCAFG00845003527	lincSS.up	ENSMUSG00000114005	n.1.1	76665	ENSCAFG00845003481	n.1.1	18893	one_to_one
ENSMUSG00000021466	lincSS.up	ENSCAFG00845003905	lincSS.up	ENSMUSG00000113453	n.1.1	47902	ENSCAFG00845003835	1.1.1	8811	one_to_one
ENSMUSG00000011154	lincSS.up	ENSCAFG00845004797	lincSS.up	ENSMUSG00000109248	1.1.1	5542	ENSCAFG00845004813	1.1.1	12055	one_to_one
ENSMUSG00000005371	lincSS.up	ENSCAFG00845005550	lincSS.up	ENSMUSG00000097676	1.1.1	80793	ENSCAFG00845005579	1.1.1	6469	one_to_one
ENSMUSG00000027870	lincSS.up	ENSCAFG00845006278	lincSS.up	ENSMUSG00000085121	1.1.1	44410	ENSCAFG00845006244	1.1.1	25434	one_to_one
ENSMUSG00000026735	lincSS.up	ENSCAFG00845006739	lincSS.up	ENSMUSG00000109733	1.1.1	15220	ENSCAFG00845006763	1.1.1	13725	one_to_one
ENSMUSG00000049690	lincSS.up	ENSCAFG00845007269	lincSS.up	ENSMUSG00000101600	n.1.1	41404	ENSCAFG00845007888;ENSCAFG00845007872	1.1.1;1.1.1	77313;42370	one_to_many
ENSMUSG00000038151	lincSS.up	ENSCAFG00845007842	lincSS.up	ENSMUSG00000111116;ENSMUSG00000111463	1.1.1;1.1.1	69388;52016	ENSCAFG00845007810	1.1.1	85210	many_to_one
ENSMUSG00000040850	lincSS.up	ENSCAFG00845008342	lincSS.up	ENSMUSG00000087474	1.1.1	15579	ENSCAFG00845009021;ENSCAFG00845009026;ENSCAFG00845009013;ENSCAFG00845009031	1.1.1;1.1.1;1.1.1;1.1.1	16847;30855;7010;34980	one_to_many
ENSMUSG00000038872	lincSS.up	ENSCAFG00845008627	lincSS.up	ENSMUSG00000110625	1.1.1	57633	ENSCAFG00845008701;ENSCAFG00845008709	1.1.1;1.1.1	10228;50375	one_to_many
ENSMUSG00000025929	lincSS.up	ENSCAFG00845008776	lincSS.up	ENSMUSG00000099906	n.1.1	46607	ENSCAFG00845008716	n.1.1	47993	one_to_one
ENSMUSG00000066456	lincSS.up	ENSCAFG00845008994	lincSS.up	ENSMUSG00000098747	n.1.1	93787	ENSCAFG00845009075;ENSCAFG00845009084	1.1.1;1.1.1	5786;41473	one_to_many
ENSMUSG00000063446	lincSS.up	ENSCAFG00845009012	lincSS.up	ENSMUSG00000084787	1.1.1	96036	ENSCAFG00845008991	1.1.1	23736	one_to_one
ENSMUSG00000032036	lincSS.up	ENSCAFG00845009016	lincSS.up	ENSMUSG00000110925	1.1.1	8838	ENSCAFG00845008967	1.1.1	21961	one_to_one
ENSMUSG00000020123	lincSS.up	ENSCAFG00845009998	lincSS.up	ENSMUSG00000112774	n.1.1	13466	ENSCAFG00845010028;ENSCAFG00845010040	1.1.1;n.1.1	49690;65104	one_to_many
ENSMUSG00000029822	lincSS.up	ENSCAFG00845010396	lincSS.up	ENSMUSG00000121037	n.1.1	43348	ENSCAFG00845010698	1.1.1	16303	one_to_one
ENSMUSG00000021709	lincSS.up	ENSCAFG00845010758	lincSS.up	ENSMUSG00000114276	1.1.1	25414	ENSCAFG00845010488;ENSCAFG00845010460;ENSCAFG00845010467;ENSCAFG00845010522	1.1.1;1.1.1;1.1.1;1.1.1	16069;35766;30493;8864	one_to_many
ENSMUSG00000061306	lincSS.up	ENSCAFG00845010883	lincSS.up	ENSMUSG00000075389	n.1.1	34054	ENSCAFG00845010832	1.1.1	33738	one_to_one
ENSMUSG00000022332	lincSS.up	ENSCAFG00845011046	lincSS.up	ENSMUSG00000069996	n.1.1	44844	ENSCAFG00845010957	n.1.1	27780	one_to_one
ENSMUSG00000033960	lincSS.up	ENSCAFG00845011470	lincSS.up	ENSMUSG00000117521	1.1.1	18814	ENSCAFG00845011525;ENSCAFG00845011508;ENSCAFG00845011489	1.1.1;1.1.1;1.1.1	21217;18237;12468	one_to_many
ENSMUSG00000035133	lincSS.up	ENSCAFG00845012045	lincSS.up	ENSMUSG00000120607	1.1.1	56101	ENSCAFG00845012010	1.1.1	10365	one_to_one
ENSMUSG00000038733	lincSS.up	ENSCAFG00845012382	lincSS.up	ENSMUSG00000120933;ENSMUSG00000121026	n.1.1;1.1.1	42236;21418	ENSCAFG00845012320;ENSCAFG00845012331	1.1.1;1.1.1	47501;13527	many_to_many_strict
ENSMUSG00000036225	lincSS.up	ENSCAFG00845012599	lincSS.up	ENSMUSG00000117404	1.1.1	49666	ENSCAFG00845012467;ENSCAFG00845012457;ENSCAFG00845012482;ENSCAFG00845012579	1.1.1;1.1.1;1.1.1;1.1.1	69205;83821;41118;23143	one_to_many
ENSMUSG00000029111	lincSS.up	ENSCAFG00845012841	lincSS.up	ENSMUSG00000106688	1.1.1	11167	ENSCAFG00845012817	1.1.1	8638	one_to_one
ENSMUSG00000020212	lincSS.up	ENSCAFG00845013780	lincSS.up	ENSMUSG00000112470	1.1.1	17717	ENSCAFG00845013863	1.1.1	29503	one_to_one
ENSMUSG00000030279	lincSS.up	ENSCAFG00845013960	lincSS.up	ENSMUSG00000108094	1.1.1	9073	ENSCAFG00845013844	1.1.1	10230	one_to_one
ENSMUSG00000039683	lincSS.up	ENSCAFG00845014480	lincSS.up	ENSMUSG00000120072	n.1.1	81398	ENSCAFG00845014957	1.1.1	35113	one_to_one
ENSMUSG00000022587	lincSS.up	ENSCAFG00845014604	lincSS.up	ENSMUSG00000116380	1.1.1	18735	ENSCAFG00845014572	n.1.1	10992	one_to_one
ENSMUSG00000020823	lincSS.up	ENSCAFG00845015759	lincSS.up	ENSMUSG00000086859;ENSMUSG00000085104	n.1.1;1.1.1	36204;54900	ENSCAFG00845015826;ENSCAFG00845015799	1.1.1;1.1.1	61720;32035	many_to_many_strict
ENSMUSG00000038069	lincSS.up	ENSCAFG00845016463	lincSS.up	ENSMUSG00000110665;ENSMUSG00000110604	n.1.1;1.1.1	30780;50122	ENSCAFG00845016501	1.1.1	6271	many_to_one
ENSMUSG00000034384	lincSS.up	ENSCAFG00845017033	lincSS.up	ENSMUSG00000097018	1.1.1	7634	ENSCAFG00845016970	n.n.n	38217	one_to_one
ENSMUSG00000015627	lincSS.up	ENSCAFG00845017212	lincSS.up	ENSMUSG00000084843	1.1.1	35792	ENSCAFG00845017300;ENSCAFG00845017290	1.1.1;1.1.1	35648;23514	one_to_many
ENSMUSG00000044646	lincSS.up	ENSCAFG00845017703	lincSS.up	ENSMUSG00000097302	1.1.1	37875	ENSCAFG00845017643;ENSCAFG00845017654	1.1.1;n.1.1	45209;10566	one_to_many
ENSMUSG00000026012	lincSS.up	ENSCAFG00845018097	lincSS.up	ENSMUSG00000120928	1.1.1	11462	ENSCAFG00845018024	1.1.1	44964	one_to_one
ENSMUSG00000041324	lincSS.up	ENSCAFG00845018632	lincSS.up	ENSMUSG00000114057	1.1.1	77170	ENSCAFG00845018566	1.1.1	22914	one_to_one
ENSMUSG00000032009	lincSS.up	ENSCAFG00845018942	lincSS.up	ENSMUSG00000111803	1.1.1	56884	ENSCAFG00845018902	1.1.1	28374	one_to_one
ENSMUSG00000059005	lincSS.up	ENSCAFG00845019864	lincSS.up	ENSMUSG00000121212	n.1.1	24484	ENSCAFG00845019631;ENSCAFG00845019779	1.1.1;1.1.1	97293;70184	one_to_many
ENSMUSG00000036499	lincSS.up	ENSCAFG00845020208	lincSS.up	ENSMUSG00000112400;ENSMUSG00000112599	n.1.1;1.1.1	43276;91532	ENSCAFG00845020760	1.1.1	16774	many_to_one
ENSMUSG00000006800	lincSS.up	ENSCAFG00845022596	lincSS.up	ENSMUSG00000085046;ENSMUSG00000085618	1.1.1;1.1.1	51567;34130	ENSCAFG00845022844	1.1.1	27808	many_to_one
ENSMUSG00000047171	lincSS.up	ENSCAFG00845022921	lincSS.up	ENSMUSG00000109612	1.1.1	77435	ENSCAFG00845023011	1.1.1	69451	one_to_one
ENSMUSG00000024941	lincSS.up	ENSCAFG00845023673	lincSS.up	ENSMUSG00000092341	n.1.1	24270	ENSCAFG00845024046;ENSCAFG00845024060	1.1.1;1.1.1	23078;26522	one_to_many
ENSMUSG00000020019	lincSS.up	ENSCAFG00845023731	lincSS.up	ENSMUSG00000111366	1.1.1	6358	ENSCAFG00845023880;ENSCAFG00845023906	1.1.1;1.1.1	11618;18407	one_to_many
ENSMUSG00000022106	lincSS.up	ENSCAFG00845025268	lincSS.up	ENSMUSG00000120611	1.1.1	15132	ENSCAFG00845025224	1.1.1	5645	one_to_one
ENSMUSG00000039851	lincSS.up	ENSCAFG00845026309	lincSS.up	ENSMUSG00000116763	1.1.1	43333	ENSCAFG00845026338	1.1.1	10107	one_to_one
ENSMUSG00000021991	lincSS.up	ENSCAFG00845026635	lincSS.up	ENSMUSG00000114570;ENSMUSG00000114774	1.1.1;n.1.1	10502;64964	ENSCAFG00845027164	1.1.1	25687	many_to_one
ENSMUSG00000022967	lincSS.up	ENSCAFG00845026778	lincSS.up	ENSMUSG00000084866	n.1.1	15110	ENSCAFG00845026718	1.1.1	11886	one_to_one
ENSMUSG00000028967	lincSS.up	ENSCAFG00845027497	lincSS.up	ENSMUSG00000085097	1.1.1	14344	ENSCAFG00845027520	n.1.1	44268	one_to_one
ENSMUSG00000049985	lincSS.up	ENSCAFG00845028592	lincSS.up	ENSMUSG00000120592	1.1.1	98911	ENSCAFG00845028636	1.1.1	39745	one_to_one
ENSMUSG00000027111	lincSS.up	ENSCAFG00845028626	lincSS.up	ENSMUSG00000064263	n.1.1	14640	ENSCAFG00845028545;ENSCAFG00845028553	1.1.1;1.1.1	36084;6701	one_to_many
ENSMUSG00000051076	lincSS.up	ENSCAFG00845029358	lincSS.up	ENSMUSG00000120363	n.1.1	38967	ENSCAFG00845029454	1.1.1	7179	one_to_one
ENSMUSG00000075028	lincSS.up	ENSCAFG00845029718	lincSS.up	ENSMUSG00000087559	1.1.1	39775	ENSCAFG00845005873	1.1.1	28403	one_to_one
ENSMUSG00000035000	lincSS.up	ENSCAFG00845030056	lincSS.up	ENSMUSG00000087681	1.1.1	24649	ENSCAFG00845030193	1.1.1	6478	one_to_one
ENSMUSG00000045534	lincSS.up	ENSCAFG00845030339	lincSS.up	ENSMUSG00000110390	1.1.1	14457	ENSCAFG00845030349;ENSCAFG00845030360	1.1.1;1.1.1	19446;26415	one_to_many
ENSMUSG00000000184	lincSS.up	ENSCAFG00845030681	lincSS.up	ENSMUSG00000107013	1.1.1	99445	ENSCAFG00845030688	1.1.1	7711	one_to_one
ENSMUSG00000056812	lncgConv	ENSCAFG00845001921	lncgConv	ENSMUSG00000086128	n.n.1	0	ENSCAFG00845001910	1.1.1	781	one_to_one
ENSMUSG00000016494	lncgConv	ENSCAFG00845002498	lncgConv	ENSMUSG00000097325	1.1.1	0	ENSCAFG00845002478	1.1.1	422	one_to_one
ENSMUSG00000024376	lncgConv	ENSCAFG00845003607	lncgConv	ENSMUSG00000087590	n.1.1	330	ENSCAFG00845003724	1.1.1	4296	one_to_one
ENSMUSG00000030610	lncgConv	ENSCAFG00845003631	lncgConv	ENSMUSG00000108603	1.1.1	884	ENSCAFG00845003620	1.1.1	132	one_to_one
ENSMUSG00000038663	lncgConv	ENSCAFG00845003925	lncgConv	ENSMUSG00000097277	n.1.1	1802	ENSCAFG00845003886	1.1.1	1575	one_to_one
ENSMUSG00000021838	lncgConv	ENSCAFG00845004567	lncgConv	ENSMUSG00000072589	n.n.1	0	ENSCAFG00845014683	1.1.1	2040	one_to_one
ENSMUSG00000047412	lncgConv	ENSCAFG00845006412	lncgConv	ENSMUSG00000097701	1.1.1	4732	ENSCAFG00845006429	1.1.1	1338	one_to_one
ENSMUSG00000028911	lncgConv	ENSCAFG00845008307	lncgConv	ENSMUSG00000085667	n.n.n	0	ENSCAFG00845008353	1.1.1	4766	one_to_one
ENSMUSG00000054074	lncgConv	ENSCAFG00845008698	lncgConv	ENSMUSG00000085319	1.1.1	1043	ENSCAFG00845008731	1.1.1	179	one_to_one
ENSMUSG00000048799	lncgConv	ENSCAFG00845008875	lncgConv	ENSMUSG00000118362	n.1.1	0	ENSCAFG00845008813	1.1.1	3340	one_to_one
ENSMUSG00000001419	lncgConv	ENSCAFG00845009027	lncgConv	ENSMUSG00000096935	n.n.1	0	ENSCAFG00845009073	1.1.1	943	one_to_one
ENSMUSG00000028898	lncgConv	ENSCAFG00845009934	lncgConv	ENSMUSG00000086290	n.1.1	312	ENSCAFG00845009830	1.1.1	27	one_to_one
ENSMUSG00000045515	lncgConv	ENSCAFG00845009979	lncgConv	ENSMUSG00000097063	n.1.1	3870	ENSCAFG00845009940	1.1.1	266	one_to_one
ENSMUSG00000021010	lncgConv	ENSCAFG00845012355	lncgConv	ENSMUSG00000099407	1.1.1	0	ENSCAFG00845012553	1.1.1	1024	one_to_one
ENSMUSG00000030283	lncgConv	ENSCAFG00845014219	lncgConv	ENSMUSG00000072683	n.n.1	0	ENSCAFG00845014259	1.1.1	2323	one_to_one
ENSMUSG00000031077	lncgConv	ENSCAFG00845014582	lncgConv	ENSMUSG00000073778	1.1.1	0	ENSCAFG00845014571	1.1.1	2589	one_to_one
ENSMUSG00000047804	lncgConv	ENSCAFG00845016056	lncgConv	ENSMUSG00000098196	1.1.1	3668	ENSCAFG00845016240	1.1.1	2134	one_to_one
ENSMUSG00000056602	lncgConv	ENSCAFG00845016949	lncgConv	ENSMUSG00000106738	n.1.1	1994	ENSCAFG00845015730	1.1.1	1688	one_to_one
ENSMUSG00000057286	lncgConv	ENSCAFG00845016971	lncgConv	ENSMUSG00000020812	n.n.1	0	ENSCAFG00845017031	1.1.1	1464	one_to_one
ENSMUSG00000024335	lncgConv	ENSCAFG00845018726	lncgConv	ENSMUSG00000117772	1.1.1	2200	ENSCAFG00845018903	1.1.1	3207	one_to_one
ENSMUSG00000000823	lncgConv	ENSCAFG00845018997	lncgConv	ENSMUSG00000010492	n.n.n	0	ENSCAFG00845018871	1.1.1	3592	one_to_one
ENSMUSG00000020485	lncgConv	ENSCAFG00845020393	lncgConv	ENSMUSG00000120559	1.1.1	3910	ENSCAFG00845020376	1.1.1	1598	one_to_one
ENSMUSG00000075224	lncgConv	ENSCAFG00845022276	lncgConv	ENSMUSG00000085135	n.n.1	0	ENSCAFG00845022254	1.1.1	562	one_to_one
ENSMUSG00000040548	lncgConv	ENSCAFG00845022666	lncgConv	ENSMUSG00000120012	n.n.1	0	ENSCAFG00845022560	n.1.1	781	one_to_one
ENSMUSG00000038168	lncgConv	ENSCAFG00845023995	lncgConv	ENSMUSG00000090257	1.1.1	0	ENSCAFG00845023933;ENSCAFG00845023910	1.1.1;1.1.1	750;2712	one_to_many
ENSMUSG00000079184	lncgConv	ENSCAFG00845024005	lncgConv	ENSMUSG00000097743	n.1.1	0	ENSCAFG00845023964	1.1.1	4198	one_to_one
ENSMUSG00000032178	lncgConv	ENSCAFG00845024192	lncgConv	ENSMUSG00000097665	1.1.1	0	ENSCAFG00845024033	1.1.1	148	one_to_one
ENSMUSG00000035694	lncgConv	ENSCAFG00845025159	lncgConv	ENSMUSG00000112564	1.1.1	0	ENSCAFG00845025039	1.1.1	479	one_to_one
ENSMUSG00000000093	lncgConv	ENSCAFG00845027360	lncgConv	ENSMUSG00000069785	1.1.1	4842	ENSCAFG00845027339	1.1.1	1481	one_to_one
ENSMUSG00000020564	lncgConv	ENSCAFG00845027389	lncgConv	ENSMUSG00000085664	1.1.1	0	ENSCAFG00845027513	1.1.1	566	one_to_one
ENSMUSG00000022898	lncgConv	ENSCAFG00845028583	lncgConv	ENSMUSG00000116589	1.1.1	0	ENSCAFG00845028522	1.1.1	366	one_to_one
ENSMUSG00000028988	lncgConv	ENSCAFG00845029139	lncgConv	ENSMUSG00000086949	1.1.1	0	ENSCAFG00845029115	1.1.1	256	one_to_one
ENSMUSG00000027978	lncgConv	ENSCAFG00845029625	lncgConv	ENSMUSG00000104960	n.1.1	948	ENSCAFG00845029601	1.1.1	435	one_to_one
ENSMUSG00000033323	lncgDivg	ENSCAFG00845000045	lncgDivg	ENSMUSG00000120406;ENSMUSG00000118070	1.1.1;1.1.1	429;0	ENSCAFG00845000055	1.1.1	631	many_to_one
ENSMUSG00000050840	lncgDivg	ENSCAFG00845000129	lncgDivg	ENSMUSG00000089866	1.1.1	0	ENSCAFG00845000144	1.1.1	1736	one_to_one
ENSMUSG00000024565	lncgDivg	ENSCAFG00845000191	lncgDivg	ENSMUSG00000098720	1.1.1	685	ENSCAFG00845000262	1.1.1	1739	one_to_one
ENSMUSG00000058881	lncgDivg	ENSCAFG00845000590	lncgDivg	ENSMUSG00000118339	n.1.1	0	ENSCAFG00845000571;ENSCAFG00845000566	1.1.1;1.1.1	575;3911	one_to_many
ENSMUSG00000032098	lncgDivg	ENSCAFG00845001261	lncgDivg	ENSMUSG00000110755	n.1.1	967	ENSCAFG00845001229	1.1.1	164	one_to_one
ENSMUSG00000027931	lncgDivg	ENSCAFG00845001483	lncgDivg	ENSMUSG00000087411	1.1.1	0	ENSCAFG00845001682	1.1.1	1228	one_to_one
ENSMUSG00000010175	lncgDivg	ENSCAFG00845001606	lncgDivg	ENSMUSG00000119953;ENSMUSG00000079045;ENSMUSG00000099404	n.n.1;n.1.1;1.1.1	0;0;0	ENSCAFG00845001588	n.1.1	283	many_to_one
ENSMUSG00000056260	lncgDivg	ENSCAFG00845001755	lncgDivg	ENSMUSG00000120716	1.1.1	68	ENSCAFG00845001745	1.1.1	129	one_to_one
ENSMUSG00000005980	lncgDivg	ENSCAFG00845002013	lncgDivg	ENSMUSG00000084790	n.1.1	0	ENSCAFG00845002048	1.1.1	238	one_to_one
ENSMUSG00000024921	lncgDivg	ENSCAFG00845002161	lncgDivg	ENSMUSG00000093628	n.1.1	0	ENSCAFG00845002071	1.1.1	1811	one_to_one
ENSMUSG00000033722	lncgDivg	ENSCAFG00845002551	lncgDivg	ENSMUSG00000120842;ENSMUSG00000103670	1.1.1;1.1.1	138;0	ENSCAFG00845002528	1.1.1	1635	many_to_one
ENSMUSG00000033102	lncgDivg	ENSCAFG00845003296	lncgDivg	ENSMUSG00000097101	n.n.1	0	ENSCAFG00845003214	n.1.1	433	one_to_one
ENSMUSG00000045763	lncgDivg	ENSCAFG00845003311	lncgDivg	ENSMUSG00000115729;ENSMUSG00000056089	n.1.1;n.1.1	1258;392	ENSCAFG00845003316	1.1.1	1192	many_to_one
ENSMUSG00000056608	lncgDivg	ENSCAFG00845003529	lncgDivg	ENSMUSG00000110166	1.1.1	0	ENSCAFG00845003649	1.1.1	2055	one_to_one
ENSMUSG00000049336	lncgDivg	ENSCAFG00845003624	lncgDivg	ENSMUSG00000086375;ENSMUSG00000087245	1.1.1;1.1.1	0;0	ENSCAFG00845004019	1.1.1	2032	many_to_one
ENSMUSG00000043556	lncgDivg	ENSCAFG00845003787	lncgDivg	ENSMUSG00000115433	1.1.1	0	ENSCAFG00845003795	1.1.1	402	one_to_one
ENSMUSG00000021466	lncgDivg	ENSCAFG00845003905	lncgDivg	ENSMUSG00000113459	n.1.1	1453	ENSCAFG00845003833	1.1.1	3509	one_to_one
ENSMUSG00000024085	lncgDivg	ENSCAFG00845004163	lncgDivg	ENSMUSG00000091160	1.1.1	0	ENSCAFG00845000171	n.n.n	903	one_to_one
ENSMUSG00000024268	lncgDivg	ENSCAFG00845004209	lncgDivg	ENSMUSG00000114511;ENSMUSG00000114306;ENSMUSG00000120137	1.1.1;1.1.1;n.1.1	0;0;227	ENSCAFG00845004142	n.1.1	1550	many_to_one
ENSMUSG00000015165	lncgDivg	ENSCAFG00845004919	lncgDivg	ENSMUSG00000109420;ENSMUSG00000121222	1.1.1;1.1.1	0;0	ENSCAFG00845004914	1.1.1	1707	many_to_one
ENSMUSG00000015709	lncgDivg	ENSCAFG00845004996	lncgDivg	ENSMUSG00000109341	1.1.1	0	ENSCAFG00845004944	n.1.1	1526	one_to_one
ENSMUSG00000030629	lncgDivg	ENSCAFG00845005002	lncgDivg	ENSMUSG00000085236	n.n.n	0	ENSCAFG00845005014	1.1.1	4544	one_to_one
ENSMUSG00000019986	lncgDivg	ENSCAFG00845005265	lncgDivg	ENSMUSG00000111227	1.1.1	0	ENSCAFG00845005394	n.1.1	235	one_to_one
ENSMUSG00000033006	lncgDivg	ENSCAFG00845005267	lncgDivg	ENSMUSG00000075555	n.n.n	7480	ENSCAFG00845005255	1.1.1	1473	one_to_one
ENSMUSG00000020032	lncgDivg	ENSCAFG00845005700	lncgDivg	ENSMUSG00000111583	n.1.1	182	ENSCAFG00845005687	1.1.1	786	one_to_one
ENSMUSG00000044468	lncgDivg	ENSCAFG00845005783	lncgDivg	ENSMUSG00000053957	n.1.1	165	ENSCAFG00845029579	n.1.1	258	one_to_one
ENSMUSG00000041408	lncgDivg	ENSCAFG00845006393	lncgDivg	ENSMUSG00000115007	1.1.1	143	ENSCAFG00845006535	1.1.1	2546	one_to_one
ENSMUSG00000033214	lncgDivg	ENSCAFG00845006790	lncgDivg	ENSMUSG00000120285	n.1.1	262	ENSCAFG00845006662	n.1.1	336	one_to_one
ENSMUSG00000008305	lncgDivg	ENSCAFG00845007046	lncgDivg	ENSMUSG00000084910;ENSMUSG00000086027	n.1.1;1.1.1	325;0	ENSCAFG00845006899;ENSCAFG00845006972	n.n.n;1.1.1	1456;78	many_to_many_strict
ENSMUSG00000036644	lncgDivg	ENSCAFG00845007248	lncgDivg	ENSMUSG00000085192	1.1.1	0	ENSCAFG00845007159	1.1.1	2765	one_to_one
ENSMUSG00000020102	lncgDivg	ENSCAFG00845007615	lncgDivg	ENSMUSG00000109803	1.1.1	0	ENSCAFG00845007560	1.1.1	4492	one_to_one
ENSMUSG00000033287	lncgDivg	ENSCAFG00845007741	lncgDivg	ENSMUSG00000115854	1.1.1	4371	ENSCAFG00845007826	1.1.1	261	one_to_one
ENSMUSG00000026766	lncgDivg	ENSCAFG00845007815	lncgDivg	ENSMUSG00000085862	n.1.1	104	ENSCAFG00845007905	1.1.1	138	one_to_one
ENSMUSG00000034522	lncgDivg	ENSCAFG00845008517	lncgDivg	ENSMUSG00000114357	1.1.1	0	ENSCAFG00845008404	1.1.1	2433	one_to_one
ENSMUSG00000032036	lncgDivg	ENSCAFG00845009016	lncgDivg	ENSMUSG00000053889	1.1.1	0	ENSCAFG00845008952	n.1.1	2698	one_to_one
ENSMUSG00000020950	lncgDivg	ENSCAFG00845009198	lncgDivg	ENSMUSG00000112763	n.1.1	775	ENSCAFG00845009182	1.1.1	1865	one_to_one
ENSMUSG00000030269	lncgDivg	ENSCAFG00845009554	lncgDivg	ENSMUSG00000090194	1.1.1	0	ENSCAFG00845009640	1.1.1	222	one_to_one
ENSMUSG00000020315	lncgDivg	ENSCAFG00845009556	lncgDivg	ENSMUSG00000119981;ENSMUSG00000101872;ENSMUSG00000073073	n.1.1;1.1.1;1.1.1	128;0;0	ENSCAFG00845009426	1.1.1	981	many_to_one
ENSMUSG00000034792	lncgDivg	ENSCAFG00845010390	lncgDivg	ENSMUSG00000112350	1.1.1	1186	ENSCAFG00845010438	1.1.1	699	one_to_one
ENSMUSG00000035274	lncgDivg	ENSCAFG00845010452	lncgDivg	ENSMUSG00000056031	n.n.1	0	ENSCAFG00845010409	1.1.1	589	one_to_one
ENSMUSG00000022546	lncgDivg	ENSCAFG00845011384	lncgDivg	ENSMUSG00000120401	1.1.1	0	ENSCAFG00845011361	1.1.1	1658	one_to_one
ENSMUSG00000043670	lncgDivg	ENSCAFG00845011531	lncgDivg	ENSMUSG00000087114	n.1.1	0	ENSCAFG00845011510	1.1.1	2275	one_to_one
ENSMUSG00000035314	lncgDivg	ENSCAFG00845011562	lncgDivg	ENSMUSG00000121235	1.1.1	0	ENSCAFG00845011442	1.1.1	3099	one_to_one
ENSMUSG00000024206	lncgDivg	ENSCAFG00845011818	lncgDivg	ENSMUSG00000121209	1.1.1	0	ENSCAFG00845011782	1.1.1	1	one_to_one
ENSMUSG00000061175	lncgDivg	ENSCAFG00845011970	lncgDivg	ENSMUSG00000068957	1.1.1	396	ENSCAFG00845011913	n.1.1	587	one_to_one
ENSMUSG00000031871	lncgDivg	ENSCAFG00845012097	lncgDivg	ENSMUSG00000110053	1.1.1	0	ENSCAFG00845012137	n.1.1	839	one_to_one
ENSMUSG00000024304	lncgDivg	ENSCAFG00845012116	lncgDivg	ENSMUSG00000085575	1.1.1	0	ENSCAFG00845012049	1.1.1	250	one_to_one
ENSMUSG00000055204	lncgDivg	ENSCAFG00845012434	lncgDivg	ENSMUSG00000054945	n.1.1	43	ENSCAFG00845005652	1.1.1	1435	one_to_one
ENSMUSG00000002221	lncgDivg	ENSCAFG00845012859	lncgDivg	ENSMUSG00000120915	1.1.1	38	ENSCAFG00845012942;ENSCAFG00845012921	1.1.1;n.1.1	2470;1142	one_to_many
ENSMUSG00000034453	lncgDivg	ENSCAFG00845013006	lncgDivg	ENSMUSG00000097309	1.1.1	0	ENSCAFG00845013073	1.1.1	15	one_to_one
ENSMUSG00000034813	lncgDivg	ENSCAFG00845013018	lncgDivg	ENSMUSG00000085418;ENSMUSG00000112555;ENSMUSG00000084764;ENSMUSG00000085454	n.1.1;1.1.1;1.1.1;n.1.1	0;0;0;0	ENSCAFG00845013464	1.1.1	1418	many_to_one
ENSMUSG00000038481	lncgDivg	ENSCAFG00845013205	lncgDivg	ENSMUSG00000038491	n.1.1	0	ENSCAFG00845016096	n.1.1	889	one_to_one
ENSMUSG00000040274	lncgDivg	ENSCAFG00845013226	lncgDivg	ENSMUSG00000106588;ENSMUSG00000105534	n.n.1;1.1.1	0;0	ENSCAFG00845013253	1.1.1	1218	many_to_one
ENSMUSG00000090112	lncgDivg	ENSCAFG00845013379	lncgDivg	ENSMUSG00000090070	1.1.1	0	ENSCAFG00845013621	n.1.1	376	one_to_one
ENSMUSG00000089911	lncgDivg	ENSCAFG00845013447	lncgDivg	ENSMUSG00000105339	1.1.1	0	ENSCAFG00845013466	1.1.1	2205	one_to_one
ENSMUSG00000020212	lncgDivg	ENSCAFG00845013780	lncgDivg	ENSMUSG00000112684	1.1.1	0	ENSCAFG00845013855	n.n.n	4917	one_to_one
ENSMUSG00000038217	lncgDivg	ENSCAFG00845014687	lncgDivg	ENSMUSG00000120190	1.1.1	569	ENSCAFG00845014702	1.1.1	1469	one_to_one
ENSMUSG00000022708	lncgDivg	ENSCAFG00845015177	lncgDivg	ENSMUSG00000116903;ENSMUSG00000055370;ENSMUSG00000085499;ENSMUSG00000075070	1.1.1;1.1.1;1.1.1;n.1.1	0;0;0;119	ENSCAFG00845015227	n.1.1	30068	many_to_one
ENSMUSG00000028645	lncgDivg	ENSCAFG00845015278	lncgDivg	ENSMUSG00000086683	1.1.1	0	ENSCAFG00845015237	1.1.1	266	one_to_one
ENSMUSG00000034271	lncgDivg	ENSCAFG00845015414	lncgDivg	ENSMUSG00000113165	1.1.1	0	ENSCAFG00845015385	1.1.1	3786	one_to_one
ENSMUSG00000069171	lncgDivg	ENSCAFG00845015564	lncgDivg	ENSMUSG00000087143	n.n.1	0	ENSCAFG00845015649	n.1.1	3719	one_to_one
ENSMUSG00000022892	lncgDivg	ENSCAFG00845015660	lncgDivg	ENSMUSG00000115469;ENSMUSG00000114988;ENSMUSG00000115518	1.1.1;1.1.1;1.1.1	0;0;0	ENSCAFG00845017653	n.1.1	3	many_to_one
ENSMUSG00000041014	lncgDivg	ENSCAFG00845015872	lncgDivg	ENSMUSG00000093556;ENSMUSG00000093383;ENSMUSG00000093528	1.1.1;1.1.1;1.1.1	0;0;0	ENSCAFG00845015727	1.1.1	1046	many_to_one
ENSMUSG00000002845	lncgDivg	ENSCAFG00845016497	lncgDivg	ENSMUSG00000091238	1.1.1	0	ENSCAFG00845016555	1.1.1	629	one_to_one
ENSMUSG00000046688	lncgDivg	ENSCAFG00845016552	lncgDivg	ENSMUSG00000120996	1.1.1	0	ENSCAFG00845016602	1.1.1	273	one_to_one
ENSMUSG00000021848	lncgDivg	ENSCAFG00845017045	lncgDivg	ENSMUSG00000098682	n.n.1	0	ENSCAFG00845017086	1.1.1	1132	one_to_one
ENSMUSG00000021301	lncgDivg	ENSCAFG00845017152	lncgDivg	ENSMUSG00000113654	n.n.1	0	ENSCAFG00845017845	1.1.1	960	one_to_one
ENSMUSG00000038193	lncgDivg	ENSCAFG00845017182	lncgDivg	ENSMUSG00000100510	n.n.1	0	ENSCAFG00845017236	n.1.1	1188	one_to_one
ENSMUSG00000015627	lncgDivg	ENSCAFG00845017212	lncgDivg	ENSMUSG00000056061	1.1.1	0	ENSCAFG00845017267	1.1.1	2445	one_to_one
ENSMUSG00000043496	lncgDivg	ENSCAFG00845017572	lncgDivg	ENSMUSG00000108255;ENSMUSG00000108175	n.n.1;1.1.1	0;0	ENSCAFG00845017601	n.n.n	2911	many_to_one
ENSMUSG00000019843	lncgDivg	ENSCAFG00845017640	lncgDivg	ENSMUSG00000119997;ENSMUSG00000087014	n.n.1;1.1.1	0;0	ENSCAFG00845018124	1.1.1	1495	many_to_one
ENSMUSG00000035456	lncgDivg	ENSCAFG00845017674	lncgDivg	ENSMUSG00000045238	n.1.1	0	ENSCAFG00845017649	1.1.1	3925	one_to_one
ENSMUSG00000036585	lncgDivg	ENSCAFG00845017942	lncgDivg	ENSMUSG00000117994	n.n.n	0	ENSCAFG00845018059	1.1.1	109	one_to_one
ENSMUSG00000048482	lncgDivg	ENSCAFG00845017969	lncgDivg	ENSMUSG00000109604	1.1.1	0	ENSCAFG00845018009;ENSCAFG00845018023	1.1.1;1.1.1	133;1764	one_to_many
ENSMUSG00000035762	lncgDivg	ENSCAFG00845018131	lncgDivg	ENSMUSG00000097292	n.1.1	121	ENSCAFG00845018054	1.1.1	1552	one_to_one
ENSMUSG00000027200	lncgDivg	ENSCAFG00845018164	lncgDivg	ENSMUSG00000086954;ENSMUSG00000085496	1.1.1;1.1.1	0;0	ENSCAFG00845018049	1.1.1	2251	many_to_one
ENSMUSG00000021413	lncgDivg	ENSCAFG00845018389	lncgDivg	ENSMUSG00000113170	1.1.1	0	ENSCAFG00845018340	1.1.1	3326	one_to_one
ENSMUSG00000028300	lncgDivg	ENSCAFG00845018783	lncgDivg	ENSMUSG00000084828	n.1.1	0	ENSCAFG00845018927	n.1.1	1208	one_to_one
ENSMUSG00000051401	lncgDivg	ENSCAFG00845019378	lncgDivg	ENSMUSG00000118315;ENSMUSG00000117674	1.1.1;1.1.1	0;0	ENSCAFG00845019366;ENSCAFG00845019325	1.1.1;n.1.1	922;1983	many_to_many_strict
ENSMUSG00000044927	lncgDivg	ENSCAFG00845019714	lncgDivg	ENSMUSG00000084950	n.n.n	0	ENSCAFG00845019682	n.1.1	441	one_to_one
ENSMUSG00000025916	lncgDivg	ENSCAFG00845020351	lncgDivg	ENSMUSG00000087199	1.1.1	0	ENSCAFG00845020529	1.1.1	266	one_to_one
ENSMUSG00000032841	lncgDivg	ENSCAFG00845020467	lncgDivg	ENSMUSG00000087465	1.1.1	0	ENSCAFG00845020642	1.1.1	1464	one_to_one
ENSMUSG00000026109	lncgDivg	ENSCAFG00845020476	lncgDivg	ENSMUSG00000101242	1.1.1	0	ENSCAFG00845020648	n.1.1	1415	one_to_one
ENSMUSG00000006715	lncgDivg	ENSCAFG00845020530	lncgDivg	ENSMUSG00000120886	1.1.1	0	ENSCAFG00845020481	n.1.1	378	one_to_one
ENSMUSG00000032733	lncgDivg	ENSCAFG00845020696	lncgDivg	ENSMUSG00000111629	1.1.1	3260	ENSCAFG00845020663	1.1.1	292	one_to_one
ENSMUSG00000030306	lncgDivg	ENSCAFG00845020800	lncgDivg	ENSMUSG00000108148	1.1.1	0	ENSCAFG00845020623	1.1.1	1211	one_to_one
ENSMUSG00000030759	lncgDivg	ENSCAFG00845020980	lncgDivg	ENSMUSG00000084984	n.1.1	0	ENSCAFG00845020891	n.1.1	4239	one_to_one
ENSMUSG00000042548	lncgDivg	ENSCAFG00845021168	lncgDivg	ENSMUSG00000073236	n.n.1	0	ENSCAFG00845021034	1.1.1	4370	one_to_one
ENSMUSG00000029757	lncgDivg	ENSCAFG00845021237	lncgDivg	ENSMUSG00000085416	1.1.1	0	ENSCAFG00845021146	n.n.n	74	one_to_one
ENSMUSG00000075327	lncgDivg	ENSCAFG00845021289	lncgDivg	ENSMUSG00000095123	1.1.1	3479	ENSCAFG00845000003	1.1.1	3051	one_to_one
ENSMUSG00000034312	lncgDivg	ENSCAFG00845021688	lncgDivg	ENSMUSG00000107999	1.1.1	0	ENSCAFG00845022376	1.1.1	3196	one_to_one
ENSMUSG00000032436	lncgDivg	ENSCAFG00845021847	lncgDivg	ENSMUSG00000052724	1.1.1	0	ENSCAFG00845021917	1.1.1	169	one_to_one
ENSMUSG00000038025	lncgDivg	ENSCAFG00845021923	lncgDivg	ENSMUSG00000086889	1.1.1	0	ENSCAFG00845022149	1.1.1	3282	one_to_one
ENSMUSG00000063632	lncgDivg	ENSCAFG00845022195	lncgDivg	ENSMUSG00000120751	1.1.1	304	ENSCAFG00845022159	n.1.1	11033	one_to_one
ENSMUSG00000071076	lncgDivg	ENSCAFG00845022784	lncgDivg	ENSMUSG00000080058	n.1.1	0	ENSCAFG00845022760	1.1.1	4260	one_to_one
ENSMUSG00000024381	lncgDivg	ENSCAFG00845023270	lncgDivg	ENSMUSG00000097413	n.n.1	0	ENSCAFG00845022927	1.1.1	2156	one_to_one
ENSMUSG00000049100	lncgDivg	ENSCAFG00845023391	lncgDivg	ENSMUSG00000097040	n.1.1	107	ENSCAFG00845023476	n.1.1	1163	one_to_one
ENSMUSG00000008730	lncgDivg	ENSCAFG00845023430	lncgDivg	ENSMUSG00000085754	n.n.1	0	ENSCAFG00845023322	1.1.1	4209	one_to_one
ENSMUSG00000029595	lncgDivg	ENSCAFG00845024211	lncgDivg	ENSMUSG00000098649	n.1.1	0	ENSCAFG00845024262	1.1.1	490	one_to_one
ENSMUSG00000035776	lncgDivg	ENSCAFG00845024375	lncgDivg	ENSMUSG00000085284	1.1.1	0	ENSCAFG00845024529	n.1.1	196	one_to_one
ENSMUSG00000000673	lncgDivg	ENSCAFG00845025017	lncgDivg	ENSMUSG00000121087	1.1.1	0	ENSCAFG00845025071	1.1.1	686	one_to_one
ENSMUSG00000033060	lncgDivg	ENSCAFG00845025227	lncgDivg	ENSMUSG00000053821	n.1.1	142	ENSCAFG00845025097	1.1.1	922	one_to_one
ENSMUSG00000014668	lncgDivg	ENSCAFG00845025229	lncgDivg	ENSMUSG00000105541	1.1.1	0	ENSCAFG00845025179	1.1.1	201	one_to_one
ENSMUSG00000052331	lncgDivg	ENSCAFG00845025354	lncgDivg	ENSMUSG00000101674	n.n.1	0	ENSCAFG00845026192	1.1.1	472	one_to_one
ENSMUSG00000021375	lncgDivg	ENSCAFG00845026182	lncgDivg	ENSMUSG00000114917	1.1.1	0	ENSCAFG00845028220	1.1.1	21	one_to_one
ENSMUSG00000064115	lncgDivg	ENSCAFG00845026392	lncgDivg	ENSMUSG00000092599;ENSMUSG00000045178	1.1.1;n.1.1	0;0	ENSCAFG00845019009	1.1.1	46	many_to_one
ENSMUSG00000028399	lncgDivg	ENSCAFG00845026437	lncgDivg	ENSMUSG00000092492;ENSMUSG00000110373	n.n.1;1.1.1	0;0	ENSCAFG00845027822	1.1.1	179	many_to_one
ENSMUSG00000098923	lncgDivg	ENSCAFG00845027210	lncgDivg	ENSMUSG00000098447	1.1.1	0	ENSCAFG00845027194	1.1.1	3410	one_to_one
ENSMUSG00000022617	lncgDivg	ENSCAFG00845027398	lncgDivg	ENSMUSG00000079242	1.1.1	0	ENSCAFG00845027295	n.1.1	246	one_to_one
ENSMUSG00000055717	lncgDivg	ENSCAFG00845027605	lncgDivg	ENSMUSG00000089707	1.1.1	0	ENSCAFG00845027482	1.1.1	1508	one_to_one
ENSMUSG00000006435	lncgDivg	ENSCAFG00845027843	lncgDivg	ENSMUSG00000118127;ENSMUSG00000117659	1.1.1;1.1.1	0;0	ENSCAFG00845027810	1.1.1	524	many_to_one
ENSMUSG00000027782	lncgDivg	ENSCAFG00845027853	lncgDivg	ENSMUSG00000094763	1.1.1	4120	ENSCAFG00845028107	1.1.1	673	one_to_one
ENSMUSG00000064210	lncgDivg	ENSCAFG00845028362	lncgDivg	ENSMUSG00000115522;ENSMUSG00000078648;ENSMUSG00000097643	1.1.1;1.1.1;1.1.1	0;0;0	ENSCAFG00845028615	n.n.n	1108	many_to_one
ENSMUSG00000000142	lncgDivg	ENSCAFG00845028532	lncgDivg	ENSMUSG00000086268	1.1.1	0	ENSCAFG00845028477	1.1.1	274	one_to_one
ENSMUSG00000031965	lncgDivg	ENSCAFG00845028609	lncgDivg	ENSMUSG00000111275	1.1.1	2164	ENSCAFG00845028651	n.1.1	10285	one_to_one
ENSMUSG00000020610	lncgDivg	ENSCAFG00845028913	lncgDivg	ENSMUSG00000085326	1.1.1	0	ENSCAFG00845028878	1.1.1	893	one_to_one
ENSMUSG00000037716	lncgDivg	ENSCAFG00845029058	lncgDivg	ENSMUSG00000086624;ENSMUSG00000085753	1.1.1;1.1.1	0;0	ENSCAFG00845029020	1.1.1	1244	many_to_one
ENSMUSG00000009097	lncgDivg	ENSCAFG00845029160	lncgDivg	ENSMUSG00000075335	1.1.1	1321	ENSCAFG00845029298	n.1.1	3315	one_to_one
ENSMUSG00000013662	lncgDivg	ENSCAFG00845029330	lncgDivg	ENSMUSG00000120470	1.1.1	0	ENSCAFG00845029373	1.1.1	863	one_to_one
ENSMUSG00000055761	lncgDivg	ENSCAFG00845029711	lncgDivg	ENSMUSG00000086017	1.1.1	0	ENSCAFG00845029682	1.1.1	455	one_to_one
ENSMUSG00000075028	lncgDivg	ENSCAFG00845029718	lncgDivg	ENSMUSG00000075027	n.1.1	0	ENSCAFG00845005862	1.1.1	1574	one_to_one
ENSMUSG00000050017	lncgDivg	ENSCAFG00845029905	lncgDivg	ENSMUSG00000104559	1.1.1	0	ENSCAFG00845029939	1.1.1	220	one_to_one
ENSMUSG00000090125	lncgDivg	ENSCAFG00845030221	lncgDivg	ENSMUSG00000098760	1.1.1	0	ENSCAFG00845030208	n.1.1	62912	one_to_one
ENSMUSG00000038077	lncgDivg	ENSCAFG00845030426	lncgDivg	ENSMUSG00000097596	1.1.1	0	ENSCAFG00845030436	n.1.1	508	one_to_one
ENSMUSG00000036218	lncgDivg	ENSCAFG00845030505	lncgDivg	ENSMUSG00000115858	1.1.1	0	ENSCAFG00845030524	1.1.1	2248	one_to_one
ENSMUSG00000038456	lncgDivg	ENSCAFG00845031062	lncgDivg	ENSMUSG00000085058	n.1.1	0	ENSCAFG00845031055	1.1.1	2201	one_to_one
ENSMUSG00000044876	lncgSS.dw	ENSCAFG00845000307	lncgSS.dw	ENSMUSG00000109165	1.1.1	0	ENSCAFG00845000300	1.1.1	600	one_to_one
ENSMUSG00000052085	lncgSS.dw	ENSCAFG00845001647	lncgSS.dw	ENSMUSG00000120425	1.1.1	0	ENSCAFG00845001860	1.1.1	346	one_to_one
ENSMUSG00000047959	lncgSS.dw	ENSCAFG00845001875	lncgSS.dw	ENSMUSG00000056145	1.1.1	1434	ENSCAFG00845001884	1.1.1	258	one_to_one
ENSMUSG00000032053	lncgSS.dw	ENSCAFG00845002603	lncgSS.dw	ENSMUSG00000111862	1.1.1	0	ENSCAFG00845002623	1.1.1	2415	one_to_one
ENSMUSG00000025810	lncgSS.dw	ENSCAFG00845002787	lncgSS.dw	ENSMUSG00000121092	1.1.1	1580	ENSCAFG00845002857	n.1.1	3601	one_to_one
ENSMUSG00000021838	lncgSS.dw	ENSCAFG00845004567	lncgSS.dw	ENSMUSG00000089870	1.1.1	0	ENSCAFG00845014675	1.1.1	1977	one_to_one
ENSMUSG00000031826	lncgSS.dw	ENSCAFG00845004628	lncgSS.dw	ENSMUSG00000121139	1.1.1	0	ENSCAFG00845004608	1.1.1	15	one_to_one
ENSMUSG00000042724	lncgSS.dw	ENSCAFG00845007871	lncgSS.dw	ENSMUSG00000113184	1.1.1	958	ENSCAFG00845007782	1.1.1	879	one_to_one
ENSMUSG00000040896	lncgSS.dw	ENSCAFG00845008017	lncgSS.dw	ENSMUSG00000105753	1.1.1	0	ENSCAFG00845008105	1.1.1	701	one_to_one
ENSMUSG00000022297	lncgSS.dw	ENSCAFG00845008513	lncgSS.dw	ENSMUSG00000115508	1.1.1	2244	ENSCAFG00845008547	1.1.1	275	one_to_one
ENSMUSG00000054074	lncgSS.dw	ENSCAFG00845008698	lncgSS.dw	ENSMUSG00000054057	n.1.1	11805	ENSCAFG00845008721	1.1.1	176	one_to_one
ENSMUSG00000015829	lncgSS.dw	ENSCAFG00845009439	lncgSS.dw	ENSMUSG00000073528	n.1.1	0	ENSCAFG00845009888	1.1.1	2768	one_to_one
ENSMUSG00000009828	lncgSS.dw	ENSCAFG00845009901	lncgSS.dw	ENSMUSG00000121490	n.1.1	3776	ENSCAFG00845009849	1.1.1	766	one_to_one
ENSMUSG00000022012	lncgSS.dw	ENSCAFG00845010105	lncgSS.dw	ENSMUSG00000120850	1.1.1	0	ENSCAFG00845010162	1.1.1	3847	one_to_one
ENSMUSG00000053465	lncgSS.dw	ENSCAFG00845010209	lncgSS.dw	ENSMUSG00000100274;ENSMUSG00000115639	1.1.1;1.1.1	0;0	ENSCAFG00845010226	1.1.1	2483	many_to_one
ENSMUSG00000034616	lncgSS.dw	ENSCAFG00845010891	lncgSS.dw	ENSMUSG00000117718	n.1.1	3991	ENSCAFG00845010817	1.1.1	3453	one_to_one
ENSMUSG00000026657	lncgSS.dw	ENSCAFG00845015450	lncgSS.dw	ENSMUSG00000102357;ENSMUSG00000086921;ENSMUSG00000102517;ENSMUSG00000102136;ENSMUSG00000102816;ENSMUSG00000102494;ENSMUSG00000104284	1.1.1;1.1.1;1.1.1;1.1.1;1.1.1;1.1.1;1.1.1	0;0;0;0;0;0;0	ENSCAFG00845016228;ENSCAFG00845016216	1.1.1;1.1.1	4660;1066	many_to_many
ENSMUSG00000049606	lncgSS.dw	ENSCAFG00845016789	lncgSS.dw	ENSMUSG00000098302	1.1.1	0	ENSCAFG00845016883	1.1.1	1582	one_to_one
ENSMUSG00000036339	lncgSS.dw	ENSCAFG00845016875	lncgSS.dw	ENSMUSG00000115756	n.n.1	0	ENSCAFG00845016966	n.1.1	11602	one_to_one
ENSMUSG00000007411	lncgSS.dw	ENSCAFG00845018426	lncgSS.dw	ENSMUSG00000113910	1.1.1	0	ENSCAFG00845018900	1.1.1	935	one_to_one
ENSMUSG00000075054	lncgSS.dw	ENSCAFG00845019598	lncgSS.dw	ENSMUSG00000113030	1.1.1	0	ENSCAFG00845019577	1.1.1	62	one_to_one
ENSMUSG00000032249	lncgSS.dw	ENSCAFG00845019800	lncgSS.dw	ENSMUSG00000121050	1.1.1	0	ENSCAFG00845019771	1.1.1	2035	one_to_one
ENSMUSG00000047888	lncgSS.dw	ENSCAFG00845020617	lncgSS.dw	ENSMUSG00000116480	1.1.1	0	ENSCAFG00845020547	1.1.1	4703	one_to_one
ENSMUSG00000033014	lncgSS.dw	ENSCAFG00845024048	lncgSS.dw	ENSMUSG00000104925	1.1.1	0	ENSCAFG00845023999	1.1.1	2234	one_to_one
ENSMUSG00000042992	lncgSS.dw	ENSCAFG00845024109	lncgSS.dw	ENSMUSG00000108166	1.1.1	0	ENSCAFG00845024049	1.1.1	1438	one_to_one
ENSMUSG00000055447	lncgSS.dw	ENSCAFG00845024257	lncgSS.dw	ENSMUSG00000120744	1.1.1	0	ENSCAFG00845024063	1.1.1	3301	one_to_one
ENSMUSG00000057230	lncgSS.dw	ENSCAFG00845025681	lncgSS.dw	ENSMUSG00000107688	1.1.1	0	ENSCAFG00845025557	1.1.1	560	one_to_one
ENSMUSG00000055013	lncgSS.dw	ENSCAFG00845026357	lncgSS.dw	ENSMUSG00000101662	1.1.1	0	ENSCAFG00845027402	1.1.1	2000	one_to_one
ENSMUSG00000000049	lncgSS.dw	ENSCAFG00845028150	lncgSS.dw	ENSMUSG00000084916	n.1.1	0	ENSCAFG00845028199	1.1.1	1385	one_to_one
ENSMUSG00000052595	lncgSS.dw	ENSCAFG00845028778	lncgSS.dw	ENSMUSG00000118366	1.1.1	1089	ENSCAFG00845028836	1.1.1	1245	one_to_one
ENSMUSG00000057716	lncgSS.dw	ENSCAFG00845031029	lncgSS.dw	ENSMUSG00000097563	1.1.1	0	ENSCAFG00845031024	1.1.1	3	one_to_one
ENSMUSG00000024347	lncgSS.up	ENSCAFG00845001040	lncgSS.up	ENSMUSG00000120345	1.1.1	4563	ENSCAFG00845001011	1.1.1	2813	one_to_one
ENSMUSG00000040724	lncgSS.up	ENSCAFG00845001930	lncgSS.up	ENSMUSG00000050179	n.1.1	2661	ENSCAFG00845001903	1.1.1	713	one_to_one
ENSMUSG00000045763	lncgSS.up	ENSCAFG00845003311	lncgSS.up	ENSMUSG00000115850	1.1.1	873	ENSCAFG00845003313	1.1.1	1188	one_to_one
ENSMUSG00000031654	lncgSS.up	ENSCAFG00845004446	lncgSS.up	ENSMUSG00000097992	1.1.1	3446	ENSCAFG00845004438	1.1.1	636	one_to_one
ENSMUSG00000004698	lncgSS.up	ENSCAFG00845006703	lncgSS.up	ENSMUSG00000113386	1.1.1	0	ENSCAFG00845006556	1.1.1	1241	one_to_one
ENSMUSG00000061175	lncgSS.up	ENSCAFG00845011970	lncgSS.up	ENSMUSG00000089746	1.1.1	0	ENSCAFG00845011921	1.1.1	3054	one_to_one
ENSMUSG00000000782	lncgSS.up	ENSCAFG00845012366	lncgSS.up	ENSMUSG00000120287	1.1.1	509	ENSCAFG00845012273	1.1.1	2320	one_to_one
ENSMUSG00000028645	lncgSS.up	ENSCAFG00845015278	lncgSS.up	ENSMUSG00000120599	1.1.1	1382	ENSCAFG00845015225	1.1.1	259	one_to_one
ENSMUSG00000019960	lncgSS.up	ENSCAFG00845018644	lncgSS.up	ENSMUSG00000120240	1.1.1	274	ENSCAFG00845018680	1.1.1	926	one_to_one
ENSMUSG00000041298	lncgSS.up	ENSCAFG00845022093	lncgSS.up	ENSMUSG00000085639;ENSMUSG00000106951;ENSMUSG00000108207;ENSMUSG00000085971;ENSMUSG00000106892;ENSMUSG00000085237	1.1.1;n.1.1;n.1.1;n.1.1;1.1.1;n.1.1	0;0;0;18645;0;0	ENSCAFG00845022067	1.1.1	136	many_to_one
ENSMUSG00000021192	lncgSS.up	ENSCAFG00845022111	lncgSS.up	ENSMUSG00000113265	1.1.1	1526	ENSCAFG00845022083	1.1.1	170	one_to_one
ENSMUSG00000008730	lncgSS.up	ENSCAFG00845023430	lncgSS.up	ENSMUSG00000104874;ENSMUSG00000105229	1.1.1;1.1.1	0;0	ENSCAFG00845023309	1.1.1	4208	many_to_one
ENSMUSG00000038384	lncgSS.up	ENSCAFG00845023777	lncgSS.up	ENSMUSG00000105881	1.1.1	147	ENSCAFG00845023963	1.1.1	3167	one_to_one
ENSMUSG00000049119	lncgSS.up	ENSCAFG00845027603	lncgSS.up	ENSMUSG00000086066	n.1.1	1806	ENSCAFG00845027503	n.1.1	21	one_to_one
ENSMUSG00000033228	lncgSS.up	ENSCAFG00845027751	lncgSS.up	ENSMUSG00000120309	n.1.1	11700	ENSCAFG00845027696	1.1.1	1666	one_to_one
ENSMUSG00000038331	lncgSS.up	ENSCAFG00845027789	lncgSS.up	ENSMUSG00000120334	1.1.1	1828	ENSCAFG00845027930;ENSCAFG00845027922	n.1.1;1.1.1	1902;778	one_to_many
ENSMUSG00000029004	lncgSS.up	ENSCAFG00845028434	lncgSS.up	ENSMUSG00000120367	1.1.1	149	ENSCAFG00845028639	1.1.1	4427	one_to_one
ENSMUSG00000000184	lncgSS.up	ENSCAFG00845030681	lncgSS.up	ENSMUSG00000120876	1.1.1	1584	ENSCAFG00845030686	1.1.1	2778	one_to_one
