lncRNA.Canis_lupus_familiaris	lncRNA.Homo_sapiens	orthology_type.Canis_lupus_familiaris.Homo_sapiens	lncRNA.Mus_musculus	orthology_type.Canis_lupus_familiaris.Mus_musculus	nbTotalIndication	profilIndication
ENSCAFG00845000003	NA	NA	ENSMUSG00000095123	one_to_one	1	one_to_one:1
ENSCAFG00845000022	NA	NA	ENSMUSG00000118373	one_to_one	1	one_to_one:1
ENSCAFG00845000049	ENSG00000288865	one_to_one	NA	NA	1	one_to_one:1
ENSCAFG00845000051	NA	NA	ENSMUSG00000118090	one_to_one	1	one_to_one:1
ENSCAFG00845000055	ENSG00000274828;ENSG00000266901;ENSG00000178412	one_to_many	ENSMUSG00000120406;ENSMUSG00000118070	one_to_many	2	one_to_many:2
ENSCAFG00845000057	ENSG00000267409	one_to_one	NA	NA	1	one_to_one:1
ENSCAFG00845000094	ENSG00000228629	one_to_one	NA	NA	1	one_to_one:1
ENSCAFG00845000100	ENSG00000232131	one_to_one	NA	NA	1	one_to_one:1
ENSCAFG00845000121	ENSG00000269793	one_to_one	NA	NA	1	one_to_one:1
ENSCAFG00845000144	NA	NA	ENSMUSG00000089866	one_to_one	1	one_to_one:1
ENSCAFG00845000171	ENSG00000271849	one_to_one	ENSMUSG00000091160	one_to_one	2	one_to_one:2
ENSCAFG00845000176	ENSG00000285520	one_to_one	NA	NA	1	one_to_one:1
ENSCAFG00845000186	ENSG00000248440;ENSG00000251367;ENSG00000248876	many_to_many_strict	NA	NA	1	many_to_many_strict:1
ENSCAFG00845000192	ENSG00000248440;ENSG00000251367;ENSG00000248876	many_to_many_strict	NA	NA	1	many_to_many_strict:1
ENSCAFG00845000198	ENSG00000248440;ENSG00000251367;ENSG00000248876	many_to_many_strict	NA	NA	1	many_to_many_strict:1
ENSCAFG00845000235	ENSG00000287717	many_to_one	NA	NA	1	many_to_one:1
ENSCAFG00845000244	ENSG00000287717	many_to_one	NA	NA	1	many_to_one:1
ENSCAFG00845000253	NA	NA	ENSMUSG00000108373	one_to_one	1	one_to_one:1
ENSCAFG00845000262	ENSG00000263146	one_to_one	ENSMUSG00000098720	one_to_one	2	one_to_one:2
ENSCAFG00845000264	NA	NA	ENSMUSG00000108616	one_to_one	1	one_to_one:1
ENSCAFG00845000300	NA	NA	ENSMUSG00000109165	one_to_one	1	one_to_one:1
ENSCAFG00845000314	ENSG00000259218	one_to_one	NA	NA	1	one_to_one:1
ENSCAFG00845000368	NA	NA	ENSMUSG00000113543	one_to_one	1	one_to_one:1
ENSCAFG00845000388	ENSG00000274925;ENSG00000259955	one_to_many	NA	NA	1	one_to_many:1
ENSCAFG00845000496	ENSG00000232529	one_to_one	NA	NA	1	one_to_one:1
ENSCAFG00845000556	ENSG00000266256	one_to_one	NA	NA	1	one_to_one:1
ENSCAFG00845000562	NA	NA	ENSMUSG00000097738	one_to_one	1	one_to_one:1
ENSCAFG00845000566	ENSG00000265778;ENSG00000263982;ENSG00000275763	many_to_many	ENSMUSG00000118339	many_to_one	2	many_to_many:1;many_to_one:1
ENSCAFG00845000571	ENSG00000265778;ENSG00000263982;ENSG00000275763	many_to_many	ENSMUSG00000118339	many_to_one	2	many_to_many:1;many_to_one:1
ENSCAFG00845000661	ENSG00000269054	one_to_one	NA	NA	1	one_to_one:1
ENSCAFG00845000678	ENSG00000278607	one_to_one	NA	NA	1	one_to_one:1
ENSCAFG00845000739	ENSG00000248138	one_to_one	NA	NA	1	one_to_one:1
ENSCAFG00845000750	ENSG00000261789	one_to_one	NA	NA	1	one_to_one:1
ENSCAFG00845000781	ENSG00000286280	one_to_one	NA	NA	1	one_to_one:1
ENSCAFG00845000824	NA	NA	ENSMUSG00000117685	one_to_one	1	one_to_one:1
ENSCAFG00845000864	ENSG00000259291	one_to_one	NA	NA	1	one_to_one:1
ENSCAFG00845000870	ENSG00000273691	one_to_one	NA	NA	1	one_to_one:1
ENSCAFG00845000956	ENSG00000289380	one_to_one	NA	NA	1	one_to_one:1
ENSCAFG00845000967	ENSG00000286403	one_to_one	NA	NA	1	one_to_one:1
ENSCAFG00845000985	NA	NA	ENSMUSG00000099424	one_to_one	1	one_to_one:1
ENSCAFG00845001011	NA	NA	ENSMUSG00000120345	one_to_one	1	one_to_one:1
ENSCAFG00845001039	NA	NA	ENSMUSG00000084889	one_to_one	1	one_to_one:1
ENSCAFG00845001084	ENSG00000288833	one_to_one	NA	NA	1	one_to_one:1
ENSCAFG00845001135	ENSG00000266258	many_to_one	NA	NA	1	many_to_one:1
ENSCAFG00845001162	ENSG00000266258	many_to_one	NA	NA	1	many_to_one:1
ENSCAFG00845001172	ENSG00000266304;ENSG00000266278	one_to_many	ENSMUSG00000118352	one_to_one	2	one_to_many:1;one_to_one:1
ENSCAFG00845001229	NA	NA	ENSMUSG00000110755	one_to_one	1	one_to_one:1
ENSCAFG00845001284	ENSG00000274023	one_to_one	NA	NA	1	one_to_one:1
ENSCAFG00845001367	ENSG00000288935	one_to_one	NA	NA	1	one_to_one:1
ENSCAFG00845001405	NA	NA	ENSMUSG00000110634	one_to_one	1	one_to_one:1
ENSCAFG00845001477	ENSG00000224478	one_to_one	NA	NA	1	one_to_one:1
ENSCAFG00845001502	NA	NA	ENSMUSG00000086686	one_to_one	1	one_to_one:1
ENSCAFG00845001515	ENSG00000288899	one_to_one	NA	NA	1	one_to_one:1
ENSCAFG00845001573	ENSG00000281664	one_to_one	NA	NA	1	one_to_one:1
ENSCAFG00845001588	ENSG00000272167;ENSG00000274895;ENSG00000230461	one_to_many	ENSMUSG00000119953;ENSMUSG00000079045;ENSMUSG00000099404	one_to_many	2	one_to_many:2
ENSCAFG00845001682	NA	NA	ENSMUSG00000087411	one_to_one	1	one_to_one:1
ENSCAFG00845001689	ENSG00000286533;ENSG00000237927	many_to_many	NA	NA	1	many_to_many:1
ENSCAFG00845001701	ENSG00000286533;ENSG00000237927	many_to_many	NA	NA	1	many_to_many:1
ENSCAFG00845001707	ENSG00000286533;ENSG00000237927	many_to_many	NA	NA	1	many_to_many:1
ENSCAFG00845001708	NA	NA	ENSMUSG00000110467	one_to_one	1	one_to_one:1
ENSCAFG00845001745	ENSG00000273010	one_to_one	ENSMUSG00000120716	one_to_one	2	one_to_one:2
ENSCAFG00845001760	ENSG00000261654	one_to_one	NA	NA	1	one_to_one:1
ENSCAFG00845001762	ENSG00000249252	one_to_one	NA	NA	1	one_to_one:1
ENSCAFG00845001764	ENSG00000286338	many_to_one	NA	NA	1	many_to_one:1
ENSCAFG00845001767	ENSG00000232811	one_to_one	NA	NA	1	one_to_one:1
ENSCAFG00845001772	ENSG00000250682	many_to_one	ENSMUSG00000100711;ENSMUSG00000100182	many_to_many	2	many_to_many:1;many_to_one:1
ENSCAFG00845001779	ENSG00000250682	many_to_one	ENSMUSG00000100711;ENSMUSG00000100182	many_to_many	2	many_to_many:1;many_to_one:1
ENSCAFG00845001784	ENSG00000286338	many_to_one	NA	NA	1	many_to_one:1
ENSCAFG00845001787	ENSG00000286338	many_to_one	NA	NA	1	many_to_one:1
ENSCAFG00845001792	ENSG00000250682	many_to_one	ENSMUSG00000100711;ENSMUSG00000100182	many_to_many	2	many_to_many:1;many_to_one:1
ENSCAFG00845001804	ENSG00000286338	many_to_one	NA	NA	1	many_to_one:1
ENSCAFG00845001811	ENSG00000250682	many_to_one	ENSMUSG00000100711;ENSMUSG00000100182	many_to_many	2	many_to_many:1;many_to_one:1
ENSCAFG00845001817	ENSG00000250682	many_to_one	ENSMUSG00000100711;ENSMUSG00000100182	many_to_many	2	many_to_many:1;many_to_one:1
ENSCAFG00845001826	ENSG00000286338	many_to_one	NA	NA	1	many_to_one:1
ENSCAFG00845001834	ENSG00000286338	many_to_one	NA	NA	1	many_to_one:1
ENSCAFG00845001844	ENSG00000286338	many_to_one	NA	NA	1	many_to_one:1
ENSCAFG00845001849	ENSG00000250682	many_to_one	ENSMUSG00000100711;ENSMUSG00000100182	many_to_many	2	many_to_many:1;many_to_one:1
ENSCAFG00845001857	ENSG00000250682	many_to_one	ENSMUSG00000100711;ENSMUSG00000100182	many_to_many	2	many_to_many:1;many_to_one:1
ENSCAFG00845001860	NA	NA	ENSMUSG00000120425	one_to_one	1	one_to_one:1
ENSCAFG00845001863	ENSG00000286338	many_to_one	NA	NA	1	many_to_one:1
ENSCAFG00845001870	ENSG00000250682	many_to_one	ENSMUSG00000100711;ENSMUSG00000100182	many_to_many	2	many_to_many:1;many_to_one:1
ENSCAFG00845001884	NA	NA	ENSMUSG00000056145	one_to_one	1	one_to_one:1
ENSCAFG00845001893	ENSG00000250958	one_to_one	NA	NA	1	one_to_one:1
ENSCAFG00845001903	NA	NA	ENSMUSG00000050179	one_to_one	1	one_to_one:1
ENSCAFG00845001910	NA	NA	ENSMUSG00000086128	one_to_one	1	one_to_one:1
ENSCAFG00845001956	ENSG00000285646	one_to_one	NA	NA	1	one_to_one:1
ENSCAFG00845002048	ENSG00000263235	one_to_one	ENSMUSG00000084790	one_to_one	2	one_to_one:2
ENSCAFG00845002068	ENSG00000261938	one_to_one	NA	NA	1	one_to_one:1
ENSCAFG00845002071	ENSG00000236199	one_to_one	ENSMUSG00000093628	one_to_one	2	one_to_one:2
ENSCAFG00845002120	ENSG00000260566	one_to_one	NA	NA	1	one_to_one:1
ENSCAFG00845002139	ENSG00000250806	many_to_one	NA	NA	1	many_to_one:1
ENSCAFG00845002148	ENSG00000250806	many_to_one	NA	NA	1	many_to_one:1
ENSCAFG00845002155	ENSG00000250806	many_to_one	NA	NA	1	many_to_one:1
ENSCAFG00845002216	ENSG00000260306	one_to_one	NA	NA	1	one_to_one:1
ENSCAFG00845002235	ENSG00000232807	one_to_one	NA	NA	1	one_to_one:1
ENSCAFG00845002299	ENSG00000272461;ENSG00000259837	one_to_many	NA	NA	1	one_to_many:1
ENSCAFG00845002310	NA	NA	ENSMUSG00000118020	one_to_one	1	one_to_one:1
ENSCAFG00845002343	ENSG00000260927	one_to_one	NA	NA	1	one_to_one:1
ENSCAFG00845002373	ENSG00000251152	one_to_one	NA	NA	1	one_to_one:1
ENSCAFG00845002377	ENSG00000287778	one_to_one	NA	NA	1	one_to_one:1
ENSCAFG00845002398	ENSG00000228420;ENSG00000261055	one_to_many	NA	NA	1	one_to_many:1
ENSCAFG00845002404	NA	NA	ENSMUSG00000106426	one_to_one	1	one_to_one:1
ENSCAFG00845002471	ENSG00000289552	one_to_one	NA	NA	1	one_to_one:1
ENSCAFG00845002478	NA	NA	ENSMUSG00000097325	one_to_one	1	one_to_one:1
ENSCAFG00845002505	ENSG00000260400	one_to_one	NA	NA	1	one_to_one:1
ENSCAFG00845002528	NA	NA	ENSMUSG00000120842;ENSMUSG00000103670	one_to_many	1	one_to_many:1
ENSCAFG00845002582	ENSG00000243155	one_to_one	NA	NA	1	one_to_one:1
ENSCAFG00845002599	ENSG00000285726;ENSG00000285564	one_to_many	NA	NA	1	one_to_many:1
ENSCAFG00845002623	NA	NA	ENSMUSG00000111862	one_to_one	1	one_to_one:1
ENSCAFG00845002656	ENSG00000287154	one_to_one	NA	NA	1	one_to_one:1
ENSCAFG00845002702	ENSG00000236963	one_to_one	NA	NA	1	one_to_one:1
ENSCAFG00845002707	ENSG00000282898	one_to_one	NA	NA	1	one_to_one:1
ENSCAFG00845002708	ENSG00000225113	one_to_one	NA	NA	1	one_to_one:1
ENSCAFG00845002709	NA	NA	ENSMUSG00000108311;ENSMUSG00000120135;ENSMUSG00000108724	many_to_many_strict	1	many_to_many_strict:1
ENSCAFG00845002714	NA	NA	ENSMUSG00000108311;ENSMUSG00000120135;ENSMUSG00000108724	many_to_many_strict	1	many_to_many_strict:1
ENSCAFG00845002716	ENSG00000285462;ENSG00000235011	one_to_many	NA	NA	1	one_to_many:1
ENSCAFG00845002719	NA	NA	ENSMUSG00000108311;ENSMUSG00000120135;ENSMUSG00000108724	many_to_many_strict	1	many_to_many_strict:1
ENSCAFG00845002737	ENSG00000258760	many_to_one	NA	NA	1	many_to_one:1
ENSCAFG00845002749	ENSG00000256982	many_to_one	ENSMUSG00000110682;ENSMUSG00000110523	many_to_many_strict	2	many_to_many_strict:1;many_to_one:1
ENSCAFG00845002764	ENSG00000258760	many_to_one	NA	NA	1	many_to_one:1
ENSCAFG00845002772	ENSG00000258760	many_to_one	NA	NA	1	many_to_one:1
ENSCAFG00845002775	ENSG00000256982	many_to_one	ENSMUSG00000110682;ENSMUSG00000110523	many_to_many_strict	2	many_to_many_strict:1;many_to_one:1
ENSCAFG00845002780	ENSG00000258760	many_to_one	NA	NA	1	many_to_one:1
ENSCAFG00845002788	ENSG00000259989	one_to_one	NA	NA	1	one_to_one:1
ENSCAFG00845002798	ENSG00000258760	many_to_one	NA	NA	1	many_to_one:1
ENSCAFG00845002828	ENSG00000254138;ENSG00000289601	one_to_many	NA	NA	1	one_to_many:1
ENSCAFG00845002831	ENSG00000258708;ENSG00000258601;ENSG00000258690	one_to_many	NA	NA	1	one_to_many:1
ENSCAFG00845002836	ENSG00000258827	one_to_one	NA	NA	1	one_to_one:1
ENSCAFG00845002857	NA	NA	ENSMUSG00000121092	one_to_one	1	one_to_one:1
ENSCAFG00845002869	ENSG00000229656	one_to_one	NA	NA	1	one_to_one:1
ENSCAFG00845002889	ENSG00000272108	one_to_one	NA	NA	1	one_to_one:1
ENSCAFG00845002908	ENSG00000277324	one_to_one	NA	NA	1	one_to_one:1
ENSCAFG00845002911	ENSG00000264016	one_to_one	ENSMUSG00000085926	one_to_one	2	one_to_one:2
ENSCAFG00845002920	ENSG00000280029	one_to_one	NA	NA	1	one_to_one:1
ENSCAFG00845002954	ENSG00000290893	one_to_one	NA	NA	1	one_to_one:1
ENSCAFG00845003020	ENSG00000259415	one_to_one	NA	NA	1	one_to_one:1
ENSCAFG00845003031	ENSG00000264727	one_to_one	NA	NA	1	one_to_one:1
ENSCAFG00845003046	ENSG00000261766	one_to_one	NA	NA	1	one_to_one:1
ENSCAFG00845003118	NA	NA	ENSMUSG00000113757;ENSMUSG00000113017	many_to_many_strict	1	many_to_many_strict:1
ENSCAFG00845003150	ENSG00000229672;ENSG00000228353	one_to_many	NA	NA	1	one_to_many:1
ENSCAFG00845003152	NA	NA	ENSMUSG00000113757;ENSMUSG00000113017	many_to_many_strict	1	many_to_many_strict:1
ENSCAFG00845003214	NA	NA	ENSMUSG00000097101	one_to_one	1	one_to_one:1
ENSCAFG00845003223	ENSG00000255028	one_to_one	NA	NA	1	one_to_one:1
ENSCAFG00845003236	ENSG00000234233	one_to_one	NA	NA	1	one_to_one:1
ENSCAFG00845003269	ENSG00000289968	one_to_one	NA	NA	1	one_to_one:1
ENSCAFG00845003313	NA	NA	ENSMUSG00000115850	one_to_one	1	one_to_one:1
ENSCAFG00845003316	ENSG00000215196;ENSG00000271892	one_to_many	ENSMUSG00000115729;ENSMUSG00000056089	one_to_many	2	one_to_many:2
ENSCAFG00845003341	NA	NA	ENSMUSG00000116971	many_to_one	1	many_to_one:1
ENSCAFG00845003356	NA	NA	ENSMUSG00000116971	many_to_one	1	many_to_one:1
ENSCAFG00845003358	NA	NA	ENSMUSG00000116971	many_to_one	1	many_to_one:1
ENSCAFG00845003359	ENSG00000259636	one_to_one	NA	NA	1	one_to_one:1
ENSCAFG00845003440	ENSG00000264254	one_to_one	NA	NA	1	one_to_one:1
ENSCAFG00845003450	ENSG00000262714	one_to_one	NA	NA	1	one_to_one:1
ENSCAFG00845003460	ENSG00000261291	one_to_one	NA	NA	1	one_to_one:1
ENSCAFG00845003481	NA	NA	ENSMUSG00000114005	one_to_one	1	one_to_one:1
ENSCAFG00845003485	ENSG00000260630	one_to_one	NA	NA	1	one_to_one:1
ENSCAFG00845003499	ENSG00000251189	one_to_one	NA	NA	1	one_to_one:1
ENSCAFG00845003505	ENSG00000244968	one_to_one	NA	NA	1	one_to_one:1
ENSCAFG00845003570	ENSG00000265400	many_to_one	ENSMUSG00000120678	many_to_one	2	many_to_one:2
ENSCAFG00845003575	ENSG00000265400	many_to_one	ENSMUSG00000120678	many_to_one	2	many_to_one:2
ENSCAFG00845003590	ENSG00000258729	one_to_one	NA	NA	1	one_to_one:1
ENSCAFG00845003620	NA	NA	ENSMUSG00000108603	one_to_one	1	one_to_one:1
ENSCAFG00845003649	NA	NA	ENSMUSG00000110166	one_to_one	1	one_to_one:1
ENSCAFG00845003665	NA	NA	ENSMUSG00000120447	one_to_one	1	one_to_one:1
ENSCAFG00845003724	NA	NA	ENSMUSG00000087590	one_to_one	1	one_to_one:1
ENSCAFG00845003755	ENSG00000246859	one_to_one	NA	NA	1	one_to_one:1
ENSCAFG00845003795	ENSG00000250250	one_to_one	ENSMUSG00000115433	one_to_one	2	one_to_one:2
ENSCAFG00845003833	ENSG00000271314;ENSG00000271155;ENSG00000271659	one_to_many	ENSMUSG00000113459	one_to_one	2	one_to_many:1;one_to_one:1
ENSCAFG00845003835	ENSG00000229345	one_to_one	ENSMUSG00000113453	one_to_one	2	one_to_one:2
ENSCAFG00845003841	ENSG00000290444	one_to_one	NA	NA	1	one_to_one:1
ENSCAFG00845003855	ENSG00000258526	one_to_one	NA	NA	1	one_to_one:1
ENSCAFG00845003869	ENSG00000253613	one_to_one	NA	NA	1	one_to_one:1
ENSCAFG00845003886	ENSG00000252690;ENSG00000250988	one_to_many	ENSMUSG00000097277	one_to_one	2	one_to_many:1;one_to_one:1
ENSCAFG00845003952	ENSG00000258957	one_to_one	NA	NA	1	one_to_one:1
ENSCAFG00845003969	ENSG00000258749;ENSG00000247970	one_to_many	NA	NA	1	one_to_many:1
ENSCAFG00845004019	ENSG00000254365;ENSG00000253947;ENSG00000253713;ENSG00000253527;ENSG00000253925;ENSG00000254187;ENSG00000253660;ENSG00000253469;ENSG00000254297	one_to_many	ENSMUSG00000086375;ENSMUSG00000087245	one_to_many	2	one_to_many:2
ENSCAFG00845004030	ENSG00000254130	many_to_one	NA	NA	1	many_to_one:1
ENSCAFG00845004034	NA	NA	ENSMUSG00000093452	one_to_one	1	one_to_one:1
ENSCAFG00845004051	ENSG00000254130	many_to_one	NA	NA	1	many_to_one:1
ENSCAFG00845004057	ENSG00000254130	many_to_one	NA	NA	1	many_to_one:1
ENSCAFG00845004062	ENSG00000254130	many_to_one	NA	NA	1	many_to_one:1
ENSCAFG00845004083	ENSG00000254130	many_to_one	NA	NA	1	many_to_one:1
ENSCAFG00845004119	ENSG00000280809	one_to_one	NA	NA	1	one_to_one:1
ENSCAFG00845004142	ENSG00000267707;ENSG00000267202;ENSG00000285940	one_to_many	ENSMUSG00000114511;ENSMUSG00000114306;ENSMUSG00000120137	one_to_many	2	one_to_many:2
ENSCAFG00845004150	ENSG00000288889	one_to_one	NA	NA	1	one_to_one:1
ENSCAFG00845004167	ENSG00000273797	one_to_one	NA	NA	1	one_to_one:1
ENSCAFG00845004187	ENSG00000261441	one_to_one	NA	NA	1	one_to_one:1
ENSCAFG00845004193	ENSG00000255571;ENSG00000289128	one_to_many	ENSMUSG00000097023	one_to_one	2	one_to_many:1;one_to_one:1
ENSCAFG00845004244	ENSG00000261504	one_to_one	NA	NA	1	one_to_one:1
ENSCAFG00845004265	ENSG00000286510	one_to_one	NA	NA	1	one_to_one:1
ENSCAFG00845004287	ENSG00000269151	one_to_one	NA	NA	1	one_to_one:1
ENSCAFG00845004340	ENSG00000286496	one_to_one	NA	NA	1	one_to_one:1
ENSCAFG00845004350	ENSG00000235269	many_to_one	NA	NA	1	many_to_one:1
ENSCAFG00845004358	ENSG00000235269	many_to_one	NA	NA	1	many_to_one:1
ENSCAFG00845004406	ENSG00000256281	many_to_one	NA	NA	1	many_to_one:1
ENSCAFG00845004412	NA	NA	ENSMUSG00000115015;ENSMUSG00000115690	one_to_many	1	one_to_many:1
ENSCAFG00845004434	ENSG00000279249	one_to_one	NA	NA	1	one_to_one:1
ENSCAFG00845004437	ENSG00000255689	many_to_one	NA	NA	1	many_to_one:1
ENSCAFG00845004438	NA	NA	ENSMUSG00000097992	one_to_one	1	one_to_one:1
ENSCAFG00845004442	ENSG00000255689	many_to_one	NA	NA	1	many_to_one:1
ENSCAFG00845004445	ENSG00000256281	many_to_one	NA	NA	1	many_to_one:1
ENSCAFG00845004447	ENSG00000255689	many_to_one	NA	NA	1	many_to_one:1
ENSCAFG00845004450	ENSG00000255689	many_to_one	NA	NA	1	many_to_one:1
ENSCAFG00845004453	ENSG00000255689	many_to_one	NA	NA	1	many_to_one:1
ENSCAFG00845004457	ENSG00000255689	many_to_one	NA	NA	1	many_to_one:1
ENSCAFG00845004460	ENSG00000256281	many_to_one	NA	NA	1	many_to_one:1
ENSCAFG00845004462	NA	NA	ENSMUSG00000085892	many_to_one	1	many_to_one:1
ENSCAFG00845004463	ENSG00000256281	many_to_one	NA	NA	1	many_to_one:1
ENSCAFG00845004470	NA	NA	ENSMUSG00000085892	many_to_one	1	many_to_one:1
ENSCAFG00845004486	NA	NA	ENSMUSG00000085892	many_to_one	1	many_to_one:1
ENSCAFG00845004493	NA	NA	ENSMUSG00000085892	many_to_one	1	many_to_one:1
ENSCAFG00845004586	ENSG00000290987	one_to_one	NA	NA	1	one_to_one:1
ENSCAFG00845004593	NA	NA	ENSMUSG00000117229	one_to_one	1	one_to_one:1
ENSCAFG00845004596	ENSG00000260340	one_to_one	NA	NA	1	one_to_one:1
ENSCAFG00845004608	NA	NA	ENSMUSG00000121139	one_to_one	1	one_to_one:1
ENSCAFG00845004685	ENSG00000272799	one_to_one	NA	NA	1	one_to_one:1
ENSCAFG00845004766	ENSG00000249207	one_to_one	NA	NA	1	one_to_one:1
ENSCAFG00845004791	NA	NA	ENSMUSG00000117570	many_to_one	1	many_to_one:1
ENSCAFG00845004795	ENSG00000228853	one_to_one	NA	NA	1	one_to_one:1
ENSCAFG00845004796	NA	NA	ENSMUSG00000117570	many_to_one	1	many_to_one:1
ENSCAFG00845004802	NA	NA	ENSMUSG00000097980	one_to_one	1	one_to_one:1
ENSCAFG00845004812	ENSG00000260759	one_to_one	ENSMUSG00000117868	one_to_one	2	one_to_one:2
ENSCAFG00845004813	NA	NA	ENSMUSG00000109248	one_to_one	1	one_to_one:1
ENSCAFG00845004860	ENSG00000275512	one_to_one	NA	NA	1	one_to_one:1
ENSCAFG00845004897	ENSG00000231720	one_to_one	NA	NA	1	one_to_one:1
ENSCAFG00845004902	ENSG00000280707;ENSG00000228648	one_to_many	NA	NA	1	one_to_many:1
ENSCAFG00845004914	NA	NA	ENSMUSG00000109420;ENSMUSG00000121222	one_to_many	1	one_to_many:1
ENSCAFG00845004944	ENSG00000287813;ENSG00000259175;ENSG00000258010;ENSG00000270919;ENSG00000259495	one_to_many	ENSMUSG00000109341	one_to_one	2	one_to_many:1;one_to_one:1
ENSCAFG00845004978	ENSG00000287695	one_to_one	NA	NA	1	one_to_one:1
ENSCAFG00845005001	NA	NA	ENSMUSG00000086028	one_to_one	1	one_to_one:1
ENSCAFG00845005014	NA	NA	ENSMUSG00000085236	one_to_one	1	one_to_one:1
ENSCAFG00845005022	NA	NA	ENSMUSG00000037535	one_to_one	1	one_to_one:1
ENSCAFG00845005031	ENSG00000251183	many_to_one	NA	NA	1	many_to_one:1
ENSCAFG00845005037	ENSG00000259548	one_to_one	NA	NA	1	one_to_one:1
ENSCAFG00845005040	ENSG00000251183	many_to_one	NA	NA	1	many_to_one:1
ENSCAFG00845005161	NA	NA	ENSMUSG00000120256	one_to_one	1	one_to_one:1
ENSCAFG00845005255	NA	NA	ENSMUSG00000075555	one_to_one	1	one_to_one:1
ENSCAFG00845005272	ENSG00000286128	many_to_one	NA	NA	1	many_to_one:1
ENSCAFG00845005279	ENSG00000286128	many_to_one	NA	NA	1	many_to_one:1
ENSCAFG00845005280	NA	NA	ENSMUSG00000117414	one_to_one	1	one_to_one:1
ENSCAFG00845005282	ENSG00000245060	many_to_one	NA	NA	1	many_to_one:1
ENSCAFG00845005288	ENSG00000286128	many_to_one	NA	NA	1	many_to_one:1
ENSCAFG00845005315	NA	NA	ENSMUSG00000114787	many_to_one	1	many_to_one:1
ENSCAFG00845005320	NA	NA	ENSMUSG00000114787	many_to_one	1	many_to_one:1
ENSCAFG00845005325	NA	NA	ENSMUSG00000114787	many_to_one	1	many_to_one:1
ENSCAFG00845005327	NA	NA	ENSMUSG00000114200;ENSMUSG00000114623	one_to_many	1	one_to_many:1
ENSCAFG00845005375	ENSG00000267653	one_to_one	NA	NA	1	one_to_one:1
ENSCAFG00845005386	ENSG00000248473	one_to_one	NA	NA	1	one_to_one:1
ENSCAFG00845005394	ENSG00000231028;ENSG00000287094;ENSG00000234084	one_to_many	ENSMUSG00000111227	one_to_one	2	one_to_many:1;one_to_one:1
ENSCAFG00845005399	ENSG00000237560	many_to_one	NA	NA	1	many_to_one:1
ENSCAFG00845005407	ENSG00000237560	many_to_one	NA	NA	1	many_to_one:1
ENSCAFG00845005413	ENSG00000237560	many_to_one	NA	NA	1	many_to_one:1
ENSCAFG00845005450	ENSG00000289371	one_to_one	NA	NA	1	one_to_one:1
ENSCAFG00845005520	ENSG00000248692	one_to_one	NA	NA	1	one_to_one:1
ENSCAFG00845005529	ENSG00000288659	one_to_one	NA	NA	1	one_to_one:1
ENSCAFG00845005548	ENSG00000235298	one_to_one	NA	NA	1	one_to_one:1
ENSCAFG00845005579	NA	NA	ENSMUSG00000097676	one_to_one	1	one_to_one:1
ENSCAFG00845005650	ENSG00000249167;ENSG00000248445	one_to_many	NA	NA	1	one_to_many:1
ENSCAFG00845005652	ENSG00000250220	one_to_one	ENSMUSG00000054945	one_to_one	2	one_to_one:2
ENSCAFG00845005687	ENSG00000257438	one_to_one	ENSMUSG00000111583	one_to_one	2	one_to_one:2
ENSCAFG00845005712	ENSG00000257329	many_to_one	ENSMUSG00000097082	many_to_one	2	many_to_one:2
ENSCAFG00845005798	NA	NA	ENSMUSG00000108967	one_to_one	1	one_to_one:1
ENSCAFG00845005801	ENSG00000255021	many_to_one	NA	NA	1	many_to_one:1
ENSCAFG00845005811	ENSG00000255021	many_to_one	NA	NA	1	many_to_one:1
ENSCAFG00845005842	NA	NA	ENSMUSG00000113580;ENSMUSG00000113548	many_to_many_strict	1	many_to_many_strict:1
ENSCAFG00845005851	NA	NA	ENSMUSG00000113580;ENSMUSG00000113548	many_to_many_strict	1	many_to_many_strict:1
ENSCAFG00845005862	NA	NA	ENSMUSG00000075027	one_to_one	1	one_to_one:1
ENSCAFG00845005873	ENSG00000287984	one_to_one	ENSMUSG00000087559	one_to_one	2	one_to_one:2
ENSCAFG00845005912	ENSG00000226856	one_to_one	ENSMUSG00000101700	one_to_one	2	one_to_one:2
ENSCAFG00845005963	ENSG00000255079	one_to_one	NA	NA	1	one_to_one:1
ENSCAFG00845006077	NA	NA	ENSMUSG00000112246	one_to_one	1	one_to_one:1
ENSCAFG00845006085	ENSG00000225300	one_to_one	NA	NA	1	one_to_one:1
ENSCAFG00845006096	ENSG00000287004	many_to_one	NA	NA	1	many_to_one:1
ENSCAFG00845006107	ENSG00000287451	one_to_one	NA	NA	1	one_to_one:1
ENSCAFG00845006110	ENSG00000287004	many_to_one	NA	NA	1	many_to_one:1
ENSCAFG00845006121	ENSG00000287004	many_to_one	NA	NA	1	many_to_one:1
ENSCAFG00845006141	ENSG00000287004	many_to_one	NA	NA	1	many_to_one:1
ENSCAFG00845006155	ENSG00000258473;ENSG00000258819	one_to_many	NA	NA	1	one_to_many:1
ENSCAFG00845006164	NA	NA	ENSMUSG00000022187	one_to_one	1	one_to_one:1
ENSCAFG00845006244	ENSG00000232650	one_to_one	ENSMUSG00000085121	one_to_one	2	one_to_one:2
ENSCAFG00845006263	ENSG00000234942	one_to_one	NA	NA	1	one_to_one:1
ENSCAFG00845006280	ENSG00000269883	one_to_one	NA	NA	1	one_to_one:1
ENSCAFG00845006428	ENSG00000289557	one_to_one	NA	NA	1	one_to_one:1
ENSCAFG00845006429	NA	NA	ENSMUSG00000097701	one_to_one	1	one_to_one:1
ENSCAFG00845006507	ENSG00000266236	one_to_one	NA	NA	1	one_to_one:1
ENSCAFG00845006535	ENSG00000227896	one_to_one	ENSMUSG00000115007	one_to_one	2	one_to_one:2
ENSCAFG00845006543	ENSG00000234199;ENSG00000243179	one_to_many	NA	NA	1	one_to_many:1
ENSCAFG00845006552	ENSG00000257526	one_to_one	NA	NA	1	one_to_one:1
ENSCAFG00845006556	NA	NA	ENSMUSG00000113386	one_to_one	1	one_to_one:1
ENSCAFG00845006565	ENSG00000225000;ENSG00000226522	one_to_many	NA	NA	1	one_to_many:1
ENSCAFG00845006577	NA	NA	ENSMUSG00000108875	one_to_one	1	one_to_one:1
ENSCAFG00845006662	NA	NA	ENSMUSG00000120285	one_to_one	1	one_to_one:1
ENSCAFG00845006696	ENSG00000235314	one_to_one	NA	NA	1	one_to_one:1
ENSCAFG00845006737	ENSG00000272515	one_to_one	NA	NA	1	one_to_one:1
ENSCAFG00845006763	NA	NA	ENSMUSG00000109733	one_to_one	1	one_to_one:1
ENSCAFG00845006787	NA	NA	ENSMUSG00000111666	one_to_one	1	one_to_one:1
ENSCAFG00845006895	ENSG00000260808	one_to_one	NA	NA	1	one_to_one:1
ENSCAFG00845006899	ENSG00000233926	many_to_one	ENSMUSG00000084910;ENSMUSG00000086027	many_to_many_strict	2	many_to_many_strict:1;many_to_one:1
ENSCAFG00845006972	ENSG00000233926	many_to_one	ENSMUSG00000084910;ENSMUSG00000086027	many_to_many_strict	2	many_to_many_strict:1;many_to_one:1
ENSCAFG00845006996	ENSG00000280395	one_to_one	NA	NA	1	one_to_one:1
ENSCAFG00845007067	NA	NA	ENSMUSG00000112132	one_to_one	1	one_to_one:1
ENSCAFG00845007072	ENSG00000286476	one_to_one	NA	NA	1	one_to_one:1
ENSCAFG00845007096	ENSG00000267345	one_to_one	NA	NA	1	one_to_one:1
ENSCAFG00845007159	NA	NA	ENSMUSG00000085192	one_to_one	1	one_to_one:1
ENSCAFG00845007340	ENSG00000254343	one_to_one	NA	NA	1	one_to_one:1
ENSCAFG00845007539	NA	NA	ENSMUSG00000086856;ENSMUSG00000087171	one_to_many	1	one_to_many:1
ENSCAFG00845007560	NA	NA	ENSMUSG00000109803	one_to_one	1	one_to_one:1
ENSCAFG00845007584	ENSG00000180458	one_to_one	NA	NA	1	one_to_one:1
ENSCAFG00845007585	ENSG00000257948	one_to_one	NA	NA	1	one_to_one:1
ENSCAFG00845007595	NA	NA	ENSMUSG00000087482	many_to_one	1	many_to_one:1
ENSCAFG00845007600	ENSG00000257191	one_to_one	NA	NA	1	one_to_one:1
ENSCAFG00845007606	NA	NA	ENSMUSG00000087482	many_to_one	1	many_to_one:1
ENSCAFG00845007782	NA	NA	ENSMUSG00000113184	one_to_one	1	one_to_one:1
ENSCAFG00845007796	NA	NA	ENSMUSG00000111535	one_to_one	1	one_to_one:1
ENSCAFG00845007810	NA	NA	ENSMUSG00000111116;ENSMUSG00000111463	one_to_many	1	one_to_many:1
ENSCAFG00845007826	NA	NA	ENSMUSG00000115854	one_to_one	1	one_to_one:1
ENSCAFG00845007872	NA	NA	ENSMUSG00000101600	many_to_one	1	many_to_one:1
ENSCAFG00845007874	ENSG00000289201	many_to_one	NA	NA	1	many_to_one:1
ENSCAFG00845007886	ENSG00000257303	one_to_one	NA	NA	1	one_to_one:1
ENSCAFG00845007888	NA	NA	ENSMUSG00000101600	many_to_one	1	many_to_one:1
ENSCAFG00845007905	ENSG00000231969	one_to_one	ENSMUSG00000085862	one_to_one	2	one_to_one:2
ENSCAFG00845007915	ENSG00000289201	many_to_one	NA	NA	1	many_to_one:1
ENSCAFG00845007953	NA	NA	ENSMUSG00000115545	one_to_one	1	one_to_one:1
ENSCAFG00845008105	NA	NA	ENSMUSG00000105753	one_to_one	1	one_to_one:1
ENSCAFG00845008142	NA	NA	ENSMUSG00000120487	one_to_one	1	one_to_one:1
ENSCAFG00845008214	ENSG00000237220;ENSG00000224048	many_to_many_strict	ENSMUSG00000100496;ENSMUSG00000086349	many_to_many_strict	2	many_to_many_strict:2
ENSCAFG00845008226	ENSG00000237220;ENSG00000224048	many_to_many_strict	ENSMUSG00000100496;ENSMUSG00000086349	many_to_many_strict	2	many_to_many_strict:2
ENSCAFG00845008240	ENSG00000258419	one_to_one	NA	NA	1	one_to_one:1
ENSCAFG00845008321	NA	NA	ENSMUSG00000104835	one_to_one	1	one_to_one:1
ENSCAFG00845008335	NA	NA	ENSMUSG00000113747	one_to_one	1	one_to_one:1
ENSCAFG00845008346	ENSG00000233721;ENSG00000226078	one_to_many	ENSMUSG00000085463	one_to_one	2	one_to_many:1;one_to_one:1
ENSCAFG00845008348	ENSG00000225750	many_to_one	NA	NA	1	many_to_one:1
ENSCAFG00845008353	NA	NA	ENSMUSG00000085667	one_to_one	1	one_to_one:1
ENSCAFG00845008356	ENSG00000225750	many_to_one	NA	NA	1	many_to_one:1
ENSCAFG00845008404	NA	NA	ENSMUSG00000114357	one_to_one	1	one_to_one:1
ENSCAFG00845008529	ENSG00000233797	one_to_one	NA	NA	1	one_to_one:1
ENSCAFG00845008547	NA	NA	ENSMUSG00000115508	one_to_one	1	one_to_one:1
ENSCAFG00845008574	ENSG00000266289	one_to_one	NA	NA	1	one_to_one:1
ENSCAFG00845008636	ENSG00000254209	one_to_one	NA	NA	1	one_to_one:1
ENSCAFG00845008701	NA	NA	ENSMUSG00000110625	many_to_one	1	many_to_one:1
ENSCAFG00845008707	ENSG00000251292	one_to_one	NA	NA	1	one_to_one:1
ENSCAFG00845008709	NA	NA	ENSMUSG00000110625	many_to_one	1	many_to_one:1
ENSCAFG00845008716	NA	NA	ENSMUSG00000099906	one_to_one	1	one_to_one:1
ENSCAFG00845008721	NA	NA	ENSMUSG00000054057	one_to_one	1	one_to_one:1
ENSCAFG00845008731	NA	NA	ENSMUSG00000085319	one_to_one	1	one_to_one:1
ENSCAFG00845008771	ENSG00000260401	one_to_one	NA	NA	1	one_to_one:1
ENSCAFG00845008813	NA	NA	ENSMUSG00000118362	one_to_one	1	one_to_one:1
ENSCAFG00845008854	ENSG00000285637	one_to_one	NA	NA	1	one_to_one:1
ENSCAFG00845008952	ENSG00000255317;ENSG00000257271;ENSG00000254607;ENSG00000254960;ENSG00000218109	one_to_many	ENSMUSG00000053889	one_to_one	2	one_to_many:1;one_to_one:1
ENSCAFG00845008967	NA	NA	ENSMUSG00000110925	one_to_one	1	one_to_one:1
ENSCAFG00845008991	NA	NA	ENSMUSG00000084787	one_to_one	1	one_to_one:1
ENSCAFG00845009013	NA	NA	ENSMUSG00000087474	many_to_one	1	many_to_one:1
ENSCAFG00845009021	NA	NA	ENSMUSG00000087474	many_to_one	1	many_to_one:1
ENSCAFG00845009026	NA	NA	ENSMUSG00000087474	many_to_one	1	many_to_one:1
ENSCAFG00845009031	NA	NA	ENSMUSG00000087474	many_to_one	1	many_to_one:1
ENSCAFG00845009050	ENSG00000272479	many_to_one	ENSMUSG00000109419;ENSMUSG00000053979	many_to_many_strict	2	many_to_many_strict:1;many_to_one:1
ENSCAFG00845009060	ENSG00000272479	many_to_one	ENSMUSG00000109419;ENSMUSG00000053979	many_to_many_strict	2	many_to_many_strict:1;many_to_one:1
ENSCAFG00845009065	ENSG00000286218	many_to_one	NA	NA	1	many_to_one:1
ENSCAFG00845009073	NA	NA	ENSMUSG00000096935	one_to_one	1	one_to_one:1
ENSCAFG00845009075	ENSG00000286042	many_to_one	ENSMUSG00000098747	many_to_one	2	many_to_one:2
ENSCAFG00845009084	ENSG00000286042	many_to_one	ENSMUSG00000098747	many_to_one	2	many_to_one:2
ENSCAFG00845009096	NA	NA	ENSMUSG00000097156	one_to_one	1	one_to_one:1
ENSCAFG00845009160	ENSG00000286218	many_to_one	NA	NA	1	many_to_one:1
ENSCAFG00845009167	ENSG00000286218	many_to_one	NA	NA	1	many_to_one:1
ENSCAFG00845009182	ENSG00000257126	one_to_one	ENSMUSG00000112763	one_to_one	2	one_to_one:2
ENSCAFG00845009202	ENSG00000228886	one_to_one	NA	NA	1	one_to_one:1
ENSCAFG00845009216	ENSG00000186960	one_to_one	NA	NA	1	one_to_one:1
ENSCAFG00845009220	ENSG00000273149	one_to_one	NA	NA	1	one_to_one:1
ENSCAFG00845009239	ENSG00000257056;ENSG00000257748	one_to_many	NA	NA	1	one_to_many:1
ENSCAFG00845009249	ENSG00000258038	one_to_one	NA	NA	1	one_to_one:1
ENSCAFG00845009290	ENSG00000283052;ENSG00000281344	one_to_many	NA	NA	1	one_to_many:1
ENSCAFG00845009426	ENSG00000234943;ENSG00000228108	one_to_many	ENSMUSG00000119981;ENSMUSG00000101872;ENSMUSG00000073073	one_to_many	2	one_to_many:2
ENSCAFG00845009507	NA	NA	ENSMUSG00000103459	one_to_one	1	one_to_one:1
ENSCAFG00845009524	NA	NA	ENSMUSG00000120623;ENSMUSG00000097324	one_to_many	1	one_to_many:1
ENSCAFG00845009605	ENSG00000231794	one_to_one	NA	NA	1	one_to_one:1
ENSCAFG00845009640	NA	NA	ENSMUSG00000090194	one_to_one	1	one_to_one:1
ENSCAFG00845009674	ENSG00000278156	one_to_one	NA	NA	1	one_to_one:1
ENSCAFG00845009755	ENSG00000286197	one_to_one	NA	NA	1	one_to_one:1
ENSCAFG00845009770	ENSG00000260430	one_to_one	NA	NA	1	one_to_one:1
ENSCAFG00845009782	ENSG00000257762	many_to_one	NA	NA	1	many_to_one:1
ENSCAFG00845009800	ENSG00000257762	many_to_one	NA	NA	1	many_to_one:1
ENSCAFG00845009830	ENSG00000197989	one_to_one	ENSMUSG00000086290	one_to_one	2	one_to_one:2
ENSCAFG00845009849	NA	NA	ENSMUSG00000121490	one_to_one	1	one_to_one:1
ENSCAFG00845009854	ENSG00000240842	many_to_one	NA	NA	1	many_to_one:1
ENSCAFG00845009866	ENSG00000241667	many_to_one	NA	NA	1	many_to_one:1
ENSCAFG00845009880	ENSG00000240842	many_to_one	NA	NA	1	many_to_one:1
ENSCAFG00845009888	NA	NA	ENSMUSG00000073528	one_to_one	1	one_to_one:1
ENSCAFG00845009890	ENSG00000241667	many_to_one	NA	NA	1	many_to_one:1
ENSCAFG00845009900	ENSG00000241667	many_to_one	NA	NA	1	many_to_one:1
ENSCAFG00845009910	ENSG00000241667	many_to_one	NA	NA	1	many_to_one:1
ENSCAFG00845009917	ENSG00000224509	one_to_one	NA	NA	1	one_to_one:1
ENSCAFG00845009935	ENSG00000285888	one_to_one	NA	NA	1	one_to_one:1
ENSCAFG00845009940	NA	NA	ENSMUSG00000097063	one_to_one	1	one_to_one:1
ENSCAFG00845009947	ENSG00000287891	one_to_one	NA	NA	1	one_to_one:1
ENSCAFG00845010028	NA	NA	ENSMUSG00000112774	many_to_one	1	many_to_one:1
ENSCAFG00845010040	NA	NA	ENSMUSG00000112774	many_to_one	1	many_to_one:1
ENSCAFG00845010045	ENSG00000242125	one_to_one	NA	NA	1	one_to_one:1
ENSCAFG00845010130	ENSG00000232325;ENSG00000287883;ENSG00000261795;ENSG00000242474	one_to_many	NA	NA	1	one_to_many:1
ENSCAFG00845010162	NA	NA	ENSMUSG00000120850	one_to_one	1	one_to_one:1
ENSCAFG00845010213	ENSG00000230597	many_to_one	NA	NA	1	many_to_one:1
ENSCAFG00845010224	ENSG00000230597	many_to_one	NA	NA	1	many_to_one:1
ENSCAFG00845010226	NA	NA	ENSMUSG00000100274;ENSMUSG00000115639	one_to_many	1	one_to_many:1
ENSCAFG00845010228	ENSG00000230597	many_to_one	NA	NA	1	many_to_one:1
ENSCAFG00845010245	ENSG00000230597	many_to_one	NA	NA	1	many_to_one:1
ENSCAFG00845010257	ENSG00000230597	many_to_one	NA	NA	1	many_to_one:1
ENSCAFG00845010265	ENSG00000230597	many_to_one	NA	NA	1	many_to_one:1
ENSCAFG00845010279	ENSG00000230597	many_to_one	NA	NA	1	many_to_one:1
ENSCAFG00845010409	ENSG00000286875	one_to_one	ENSMUSG00000056031	one_to_one	2	one_to_one:2
ENSCAFG00845010420	NA	NA	ENSMUSG00000111225;ENSMUSG00000111014	one_to_many	1	one_to_many:1
ENSCAFG00845010438	ENSG00000267551	one_to_one	ENSMUSG00000112350	one_to_one	2	one_to_one:2
ENSCAFG00845010449	ENSG00000272114	one_to_one	NA	NA	1	one_to_one:1
ENSCAFG00845010450	ENSG00000224231	many_to_one	NA	NA	1	many_to_one:1
ENSCAFG00845010460	NA	NA	ENSMUSG00000114276	many_to_one	1	many_to_one:1
ENSCAFG00845010463	ENSG00000224231	many_to_one	NA	NA	1	many_to_one:1
ENSCAFG00845010467	NA	NA	ENSMUSG00000114276	many_to_one	1	many_to_one:1
ENSCAFG00845010484	ENSG00000272381	many_to_one	NA	NA	1	many_to_one:1
ENSCAFG00845010488	NA	NA	ENSMUSG00000114276	many_to_one	1	many_to_one:1
ENSCAFG00845010490	ENSG00000265408	one_to_one	NA	NA	1	one_to_one:1
ENSCAFG00845010497	ENSG00000272381	many_to_one	NA	NA	1	many_to_one:1
ENSCAFG00845010508	ENSG00000272381	many_to_one	NA	NA	1	many_to_one:1
ENSCAFG00845010519	ENSG00000272381	many_to_one	NA	NA	1	many_to_one:1
ENSCAFG00845010522	NA	NA	ENSMUSG00000114276	many_to_one	1	many_to_one:1
ENSCAFG00845010528	ENSG00000272381	many_to_one	NA	NA	1	many_to_one:1
ENSCAFG00845010536	ENSG00000269961	one_to_one	NA	NA	1	one_to_one:1
ENSCAFG00845010646	NA	NA	ENSMUSG00000086707	many_to_one	1	many_to_one:1
ENSCAFG00845010655	ENSG00000271398	one_to_one	NA	NA	1	one_to_one:1
ENSCAFG00845010660	NA	NA	ENSMUSG00000086707	many_to_one	1	many_to_one:1
ENSCAFG00845010677	ENSG00000278200	one_to_one	NA	NA	1	one_to_one:1
ENSCAFG00845010686	ENSG00000279954	one_to_one	NA	NA	1	one_to_one:1
ENSCAFG00845010698	NA	NA	ENSMUSG00000121037	one_to_one	1	one_to_one:1
ENSCAFG00845010700	ENSG00000238099	one_to_one	NA	NA	1	one_to_one:1
ENSCAFG00845010730	ENSG00000223525;ENSG00000289425	one_to_many	NA	NA	1	one_to_many:1
ENSCAFG00845010736	NA	NA	ENSMUSG00000112629	one_to_one	1	one_to_one:1
ENSCAFG00845010811	ENSG00000263154;ENSG00000274833	one_to_many	NA	NA	1	one_to_many:1
ENSCAFG00845010817	NA	NA	ENSMUSG00000117718	one_to_one	1	one_to_one:1
ENSCAFG00845010820	NA	NA	ENSMUSG00000120866	many_to_one	1	many_to_one:1
ENSCAFG00845010832	ENSG00000287431;ENSG00000185332;ENSG00000185168	one_to_many	ENSMUSG00000075389	one_to_one	2	one_to_many:1;one_to_one:1
ENSCAFG00845010842	NA	NA	ENSMUSG00000120866	many_to_one	1	many_to_one:1
ENSCAFG00845010887	ENSG00000236046	one_to_one	NA	NA	1	one_to_one:1
ENSCAFG00845010957	NA	NA	ENSMUSG00000069996	one_to_one	1	one_to_one:1
ENSCAFG00845010999	ENSG00000233420	one_to_one	NA	NA	1	one_to_one:1
ENSCAFG00845011060	ENSG00000264808	one_to_one	NA	NA	1	one_to_one:1
ENSCAFG00845011148	ENSG00000259290	one_to_one	NA	NA	1	one_to_one:1
ENSCAFG00845011159	ENSG00000228959	many_to_one	ENSMUSG00000100943	many_to_one	2	many_to_one:2
ENSCAFG00845011168	ENSG00000228959	many_to_one	ENSMUSG00000100943	many_to_one	2	many_to_one:2
ENSCAFG00845011293	ENSG00000248799	one_to_one	NA	NA	1	one_to_one:1
ENSCAFG00845011361	NA	NA	ENSMUSG00000120401	one_to_one	1	one_to_one:1
ENSCAFG00845011442	NA	NA	ENSMUSG00000121235	one_to_one	1	one_to_one:1
ENSCAFG00845011449	ENSG00000289468	one_to_one	NA	NA	1	one_to_one:1
ENSCAFG00845011464	ENSG00000226328	one_to_one	NA	NA	1	one_to_one:1
ENSCAFG00845011476	ENSG00000258338	one_to_one	NA	NA	1	one_to_one:1
ENSCAFG00845011489	NA	NA	ENSMUSG00000117521	many_to_one	1	many_to_one:1
ENSCAFG00845011508	NA	NA	ENSMUSG00000117521	many_to_one	1	many_to_one:1
ENSCAFG00845011510	NA	NA	ENSMUSG00000087114	one_to_one	1	one_to_one:1
ENSCAFG00845011525	NA	NA	ENSMUSG00000117521	many_to_one	1	many_to_one:1
ENSCAFG00845011623	ENSG00000249057	one_to_one	NA	NA	1	one_to_one:1
ENSCAFG00845011703	ENSG00000267201	one_to_one	NA	NA	1	one_to_one:1
ENSCAFG00845011782	ENSG00000267262;ENSG00000267299	one_to_many	ENSMUSG00000121209	one_to_one	2	one_to_many:1;one_to_one:1
ENSCAFG00845011860	NA	NA	ENSMUSG00000117292	one_to_one	1	one_to_one:1
ENSCAFG00845011883	ENSG00000286565	many_to_one	NA	NA	1	many_to_one:1
ENSCAFG00845011911	ENSG00000181211	one_to_one	NA	NA	1	one_to_one:1
ENSCAFG00845011913	NA	NA	ENSMUSG00000068957	one_to_one	1	one_to_one:1
ENSCAFG00845011921	NA	NA	ENSMUSG00000089746	one_to_one	1	one_to_one:1
ENSCAFG00845011946	ENSG00000254551	one_to_one	NA	NA	1	one_to_one:1
ENSCAFG00845011950	ENSG00000286565	many_to_one	NA	NA	1	many_to_one:1
ENSCAFG00845011966	ENSG00000257472	many_to_one	NA	NA	1	many_to_one:1
ENSCAFG00845011974	ENSG00000258474	many_to_one	NA	NA	1	many_to_one:1
ENSCAFG00845011990	ENSG00000258474	many_to_one	NA	NA	1	many_to_one:1
ENSCAFG00845011999	ENSG00000257472	many_to_one	NA	NA	1	many_to_one:1
ENSCAFG00845012010	ENSG00000258386	one_to_one	ENSMUSG00000120607	one_to_one	2	one_to_one:2
ENSCAFG00845012013	ENSG00000250646	one_to_one	NA	NA	1	one_to_one:1
ENSCAFG00845012031	ENSG00000227602	one_to_one	NA	NA	1	one_to_one:1
ENSCAFG00845012049	NA	NA	ENSMUSG00000085575	one_to_one	1	one_to_one:1
ENSCAFG00845012058	ENSG00000274578	one_to_one	NA	NA	1	one_to_one:1
ENSCAFG00845012067	NA	NA	ENSMUSG00000120033	one_to_one	1	one_to_one:1
ENSCAFG00845012102	NA	NA	ENSMUSG00000112846	one_to_one	1	one_to_one:1
ENSCAFG00845012132	ENSG00000262873;ENSG00000262098	one_to_many	NA	NA	1	one_to_many:1
ENSCAFG00845012137	NA	NA	ENSMUSG00000110053	one_to_one	1	one_to_one:1
ENSCAFG00845012139	NA	NA	ENSMUSG00000117044	one_to_one	1	one_to_one:1
ENSCAFG00845012148	ENSG00000286928	one_to_one	NA	NA	1	one_to_one:1
ENSCAFG00845012181	ENSG00000248567	one_to_one	NA	NA	1	one_to_one:1
ENSCAFG00845012224	ENSG00000234300	one_to_one	NA	NA	1	one_to_one:1
ENSCAFG00845012265	ENSG00000232655	one_to_one	NA	NA	1	one_to_one:1
ENSCAFG00845012273	NA	NA	ENSMUSG00000120287	one_to_one	1	one_to_one:1
ENSCAFG00845012320	NA	NA	ENSMUSG00000120933;ENSMUSG00000121026	many_to_many_strict	1	many_to_many_strict:1
ENSCAFG00845012331	NA	NA	ENSMUSG00000120933;ENSMUSG00000121026	many_to_many_strict	1	many_to_many_strict:1
ENSCAFG00845012343	NA	NA	ENSMUSG00000054135	one_to_one	1	one_to_one:1
ENSCAFG00845012389	ENSG00000250280	one_to_one	NA	NA	1	one_to_one:1
ENSCAFG00845012441	ENSG00000286010	one_to_one	NA	NA	1	one_to_one:1
ENSCAFG00845012449	NA	NA	ENSMUSG00000117645	one_to_one	1	one_to_one:1
ENSCAFG00845012457	ENSG00000265369	many_to_one	ENSMUSG00000117404	many_to_one	2	many_to_one:2
ENSCAFG00845012467	ENSG00000265369	many_to_one	ENSMUSG00000117404	many_to_one	2	many_to_one:2
ENSCAFG00845012476	ENSG00000263677	many_to_one	ENSMUSG00000117613	many_to_one	2	many_to_one:2
ENSCAFG00845012482	ENSG00000265369	many_to_one	ENSMUSG00000117404	many_to_one	2	many_to_one:2
ENSCAFG00845012545	ENSG00000250909;ENSG00000251414	one_to_many	NA	NA	1	one_to_many:1
ENSCAFG00845012553	NA	NA	ENSMUSG00000099407	one_to_one	1	one_to_one:1
ENSCAFG00845012572	ENSG00000263677	many_to_one	ENSMUSG00000117613	many_to_one	2	many_to_one:2
ENSCAFG00845012579	ENSG00000265369	many_to_one	ENSMUSG00000117404	many_to_one	2	many_to_one:2
ENSCAFG00845012589	ENSG00000249859	many_to_one	ENSMUSG00000097039	many_to_one	2	many_to_one:2
ENSCAFG00845012649	ENSG00000249859	many_to_one	ENSMUSG00000097039	many_to_one	2	many_to_one:2
ENSCAFG00845012720	ENSG00000273576	one_to_one	NA	NA	1	one_to_one:1
ENSCAFG00845012730	ENSG00000260369	one_to_one	NA	NA	1	one_to_one:1
ENSCAFG00845012774	ENSG00000287506;ENSG00000263674	one_to_many	NA	NA	1	one_to_many:1
ENSCAFG00845012799	ENSG00000253973	one_to_one	NA	NA	1	one_to_one:1
ENSCAFG00845012801	ENSG00000226143	one_to_one	NA	NA	1	one_to_one:1
ENSCAFG00845012813	ENSG00000267755	one_to_one	NA	NA	1	one_to_one:1
ENSCAFG00845012817	NA	NA	ENSMUSG00000106688	one_to_one	1	one_to_one:1
ENSCAFG00845012921	ENSG00000273344;ENSG00000273183;ENSG00000272760	many_to_many	ENSMUSG00000120915	many_to_one	2	many_to_many:1;many_to_one:1
ENSCAFG00845012942	ENSG00000273344;ENSG00000273183;ENSG00000272760	many_to_many	ENSMUSG00000120915	many_to_one	2	many_to_many:1;many_to_one:1
ENSCAFG00845013054	ENSG00000287268	one_to_one	NA	NA	1	one_to_one:1
ENSCAFG00845013073	NA	NA	ENSMUSG00000097309	one_to_one	1	one_to_one:1
ENSCAFG00845013079	NA	NA	ENSMUSG00000121269	one_to_one	1	one_to_one:1
ENSCAFG00845013114	ENSG00000253307	one_to_one	NA	NA	1	one_to_one:1
ENSCAFG00845013133	NA	NA	ENSMUSG00000104529	one_to_one	1	one_to_one:1
ENSCAFG00845013242	ENSG00000287932	one_to_one	NA	NA	1	one_to_one:1
ENSCAFG00845013253	ENSG00000286742;ENSG00000237819	one_to_many	ENSMUSG00000106588;ENSMUSG00000105534	one_to_many	2	one_to_many:2
ENSCAFG00845013254	ENSG00000254291	one_to_one	NA	NA	1	one_to_one:1
ENSCAFG00845013280	ENSG00000230694;ENSG00000231756;ENSG00000234779	one_to_many	NA	NA	1	one_to_many:1
ENSCAFG00845013442	ENSG00000241111	one_to_one	NA	NA	1	one_to_one:1
ENSCAFG00845013455	ENSG00000286677;ENSG00000272128	one_to_many	NA	NA	1	one_to_many:1
ENSCAFG00845013464	NA	NA	ENSMUSG00000085418;ENSMUSG00000112555;ENSMUSG00000084764;ENSMUSG00000085454	one_to_many	1	one_to_many:1
ENSCAFG00845013466	NA	NA	ENSMUSG00000105339	one_to_one	1	one_to_one:1
ENSCAFG00845013503	NA	NA	ENSMUSG00000087482	many_to_one	1	many_to_one:1
ENSCAFG00845013508	NA	NA	ENSMUSG00000087482	many_to_one	1	many_to_one:1
ENSCAFG00845013510	NA	NA	ENSMUSG00000087482	many_to_one	1	many_to_one:1
ENSCAFG00845013519	NA	NA	ENSMUSG00000087482	many_to_one	1	many_to_one:1
ENSCAFG00845013523	NA	NA	ENSMUSG00000087482	many_to_one	1	many_to_one:1
ENSCAFG00845013530	NA	NA	ENSMUSG00000087482	many_to_one	1	many_to_one:1
ENSCAFG00845013537	NA	NA	ENSMUSG00000087482	many_to_one	1	many_to_one:1
ENSCAFG00845013538	NA	NA	ENSMUSG00000087482	many_to_one	1	many_to_one:1
ENSCAFG00845013541	ENSG00000285543	one_to_one	NA	NA	1	one_to_one:1
ENSCAFG00845013543	ENSG00000235038;ENSG00000226759;ENSG00000227935	one_to_many	NA	NA	1	one_to_many:1
ENSCAFG00845013609	ENSG00000287332	one_to_one	NA	NA	1	one_to_one:1
ENSCAFG00845013621	NA	NA	ENSMUSG00000090070	one_to_one	1	one_to_one:1
ENSCAFG00845013660	ENSG00000235872	one_to_one	NA	NA	1	one_to_one:1
ENSCAFG00845013752	ENSG00000235029;ENSG00000243479	one_to_many	NA	NA	1	one_to_many:1
ENSCAFG00845013756	ENSG00000236356	one_to_one	NA	NA	1	one_to_one:1
ENSCAFG00845013757	ENSG00000289393	one_to_one	NA	NA	1	one_to_one:1
ENSCAFG00845013760	ENSG00000236102	one_to_one	NA	NA	1	one_to_one:1
ENSCAFG00845013844	NA	NA	ENSMUSG00000108094	one_to_one	1	one_to_one:1
ENSCAFG00845013845	ENSG00000253344;ENSG00000254306;ENSG00000254290	one_to_many	ENSMUSG00000100335	one_to_one	2	one_to_many:1;one_to_one:1
ENSCAFG00845013851	ENSG00000250166	one_to_one	NA	NA	1	one_to_one:1
ENSCAFG00845013855	NA	NA	ENSMUSG00000112684	one_to_one	1	one_to_one:1
ENSCAFG00845013863	ENSG00000273824	one_to_one	ENSMUSG00000112470	one_to_one	2	one_to_one:2
ENSCAFG00845013909	ENSG00000249647	one_to_one	NA	NA	1	one_to_one:1
ENSCAFG00845013934	NA	NA	ENSMUSG00000101621	one_to_one	1	one_to_one:1
ENSCAFG00845013941	ENSG00000227748	one_to_one	ENSMUSG00000112573	one_to_one	2	one_to_one:2
ENSCAFG00845013964	ENSG00000196634	one_to_one	NA	NA	1	one_to_one:1
ENSCAFG00845014068	ENSG00000253452	one_to_one	NA	NA	1	one_to_one:1
ENSCAFG00845014174	ENSG00000264443	one_to_one	NA	NA	1	one_to_one:1
ENSCAFG00845014177	ENSG00000223872;ENSG00000234210;ENSG00000233191	one_to_many	NA	NA	1	one_to_many:1
ENSCAFG00845014259	NA	NA	ENSMUSG00000072683	one_to_one	1	one_to_one:1
ENSCAFG00845014275	ENSG00000272842;ENSG00000232978	one_to_many	NA	NA	1	one_to_many:1
ENSCAFG00845014357	ENSG00000275162	one_to_one	NA	NA	1	one_to_one:1
ENSCAFG00845014409	ENSG00000231992	one_to_one	NA	NA	1	one_to_one:1
ENSCAFG00845014420	NA	NA	ENSMUSG00000111637;ENSMUSG00000111758	one_to_many	1	one_to_many:1
ENSCAFG00845014571	NA	NA	ENSMUSG00000073778	one_to_one	1	one_to_one:1
ENSCAFG00845014572	NA	NA	ENSMUSG00000116380	one_to_one	1	one_to_one:1
ENSCAFG00845014581	ENSG00000253238	one_to_one	ENSMUSG00000103116	one_to_one	2	one_to_one:2
ENSCAFG00845014620	ENSG00000277022	one_to_one	NA	NA	1	one_to_one:1
ENSCAFG00845014652	ENSG00000232557	one_to_one	NA	NA	1	one_to_one:1
ENSCAFG00845014656	NA	NA	ENSMUSG00000101012	one_to_one	1	one_to_one:1
ENSCAFG00845014675	NA	NA	ENSMUSG00000089870	one_to_one	1	one_to_one:1
ENSCAFG00845014683	NA	NA	ENSMUSG00000072589	one_to_one	1	one_to_one:1
ENSCAFG00845014702	NA	NA	ENSMUSG00000120190	one_to_one	1	one_to_one:1
ENSCAFG00845014726	ENSG00000260583	one_to_one	NA	NA	1	one_to_one:1
ENSCAFG00845014729	NA	NA	ENSMUSG00000117019	one_to_one	1	one_to_one:1
ENSCAFG00845014778	ENSG00000267666	one_to_one	NA	NA	1	one_to_one:1
ENSCAFG00845014794	ENSG00000289242;ENSG00000253214	many_to_many	ENSMUSG00000120107	many_to_one	2	many_to_many:1;many_to_one:1
ENSCAFG00845014799	ENSG00000289242;ENSG00000253214	many_to_many	ENSMUSG00000120107	many_to_one	2	many_to_many:1;many_to_one:1
ENSCAFG00845014805	ENSG00000289242;ENSG00000253214	many_to_many	ENSMUSG00000120107	many_to_one	2	many_to_many:1;many_to_one:1
ENSCAFG00845014811	ENSG00000289242;ENSG00000253214	many_to_many	ENSMUSG00000120107	many_to_one	2	many_to_many:1;many_to_one:1
ENSCAFG00845014816	ENSG00000289242;ENSG00000253214	many_to_many	ENSMUSG00000120107	many_to_one	2	many_to_many:1;many_to_one:1
ENSCAFG00845014849	ENSG00000229891	one_to_one	NA	NA	1	one_to_one:1
ENSCAFG00845014882	ENSG00000226968	one_to_one	ENSMUSG00000107047	one_to_one	2	one_to_one:2
ENSCAFG00845014895	ENSG00000289586	one_to_one	NA	NA	1	one_to_one:1
ENSCAFG00845014930	ENSG00000254389	one_to_one	NA	NA	1	one_to_one:1
ENSCAFG00845014957	NA	NA	ENSMUSG00000120072	one_to_one	1	one_to_one:1
ENSCAFG00845015067	ENSG00000285802	one_to_one	NA	NA	1	one_to_one:1
ENSCAFG00845015101	ENSG00000251023	one_to_one	NA	NA	1	one_to_one:1
ENSCAFG00845015108	ENSG00000284640	one_to_one	NA	NA	1	one_to_one:1
ENSCAFG00845015225	ENSG00000283973	one_to_one	ENSMUSG00000120599	one_to_one	2	one_to_one:2
ENSCAFG00845015227	ENSG00000242767;ENSG00000241560;ENSG00000288896;ENSG00000242880;ENSG00000242290;ENSG00000239946;ENSG00000241295	one_to_many	ENSMUSG00000116903;ENSMUSG00000055370;ENSMUSG00000085499;ENSMUSG00000075070	one_to_many	2	one_to_many:2
ENSCAFG00845015237	ENSG00000227533	one_to_one	ENSMUSG00000086683	one_to_one	2	one_to_one:2
ENSCAFG00845015243	ENSG00000259976	one_to_one	NA	NA	1	one_to_one:1
ENSCAFG00845015374	ENSG00000249087	one_to_one	NA	NA	1	one_to_one:1
ENSCAFG00845015379	ENSG00000226917	one_to_one	NA	NA	1	one_to_one:1
ENSCAFG00845015381	ENSG00000272106	one_to_one	NA	NA	1	one_to_one:1
ENSCAFG00845015385	ENSG00000259319	one_to_one	ENSMUSG00000113165	one_to_one	2	one_to_one:2
ENSCAFG00845015446	NA	NA	ENSMUSG00000109759	one_to_one	1	one_to_one:1
ENSCAFG00845015466	ENSG00000267466	one_to_one	NA	NA	1	one_to_one:1
ENSCAFG00845015499	NA	NA	ENSMUSG00000086804;ENSMUSG00000086732	one_to_many	1	one_to_many:1
ENSCAFG00845015526	ENSG00000289014	one_to_one	NA	NA	1	one_to_one:1
ENSCAFG00845015541	ENSG00000271755	one_to_one	NA	NA	1	one_to_one:1
ENSCAFG00845015643	ENSG00000243276	one_to_one	NA	NA	1	one_to_one:1
ENSCAFG00845015649	ENSG00000237187	one_to_one	ENSMUSG00000087143	one_to_one	2	one_to_one:2
ENSCAFG00845015727	ENSG00000229458;ENSG00000287358;ENSG00000225738;ENSG00000285739	one_to_many	ENSMUSG00000093556;ENSMUSG00000093383;ENSMUSG00000093528	one_to_many	2	one_to_many:2
ENSCAFG00845015730	NA	NA	ENSMUSG00000106738	one_to_one	1	one_to_one:1
ENSCAFG00845015747	ENSG00000289617	one_to_one	NA	NA	1	one_to_one:1
ENSCAFG00845015799	NA	NA	ENSMUSG00000086859;ENSMUSG00000085104	many_to_many_strict	1	many_to_many_strict:1
ENSCAFG00845015826	NA	NA	ENSMUSG00000086859;ENSMUSG00000085104	many_to_many_strict	1	many_to_many_strict:1
ENSCAFG00845015860	ENSG00000267521	one_to_one	ENSMUSG00000086902	one_to_one	2	one_to_one:2
ENSCAFG00845015974	ENSG00000289077	one_to_one	NA	NA	1	one_to_one:1
ENSCAFG00845015981	ENSG00000230140	one_to_one	NA	NA	1	one_to_one:1
ENSCAFG00845015993	ENSG00000228488	many_to_one	NA	NA	1	many_to_one:1
ENSCAFG00845016003	ENSG00000286737	many_to_one	NA	NA	1	many_to_one:1
ENSCAFG00845016009	ENSG00000228488	many_to_one	NA	NA	1	many_to_one:1
ENSCAFG00845016020	ENSG00000286737	many_to_one	NA	NA	1	many_to_one:1
ENSCAFG00845016096	NA	NA	ENSMUSG00000038491	one_to_one	1	one_to_one:1
ENSCAFG00845016201	ENSG00000237259	one_to_one	NA	NA	1	one_to_one:1
ENSCAFG00845016216	NA	NA	ENSMUSG00000102357;ENSMUSG00000086921;ENSMUSG00000102517;ENSMUSG00000102136;ENSMUSG00000102816;ENSMUSG00000102494;ENSMUSG00000104284	many_to_many	1	many_to_many:1
ENSCAFG00845016219	ENSG00000249815	one_to_one	ENSMUSG00000104763;ENSMUSG00000106437	one_to_many	2	one_to_many:1;one_to_one:1
ENSCAFG00845016228	NA	NA	ENSMUSG00000102357;ENSMUSG00000086921;ENSMUSG00000102517;ENSMUSG00000102136;ENSMUSG00000102816;ENSMUSG00000102494;ENSMUSG00000104284	many_to_many	1	many_to_many:1
ENSCAFG00845016240	NA	NA	ENSMUSG00000098196	one_to_one	1	one_to_one:1
ENSCAFG00845016355	ENSG00000289294	one_to_one	NA	NA	1	one_to_one:1
ENSCAFG00845016414	ENSG00000268231	one_to_one	NA	NA	1	one_to_one:1
ENSCAFG00845016439	NA	NA	ENSMUSG00000093535	one_to_one	1	one_to_one:1
ENSCAFG00845016501	NA	NA	ENSMUSG00000110665;ENSMUSG00000110604	one_to_many	1	one_to_many:1
ENSCAFG00845016520	ENSG00000277152	one_to_one	ENSMUSG00000111058	one_to_one	2	one_to_one:2
ENSCAFG00845016539	ENSG00000275569	one_to_one	NA	NA	1	one_to_one:1
ENSCAFG00845016551	ENSG00000259483	one_to_one	NA	NA	1	one_to_one:1
ENSCAFG00845016554	ENSG00000286590	one_to_one	NA	NA	1	one_to_one:1
ENSCAFG00845016555	NA	NA	ENSMUSG00000091238	one_to_one	1	one_to_one:1
ENSCAFG00845016602	NA	NA	ENSMUSG00000120996	one_to_one	1	one_to_one:1
ENSCAFG00845016611	ENSG00000235772	one_to_one	NA	NA	1	one_to_one:1
ENSCAFG00845016710	ENSG00000246375	one_to_one	NA	NA	1	one_to_one:1
ENSCAFG00845016753	ENSG00000225092	one_to_one	NA	NA	1	one_to_one:1
ENSCAFG00845016779	ENSG00000287181;ENSG00000286978	one_to_many	NA	NA	1	one_to_many:1
ENSCAFG00845016783	ENSG00000286803	one_to_one	NA	NA	1	one_to_one:1
ENSCAFG00845016803	ENSG00000271789	one_to_one	NA	NA	1	one_to_one:1
ENSCAFG00845016883	NA	NA	ENSMUSG00000098302	one_to_one	1	one_to_one:1
ENSCAFG00845016890	ENSG00000272094	one_to_one	NA	NA	1	one_to_one:1
ENSCAFG00845016895	ENSG00000285532;ENSG00000225446	many_to_many_strict	NA	NA	1	many_to_many_strict:1
ENSCAFG00845016905	ENSG00000285532;ENSG00000225446	many_to_many_strict	NA	NA	1	many_to_many_strict:1
ENSCAFG00845016906	ENSG00000273619	one_to_one	NA	NA	1	one_to_one:1
ENSCAFG00845016960	ENSG00000266905	one_to_one	NA	NA	1	one_to_one:1
ENSCAFG00845016966	ENSG00000258803	one_to_one	ENSMUSG00000115756	one_to_one	2	one_to_one:2
ENSCAFG00845016970	ENSG00000233593	one_to_one	ENSMUSG00000097018	one_to_one	2	one_to_one:2
ENSCAFG00845017031	NA	NA	ENSMUSG00000020812	one_to_one	1	one_to_one:1
ENSCAFG00845017035	ENSG00000233633	one_to_one	NA	NA	1	one_to_one:1
ENSCAFG00845017086	ENSG00000248550	one_to_one	ENSMUSG00000098682	one_to_one	2	one_to_one:2
ENSCAFG00845017101	ENSG00000280989;ENSG00000231754	many_to_many_strict	ENSMUSG00000086363	many_to_one	2	many_to_many_strict:1;many_to_one:1
ENSCAFG00845017123	ENSG00000280989;ENSG00000231754	many_to_many_strict	ENSMUSG00000086363	many_to_one	2	many_to_many_strict:1;many_to_one:1
ENSCAFG00845017130	ENSG00000283480	one_to_one	NA	NA	1	one_to_one:1
ENSCAFG00845017150	ENSG00000267543	one_to_one	NA	NA	1	one_to_one:1
ENSCAFG00845017200	ENSG00000233296	one_to_one	NA	NA	1	one_to_one:1
ENSCAFG00845017236	ENSG00000237125	one_to_one	ENSMUSG00000100510	one_to_one	2	one_to_one:2
ENSCAFG00845017261	NA	NA	ENSMUSG00000087128;ENSMUSG00000085931	many_to_many_strict	1	many_to_many_strict:1
ENSCAFG00845017267	ENSG00000272050	one_to_one	ENSMUSG00000056061	one_to_one	2	one_to_one:2
ENSCAFG00845017276	NA	NA	ENSMUSG00000087128;ENSMUSG00000085931	many_to_many_strict	1	many_to_many_strict:1
ENSCAFG00845017277	ENSG00000289548	many_to_one	NA	NA	1	many_to_one:1
ENSCAFG00845017290	ENSG00000260542;ENSG00000174403	many_to_many_strict	ENSMUSG00000084843	many_to_one	2	many_to_many_strict:1;many_to_one:1
ENSCAFG00845017300	ENSG00000260542;ENSG00000174403	many_to_many_strict	ENSMUSG00000084843	many_to_one	2	many_to_many_strict:1;many_to_one:1
ENSCAFG00845017322	ENSG00000289548	many_to_one	NA	NA	1	many_to_one:1
ENSCAFG00845017328	ENSG00000266290	one_to_one	NA	NA	1	one_to_one:1
ENSCAFG00845017339	ENSG00000286584	one_to_one	NA	NA	1	one_to_one:1
ENSCAFG00845017341	ENSG00000240476	many_to_one	NA	NA	1	many_to_one:1
ENSCAFG00845017360	ENSG00000240476	many_to_one	NA	NA	1	many_to_one:1
ENSCAFG00845017364	ENSG00000286616	one_to_one	NA	NA	1	one_to_one:1
ENSCAFG00845017394	ENSG00000289634;ENSG00000174407;ENSG00000229882;ENSG00000264490	many_to_many	NA	NA	1	many_to_many:1
ENSCAFG00845017408	ENSG00000232121;ENSG00000273812	many_to_many	NA	NA	1	many_to_many:1
ENSCAFG00845017427	ENSG00000232121;ENSG00000273812	many_to_many	NA	NA	1	many_to_many:1
ENSCAFG00845017436	ENSG00000289634;ENSG00000174407;ENSG00000229882;ENSG00000264490	many_to_many	NA	NA	1	many_to_many:1
ENSCAFG00845017452	ENSG00000232121;ENSG00000273812	many_to_many	NA	NA	1	many_to_many:1
ENSCAFG00845017477	ENSG00000289634;ENSG00000174407;ENSG00000229882;ENSG00000264490	many_to_many	NA	NA	1	many_to_many:1
ENSCAFG00845017480	ENSG00000254680	one_to_one	NA	NA	1	one_to_one:1
ENSCAFG00845017486	NA	NA	ENSMUSG00000120245	one_to_one	1	one_to_one:1
ENSCAFG00845017601	ENSG00000228421	one_to_one	ENSMUSG00000108255;ENSMUSG00000108175	one_to_many	2	one_to_many:1;one_to_one:1
ENSCAFG00845017643	NA	NA	ENSMUSG00000097302	many_to_one	1	many_to_one:1
ENSCAFG00845017649	ENSG00000248719	one_to_one	ENSMUSG00000045238	one_to_one	2	one_to_one:2
ENSCAFG00845017653	ENSG00000224541;ENSG00000233783;ENSG00000273492	one_to_many	ENSMUSG00000115469;ENSMUSG00000114988;ENSMUSG00000115518	one_to_many	2	one_to_many:2
ENSCAFG00845017654	NA	NA	ENSMUSG00000097302	many_to_one	1	many_to_one:1
ENSCAFG00845017712	ENSG00000273115	one_to_one	NA	NA	1	one_to_one:1
ENSCAFG00845017730	ENSG00000228705	one_to_one	NA	NA	1	one_to_one:1
ENSCAFG00845017740	ENSG00000248174;ENSG00000250957;ENSG00000251213;ENSG00000289179	many_to_many	NA	NA	1	many_to_many:1
ENSCAFG00845017753	ENSG00000248174;ENSG00000250957;ENSG00000251213;ENSG00000289179	many_to_many	NA	NA	1	many_to_many:1
ENSCAFG00845017845	ENSG00000232006;ENSG00000228680;ENSG00000231638	one_to_many	ENSMUSG00000113654	one_to_one	2	one_to_many:1;one_to_one:1
ENSCAFG00845017881	ENSG00000250555;ENSG00000245864;ENSG00000289008	many_to_many	ENSMUSG00000097265	many_to_one	2	many_to_many:1;many_to_one:1
ENSCAFG00845017914	ENSG00000250377;ENSG00000245526	one_to_many	ENSMUSG00000050334	one_to_one	2	one_to_many:1;one_to_one:1
ENSCAFG00845017925	NA	NA	ENSMUSG00000110310	one_to_one	1	one_to_one:1
ENSCAFG00845017979	ENSG00000261222	one_to_one	NA	NA	1	one_to_one:1
ENSCAFG00845018009	NA	NA	ENSMUSG00000109604	many_to_one	1	many_to_one:1
ENSCAFG00845018016	ENSG00000250555;ENSG00000245864;ENSG00000289008	many_to_many	ENSMUSG00000097265	many_to_one	2	many_to_many:1;many_to_one:1
ENSCAFG00845018023	NA	NA	ENSMUSG00000109604	many_to_one	1	many_to_one:1
ENSCAFG00845018024	NA	NA	ENSMUSG00000120928	one_to_one	1	one_to_one:1
ENSCAFG00845018048	ENSG00000272320	one_to_one	NA	NA	1	one_to_one:1
ENSCAFG00845018049	ENSG00000259360;ENSG00000259221;ENSG00000259588	one_to_many	ENSMUSG00000086954;ENSMUSG00000085496	one_to_many	2	one_to_many:2
ENSCAFG00845018054	ENSG00000247828	one_to_one	ENSMUSG00000097292	one_to_one	2	one_to_one:2
ENSCAFG00845018059	NA	NA	ENSMUSG00000117994	one_to_one	1	one_to_one:1
ENSCAFG00845018073	ENSG00000261757	one_to_one	NA	NA	1	one_to_one:1
ENSCAFG00845018092	ENSG00000239205	one_to_one	NA	NA	1	one_to_one:1
ENSCAFG00845018105	ENSG00000224533;ENSG00000225393	one_to_many	NA	NA	1	one_to_many:1
ENSCAFG00845018124	ENSG00000289256	one_to_one	ENSMUSG00000119997;ENSMUSG00000087014	one_to_many	2	one_to_many:1;one_to_one:1
ENSCAFG00845018143	ENSG00000227012	many_to_one	NA	NA	1	many_to_one:1
ENSCAFG00845018158	NA	NA	ENSMUSG00000111183	many_to_one	1	many_to_one:1
ENSCAFG00845018173	NA	NA	ENSMUSG00000111183	many_to_one	1	many_to_one:1
ENSCAFG00845018186	ENSG00000285216	one_to_one	NA	NA	1	one_to_one:1
ENSCAFG00845018189	ENSG00000227012	many_to_one	NA	NA	1	many_to_one:1
ENSCAFG00845018201	NA	NA	ENSMUSG00000103428	one_to_one	1	one_to_one:1
ENSCAFG00845018236	NA	NA	ENSMUSG00000117911	many_to_one	1	many_to_one:1
ENSCAFG00845018257	NA	NA	ENSMUSG00000117911	many_to_one	1	many_to_one:1
ENSCAFG00845018273	NA	NA	ENSMUSG00000117911	many_to_one	1	many_to_one:1
ENSCAFG00845018293	NA	NA	ENSMUSG00000117911	many_to_one	1	many_to_one:1
ENSCAFG00845018305	NA	NA	ENSMUSG00000117911	many_to_one	1	many_to_one:1
ENSCAFG00845018340	ENSG00000288904;ENSG00000230648	one_to_many	ENSMUSG00000113170	one_to_one	2	one_to_many:1;one_to_one:1
ENSCAFG00845018451	ENSG00000276900	one_to_one	NA	NA	1	one_to_one:1
ENSCAFG00845018453	ENSG00000226520	one_to_one	NA	NA	1	one_to_one:1
ENSCAFG00845018566	NA	NA	ENSMUSG00000114057	one_to_one	1	one_to_one:1
ENSCAFG00845018607	ENSG00000289403	one_to_one	NA	NA	1	one_to_one:1
ENSCAFG00845018643	ENSG00000249008;ENSG00000287544	many_to_many_strict	NA	NA	1	many_to_many_strict:1
ENSCAFG00845018648	ENSG00000286735	one_to_one	NA	NA	1	one_to_one:1
ENSCAFG00845018649	NA	NA	ENSMUSG00000087544	many_to_one	1	many_to_one:1
ENSCAFG00845018665	NA	NA	ENSMUSG00000087544	many_to_one	1	many_to_one:1
ENSCAFG00845018676	ENSG00000249008;ENSG00000287544	many_to_many_strict	NA	NA	1	many_to_many_strict:1
ENSCAFG00845018680	NA	NA	ENSMUSG00000120240	one_to_one	1	one_to_one:1
ENSCAFG00845018706	ENSG00000249458	many_to_one	NA	NA	1	many_to_one:1
ENSCAFG00845018756	ENSG00000249458	many_to_one	NA	NA	1	many_to_one:1
ENSCAFG00845018769	ENSG00000249458	many_to_one	NA	NA	1	many_to_one:1
ENSCAFG00845018780	ENSG00000249458	many_to_one	NA	NA	1	many_to_one:1
ENSCAFG00845018844	ENSG00000272183	one_to_one	NA	NA	1	one_to_one:1
ENSCAFG00845018871	ENSG00000280213	one_to_one	ENSMUSG00000010492	one_to_one	2	one_to_one:2
ENSCAFG00845018900	NA	NA	ENSMUSG00000113910	one_to_one	1	one_to_one:1
ENSCAFG00845018902	NA	NA	ENSMUSG00000111803	one_to_one	1	one_to_one:1
ENSCAFG00845018903	NA	NA	ENSMUSG00000117772	one_to_one	1	one_to_one:1
ENSCAFG00845018911	ENSG00000258658	one_to_one	NA	NA	1	one_to_one:1
ENSCAFG00845018914	ENSG00000223837	one_to_one	NA	NA	1	one_to_one:1
ENSCAFG00845018927	NA	NA	ENSMUSG00000084828	one_to_one	1	one_to_one:1
ENSCAFG00845018950	ENSG00000249125	one_to_one	NA	NA	1	one_to_one:1
ENSCAFG00845019009	ENSG00000241648;ENSG00000239519	one_to_many	ENSMUSG00000092599;ENSMUSG00000045178	one_to_many	2	one_to_many:2
ENSCAFG00845019122	ENSG00000245552	one_to_one	NA	NA	1	one_to_one:1
ENSCAFG00845019136	ENSG00000228794;ENSG00000241180;ENSG00000272438;ENSG00000288531;ENSG00000230699	many_to_many	NA	NA	1	many_to_many:1
ENSCAFG00845019142	ENSG00000229196	one_to_one	NA	NA	1	one_to_one:1
ENSCAFG00845019155	ENSG00000228794;ENSG00000241180;ENSG00000272438;ENSG00000288531;ENSG00000230699	many_to_many	NA	NA	1	many_to_many:1
ENSCAFG00845019165	ENSG00000228794;ENSG00000241180;ENSG00000272438;ENSG00000288531;ENSG00000230699	many_to_many	NA	NA	1	many_to_many:1
ENSCAFG00845019278	NA	NA	ENSMUSG00000120269	many_to_one	1	many_to_one:1
ENSCAFG00845019287	NA	NA	ENSMUSG00000106367	many_to_one	1	many_to_one:1
ENSCAFG00845019292	NA	NA	ENSMUSG00000110814	one_to_one	1	one_to_one:1
ENSCAFG00845019300	NA	NA	ENSMUSG00000120269	many_to_one	1	many_to_one:1
ENSCAFG00845019310	NA	NA	ENSMUSG00000106367	many_to_one	1	many_to_one:1
ENSCAFG00845019325	ENSG00000285605	many_to_one	ENSMUSG00000118315;ENSMUSG00000117674	many_to_many_strict	2	many_to_many_strict:1;many_to_one:1
ENSCAFG00845019338	ENSG00000286985	one_to_one	NA	NA	1	one_to_one:1
ENSCAFG00845019344	ENSG00000232354	one_to_one	NA	NA	1	one_to_one:1
ENSCAFG00845019352	NA	NA	ENSMUSG00000114898	one_to_one	1	one_to_one:1
ENSCAFG00845019366	ENSG00000285605	many_to_one	ENSMUSG00000118315;ENSMUSG00000117674	many_to_many_strict	2	many_to_many_strict:1;many_to_one:1
ENSCAFG00845019467	ENSG00000267734	one_to_one	NA	NA	1	one_to_one:1
ENSCAFG00845019577	NA	NA	ENSMUSG00000113030	one_to_one	1	one_to_one:1
ENSCAFG00845019631	NA	NA	ENSMUSG00000121212	many_to_one	1	many_to_one:1
ENSCAFG00845019632	ENSG00000278158	one_to_one	NA	NA	1	one_to_one:1
ENSCAFG00845019635	ENSG00000244036	one_to_one	NA	NA	1	one_to_one:1
ENSCAFG00845019637	NA	NA	ENSMUSG00000115970	one_to_one	1	one_to_one:1
ENSCAFG00845019682	ENSG00000206417	one_to_one	ENSMUSG00000084950	one_to_one	2	one_to_one:2
ENSCAFG00845019690	ENSG00000286965	one_to_one	ENSMUSG00000100354	one_to_one	2	one_to_one:2
ENSCAFG00845019713	ENSG00000236572	many_to_one	NA	NA	1	many_to_one:1
ENSCAFG00845019722	ENSG00000236572	many_to_one	NA	NA	1	many_to_one:1
ENSCAFG00845019732	ENSG00000236572	many_to_one	NA	NA	1	many_to_one:1
ENSCAFG00845019771	NA	NA	ENSMUSG00000121050	one_to_one	1	one_to_one:1
ENSCAFG00845019779	NA	NA	ENSMUSG00000121212	many_to_one	1	many_to_one:1
ENSCAFG00845019808	ENSG00000228950	one_to_one	NA	NA	1	one_to_one:1
ENSCAFG00845019893	NA	NA	ENSMUSG00000116769	many_to_one	1	many_to_one:1
ENSCAFG00845019904	NA	NA	ENSMUSG00000116769	many_to_one	1	many_to_one:1
ENSCAFG00845019915	NA	NA	ENSMUSG00000116769	many_to_one	1	many_to_one:1
ENSCAFG00845019932	NA	NA	ENSMUSG00000116769	many_to_one	1	many_to_one:1
ENSCAFG00845019942	NA	NA	ENSMUSG00000116769	many_to_one	1	many_to_one:1
ENSCAFG00845019958	NA	NA	ENSMUSG00000116769	many_to_one	1	many_to_one:1
ENSCAFG00845019973	ENSG00000261101	one_to_one	NA	NA	1	one_to_one:1
ENSCAFG00845019981	ENSG00000227528;ENSG00000223815	one_to_many	NA	NA	1	one_to_many:1
ENSCAFG00845019994	ENSG00000289605	one_to_one	NA	NA	1	one_to_one:1
ENSCAFG00845019997	ENSG00000227336	one_to_one	NA	NA	1	one_to_one:1
ENSCAFG00845019998	ENSG00000289885	one_to_one	NA	NA	1	one_to_one:1
ENSCAFG00845020033	ENSG00000196096	one_to_one	NA	NA	1	one_to_one:1
ENSCAFG00845020052	ENSG00000235886	one_to_one	ENSMUSG00000111146	one_to_one	2	one_to_one:2
ENSCAFG00845020062	NA	NA	ENSMUSG00000111192	one_to_one	1	one_to_one:1
ENSCAFG00845020194	ENSG00000290079	one_to_one	NA	NA	1	one_to_one:1
ENSCAFG00845020205	ENSG00000259488	one_to_one	NA	NA	1	one_to_one:1
ENSCAFG00845020254	ENSG00000282012	one_to_one	NA	NA	1	one_to_one:1
ENSCAFG00845020262	ENSG00000222000	one_to_one	NA	NA	1	one_to_one:1
ENSCAFG00845020310	ENSG00000258323	one_to_one	NA	NA	1	one_to_one:1
ENSCAFG00845020376	ENSG00000265148	one_to_one	ENSMUSG00000120559	one_to_one	2	one_to_one:2
ENSCAFG00845020409	ENSG00000228639;ENSG00000234899	many_to_many	NA	NA	1	many_to_many:1
ENSCAFG00845020422	ENSG00000230923	one_to_one	NA	NA	1	one_to_one:1
ENSCAFG00845020426	ENSG00000235848	one_to_one	NA	NA	1	one_to_one:1
ENSCAFG00845020427	ENSG00000228639;ENSG00000234899	many_to_many	NA	NA	1	many_to_many:1
ENSCAFG00845020450	ENSG00000228639;ENSG00000234899	many_to_many	NA	NA	1	many_to_many:1
ENSCAFG00845020477	ENSG00000232973	one_to_one	NA	NA	1	one_to_one:1
ENSCAFG00845020481	NA	NA	ENSMUSG00000120886	one_to_one	1	one_to_one:1
ENSCAFG00845020505	ENSG00000227292	one_to_one	NA	NA	1	one_to_one:1
ENSCAFG00845020529	NA	NA	ENSMUSG00000087199	one_to_one	1	one_to_one:1
ENSCAFG00845020547	NA	NA	ENSMUSG00000116480	one_to_one	1	one_to_one:1
ENSCAFG00845020563	ENSG00000273006	one_to_one	ENSMUSG00000117426;ENSMUSG00000117616	one_to_many	2	one_to_many:1;one_to_one:1
ENSCAFG00845020577	ENSG00000287449	one_to_one	NA	NA	1	one_to_one:1
ENSCAFG00845020598	NA	NA	ENSMUSG00000108421	one_to_one	1	one_to_one:1
ENSCAFG00845020623	ENSG00000257456	one_to_one	ENSMUSG00000108148	one_to_one	2	one_to_one:2
ENSCAFG00845020629	ENSG00000237234	one_to_one	NA	NA	1	one_to_one:1
ENSCAFG00845020639	ENSG00000270661;ENSG00000271208	one_to_many	NA	NA	1	one_to_many:1
ENSCAFG00845020642	ENSG00000254566;ENSG00000255060	one_to_many	ENSMUSG00000087465	one_to_one	2	one_to_many:1;one_to_one:1
ENSCAFG00845020648	NA	NA	ENSMUSG00000101242	one_to_one	1	one_to_one:1
ENSCAFG00845020663	NA	NA	ENSMUSG00000111629	one_to_one	1	one_to_one:1
ENSCAFG00845020719	ENSG00000289857	one_to_one	NA	NA	1	one_to_one:1
ENSCAFG00845020737	ENSG00000228709	one_to_one	NA	NA	1	one_to_one:1
ENSCAFG00845020760	ENSG00000257322	one_to_one	ENSMUSG00000112400;ENSMUSG00000112599	one_to_many	2	one_to_many:1;one_to_one:1
ENSCAFG00845020833	ENSG00000233656	one_to_one	NA	NA	1	one_to_one:1
ENSCAFG00845020891	NA	NA	ENSMUSG00000084984	one_to_one	1	one_to_one:1
ENSCAFG00845021034	NA	NA	ENSMUSG00000073236	one_to_one	1	one_to_one:1
ENSCAFG00845021070	ENSG00000260288;ENSG00000291009	one_to_many	NA	NA	1	one_to_many:1
ENSCAFG00845021091	ENSG00000225102	one_to_one	NA	NA	1	one_to_one:1
ENSCAFG00845021114	ENSG00000259281;ENSG00000259213;ENSG00000259666	many_to_many	NA	NA	1	many_to_many:1
ENSCAFG00845021140	ENSG00000259281;ENSG00000259213;ENSG00000259666	many_to_many	NA	NA	1	many_to_many:1
ENSCAFG00845021146	NA	NA	ENSMUSG00000085416	one_to_one	1	one_to_one:1
ENSCAFG00845021189	NA	NA	ENSMUSG00000120672	one_to_one	1	one_to_one:1
ENSCAFG00845021227	ENSG00000289572;ENSG00000227927	one_to_many	NA	NA	1	one_to_many:1
ENSCAFG00845021260	ENSG00000261472	many_to_one	ENSMUSG00000110592	many_to_one	2	many_to_one:2
ENSCAFG00845021337	ENSG00000261472	many_to_one	ENSMUSG00000110592	many_to_one	2	many_to_one:2
ENSCAFG00845021356	ENSG00000261472	many_to_one	ENSMUSG00000110592	many_to_one	2	many_to_one:2
ENSCAFG00845021365	ENSG00000261472	many_to_one	ENSMUSG00000110592	many_to_one	2	many_to_one:2
ENSCAFG00845021384	NA	NA	ENSMUSG00000114695	one_to_one	1	one_to_one:1
ENSCAFG00845021391	ENSG00000261472	many_to_one	ENSMUSG00000110592	many_to_one	2	many_to_one:2
ENSCAFG00845021449	ENSG00000271382	one_to_one	ENSMUSG00000112481;ENSMUSG00000112501	one_to_many	2	one_to_many:1;one_to_one:1
ENSCAFG00845021699	ENSG00000290022	one_to_one	NA	NA	1	one_to_one:1
ENSCAFG00845021848	ENSG00000183250	one_to_one	NA	NA	1	one_to_one:1
ENSCAFG00845021889	NA	NA	ENSMUSG00000086227	one_to_one	1	one_to_one:1
ENSCAFG00845021899	ENSG00000289971	one_to_one	NA	NA	1	one_to_one:1
ENSCAFG00845021917	NA	NA	ENSMUSG00000052724	one_to_one	1	one_to_one:1
ENSCAFG00845021920	ENSG00000234880;ENSG00000261706;ENSG00000275874	one_to_many	ENSMUSG00000112818	one_to_one	2	one_to_many:1;one_to_one:1
ENSCAFG00845021938	ENSG00000235499	one_to_one	NA	NA	1	one_to_one:1
ENSCAFG00845021968	NA	NA	ENSMUSG00000101608	many_to_one	1	many_to_one:1
ENSCAFG00845021980	NA	NA	ENSMUSG00000101608	many_to_one	1	many_to_one:1
ENSCAFG00845021997	NA	NA	ENSMUSG00000120517	one_to_one	1	one_to_one:1
ENSCAFG00845022067	NA	NA	ENSMUSG00000085639;ENSMUSG00000106951;ENSMUSG00000108207;ENSMUSG00000085971;ENSMUSG00000106892;ENSMUSG00000085237	one_to_many	1	one_to_many:1
ENSCAFG00845022083	NA	NA	ENSMUSG00000113265	one_to_one	1	one_to_one:1
ENSCAFG00845022124	ENSG00000261829	one_to_one	NA	NA	1	one_to_one:1
ENSCAFG00845022149	NA	NA	ENSMUSG00000086889	one_to_one	1	one_to_one:1
ENSCAFG00845022152	ENSG00000246339	one_to_one	NA	NA	1	one_to_one:1
ENSCAFG00845022159	ENSG00000230090;ENSG00000224128	one_to_many	ENSMUSG00000120751	one_to_one	2	one_to_many:1;one_to_one:1
ENSCAFG00845022177	ENSG00000232643	one_to_one	ENSMUSG00000087647;ENSMUSG00000085740	one_to_many	2	one_to_many:1;one_to_one:1
ENSCAFG00845022179	ENSG00000289031	one_to_one	NA	NA	1	one_to_one:1
ENSCAFG00845022182	ENSG00000224511;ENSG00000232117	one_to_many	NA	NA	1	one_to_many:1
ENSCAFG00845022228	ENSG00000258499	one_to_one	NA	NA	1	one_to_one:1
ENSCAFG00845022230	ENSG00000242540	one_to_one	NA	NA	1	one_to_one:1
ENSCAFG00845022249	ENSG00000236106	one_to_one	NA	NA	1	one_to_one:1
ENSCAFG00845022254	NA	NA	ENSMUSG00000085135	one_to_one	1	one_to_one:1
ENSCAFG00845022291	NA	NA	ENSMUSG00000085025	one_to_one	1	one_to_one:1
ENSCAFG00845022321	ENSG00000223571	one_to_one	NA	NA	1	one_to_one:1
ENSCAFG00845022375	ENSG00000272211	one_to_one	NA	NA	1	one_to_one:1
ENSCAFG00845022376	NA	NA	ENSMUSG00000107999	one_to_one	1	one_to_one:1
ENSCAFG00845022428	ENSG00000250344	one_to_one	NA	NA	1	one_to_one:1
ENSCAFG00845022473	NA	NA	ENSMUSG00000053420	one_to_one	1	one_to_one:1
ENSCAFG00845022560	ENSG00000266402	one_to_one	ENSMUSG00000120012	one_to_one	2	one_to_one:2
ENSCAFG00845022594	ENSG00000237298	one_to_one	NA	NA	1	one_to_one:1
ENSCAFG00845022672	ENSG00000229056	one_to_one	NA	NA	1	one_to_one:1
ENSCAFG00845022704	ENSG00000272894	one_to_one	NA	NA	1	one_to_one:1
ENSCAFG00845022760	NA	NA	ENSMUSG00000080058	one_to_one	1	one_to_one:1
ENSCAFG00845022798	ENSG00000255438	one_to_one	NA	NA	1	one_to_one:1
ENSCAFG00845022844	NA	NA	ENSMUSG00000085046;ENSMUSG00000085618	one_to_many	1	one_to_many:1
ENSCAFG00845022886	NA	NA	ENSMUSG00000111809	many_to_one	1	many_to_one:1
ENSCAFG00845022908	NA	NA	ENSMUSG00000111809	many_to_one	1	many_to_one:1
ENSCAFG00845022927	NA	NA	ENSMUSG00000097413	one_to_one	1	one_to_one:1
ENSCAFG00845022967	NA	NA	ENSMUSG00000106845	many_to_one	1	many_to_one:1
ENSCAFG00845022968	NA	NA	ENSMUSG00000110035	one_to_one	1	one_to_one:1
ENSCAFG00845022973	NA	NA	ENSMUSG00000106845	many_to_one	1	many_to_one:1
ENSCAFG00845022979	ENSG00000229989	one_to_one	ENSMUSG00000098206;ENSMUSG00000098243	one_to_many	2	one_to_many:1;one_to_one:1
ENSCAFG00845022986	ENSG00000272745	one_to_one	NA	NA	1	one_to_one:1
ENSCAFG00845023011	ENSG00000248517	one_to_one	ENSMUSG00000109612	one_to_one	2	one_to_one:2
ENSCAFG00845023029	ENSG00000290039	one_to_one	NA	NA	1	one_to_one:1
ENSCAFG00845023072	ENSG00000272905	one_to_one	NA	NA	1	one_to_one:1
ENSCAFG00845023152	ENSG00000286869	one_to_one	NA	NA	1	one_to_one:1
ENSCAFG00845023162	ENSG00000288848	one_to_one	NA	NA	1	one_to_one:1
ENSCAFG00845023181	NA	NA	ENSMUSG00000116725	one_to_one	1	one_to_one:1
ENSCAFG00845023213	ENSG00000289526	one_to_one	NA	NA	1	one_to_one:1
ENSCAFG00845023287	ENSG00000288794	one_to_one	NA	NA	1	one_to_one:1
ENSCAFG00845023309	NA	NA	ENSMUSG00000104874;ENSMUSG00000105229	one_to_many	1	one_to_many:1
ENSCAFG00845023322	ENSG00000235527	one_to_one	ENSMUSG00000085754	one_to_one	2	one_to_one:2
ENSCAFG00845023328	ENSG00000251199	one_to_one	NA	NA	1	one_to_one:1
ENSCAFG00845023468	ENSG00000288928	one_to_one	NA	NA	1	one_to_one:1
ENSCAFG00845023476	ENSG00000250241	one_to_one	ENSMUSG00000097040	one_to_one	2	one_to_one:2
ENSCAFG00845023863	ENSG00000276523	one_to_one	NA	NA	1	one_to_one:1
ENSCAFG00845023880	NA	NA	ENSMUSG00000111366	many_to_one	1	many_to_one:1
ENSCAFG00845023891	ENSG00000258292	one_to_one	NA	NA	1	one_to_one:1
ENSCAFG00845023904	ENSG00000223446	one_to_one	NA	NA	1	one_to_one:1
ENSCAFG00845023906	NA	NA	ENSMUSG00000111366	many_to_one	1	many_to_one:1
ENSCAFG00845023910	NA	NA	ENSMUSG00000090257	many_to_one	1	many_to_one:1
ENSCAFG00845023933	NA	NA	ENSMUSG00000090257	many_to_one	1	many_to_one:1
ENSCAFG00845023946	ENSG00000212694	one_to_one	NA	NA	1	one_to_one:1
ENSCAFG00845023947	NA	NA	ENSMUSG00000120706	one_to_one	1	one_to_one:1
ENSCAFG00845023963	NA	NA	ENSMUSG00000105881	one_to_one	1	one_to_one:1
ENSCAFG00845023964	NA	NA	ENSMUSG00000097743	one_to_one	1	one_to_one:1
ENSCAFG00845023998	ENSG00000289224	one_to_one	NA	NA	1	one_to_one:1
ENSCAFG00845023999	NA	NA	ENSMUSG00000104925	one_to_one	1	one_to_one:1
ENSCAFG00845024033	NA	NA	ENSMUSG00000097665	one_to_one	1	one_to_one:1
ENSCAFG00845024037	ENSG00000289259;ENSG00000289740;ENSG00000279243;ENSG00000290061;ENSG00000270117;ENSG00000289883	one_to_many	NA	NA	1	one_to_many:1
ENSCAFG00845024046	ENSG00000251562;ENSG00000286756	many_to_many_strict	ENSMUSG00000092341	many_to_one	2	many_to_many_strict:1;many_to_one:1
ENSCAFG00845024049	NA	NA	ENSMUSG00000108166	one_to_one	1	one_to_one:1
ENSCAFG00845024060	ENSG00000251562;ENSG00000286756	many_to_many_strict	ENSMUSG00000092341	many_to_one	2	many_to_many_strict:1;many_to_one:1
ENSCAFG00845024063	ENSG00000279277	one_to_one	ENSMUSG00000120744	one_to_one	2	one_to_one:2
ENSCAFG00845024131	NA	NA	ENSMUSG00000107737	one_to_one	1	one_to_one:1
ENSCAFG00845024153	ENSG00000290056	many_to_one	ENSMUSG00000084766	many_to_one	2	many_to_one:2
ENSCAFG00845024155	ENSG00000215483	one_to_one	NA	NA	1	one_to_one:1
ENSCAFG00845024165	ENSG00000290056	many_to_one	ENSMUSG00000084766	many_to_one	2	many_to_one:2
ENSCAFG00845024209	ENSG00000261645	one_to_one	NA	NA	1	one_to_one:1
ENSCAFG00845024262	ENSG00000257935	one_to_one	ENSMUSG00000098649	one_to_one	2	one_to_one:2
ENSCAFG00845024286	ENSG00000249710	one_to_one	NA	NA	1	one_to_one:1
ENSCAFG00845024312	ENSG00000232077	one_to_one	NA	NA	1	one_to_one:1
ENSCAFG00845024324	ENSG00000250899	one_to_one	NA	NA	1	one_to_one:1
ENSCAFG00845024368	ENSG00000254337;ENSG00000253658	one_to_many	NA	NA	1	one_to_many:1
ENSCAFG00845024376	ENSG00000288743	one_to_one	NA	NA	1	one_to_one:1
ENSCAFG00845024529	NA	NA	ENSMUSG00000085284	one_to_one	1	one_to_one:1
ENSCAFG00845024548	ENSG00000245311	one_to_one	NA	NA	1	one_to_one:1
ENSCAFG00845024560	ENSG00000288971	one_to_one	NA	NA	1	one_to_one:1
ENSCAFG00845024674	ENSG00000258235	one_to_one	NA	NA	1	one_to_one:1
ENSCAFG00845024765	ENSG00000261713	one_to_one	NA	NA	1	one_to_one:1
ENSCAFG00845024835	ENSG00000259603	one_to_one	NA	NA	1	one_to_one:1
ENSCAFG00845024858	ENSG00000261058	one_to_one	NA	NA	1	one_to_one:1
ENSCAFG00845025005	ENSG00000230333	one_to_one	NA	NA	1	one_to_one:1
ENSCAFG00845025039	NA	NA	ENSMUSG00000112564	one_to_one	1	one_to_one:1
ENSCAFG00845025053	ENSG00000261105	one_to_one	NA	NA	1	one_to_one:1
ENSCAFG00845025071	ENSG00000288886;ENSG00000289082	one_to_many	ENSMUSG00000121087	one_to_one	2	one_to_many:1;one_to_one:1
ENSCAFG00845025083	ENSG00000261553	one_to_one	NA	NA	1	one_to_one:1
ENSCAFG00845025092	ENSG00000224855	one_to_one	NA	NA	1	one_to_one:1
ENSCAFG00845025097	NA	NA	ENSMUSG00000053821	one_to_one	1	one_to_one:1
ENSCAFG00845025110	ENSG00000287387	one_to_one	NA	NA	1	one_to_one:1
ENSCAFG00845025115	NA	NA	ENSMUSG00000085444	one_to_one	1	one_to_one:1
ENSCAFG00845025179	ENSG00000236617;ENSG00000250790	one_to_many	ENSMUSG00000105541	one_to_one	2	one_to_many:1;one_to_one:1
ENSCAFG00845025224	NA	NA	ENSMUSG00000120611	one_to_one	1	one_to_one:1
ENSCAFG00845025271	ENSG00000287488	one_to_one	NA	NA	1	one_to_one:1
ENSCAFG00845025298	ENSG00000289013;ENSG00000288992	many_to_many_strict	NA	NA	1	many_to_many_strict:1
ENSCAFG00845025299	ENSG00000259280	one_to_one	NA	NA	1	one_to_one:1
ENSCAFG00845025310	ENSG00000289013;ENSG00000288992	many_to_many_strict	NA	NA	1	many_to_many_strict:1
ENSCAFG00845025315	ENSG00000287468	many_to_one	NA	NA	1	many_to_one:1
ENSCAFG00845025421	ENSG00000287468	many_to_one	NA	NA	1	many_to_one:1
ENSCAFG00845025422	ENSG00000245614	one_to_one	NA	NA	1	one_to_one:1
ENSCAFG00845025454	ENSG00000287114	one_to_one	NA	NA	1	one_to_one:1
ENSCAFG00845025537	ENSG00000230753	one_to_one	NA	NA	1	one_to_one:1
ENSCAFG00845025557	NA	NA	ENSMUSG00000107688	one_to_one	1	one_to_one:1
ENSCAFG00845025573	ENSG00000274444	one_to_one	NA	NA	1	one_to_one:1
ENSCAFG00845025685	ENSG00000273987	one_to_one	NA	NA	1	one_to_one:1
ENSCAFG00845025710	ENSG00000272657	one_to_one	NA	NA	1	one_to_one:1
ENSCAFG00845025720	ENSG00000227456	one_to_one	NA	NA	1	one_to_one:1
ENSCAFG00845025747	ENSG00000214955	many_to_one	NA	NA	1	many_to_one:1
ENSCAFG00845025769	ENSG00000214955	many_to_one	NA	NA	1	many_to_one:1
ENSCAFG00845025799	NA	NA	ENSMUSG00000120797	one_to_one	1	one_to_one:1
ENSCAFG00845025933	ENSG00000224138	one_to_one	NA	NA	1	one_to_one:1
ENSCAFG00845026033	ENSG00000285572	one_to_one	NA	NA	1	one_to_one:1
ENSCAFG00845026192	ENSG00000231621;ENSG00000225979	one_to_many	ENSMUSG00000101674	one_to_one	2	one_to_many:1;one_to_one:1
ENSCAFG00845026274	ENSG00000234584	one_to_one	NA	NA	1	one_to_one:1
ENSCAFG00845026338	ENSG00000232360	one_to_one	ENSMUSG00000116763	one_to_one	2	one_to_one:2
ENSCAFG00845026388	ENSG00000232539	one_to_one	NA	NA	1	one_to_one:1
ENSCAFG00845026409	ENSG00000256256	many_to_one	NA	NA	1	many_to_one:1
ENSCAFG00845026434	ENSG00000256256	many_to_one	NA	NA	1	many_to_one:1
ENSCAFG00845026445	ENSG00000256256	many_to_one	NA	NA	1	many_to_one:1
ENSCAFG00845026647	ENSG00000261338	one_to_one	NA	NA	1	one_to_one:1
ENSCAFG00845026686	ENSG00000262652	one_to_one	NA	NA	1	one_to_one:1
ENSCAFG00845026695	ENSG00000289238	one_to_one	NA	NA	1	one_to_one:1
ENSCAFG00845026718	NA	NA	ENSMUSG00000084866	one_to_one	1	one_to_one:1
ENSCAFG00845026725	NA	NA	ENSMUSG00000116987	one_to_one	1	one_to_one:1
ENSCAFG00845026817	NA	NA	ENSMUSG00000120667	one_to_one	1	one_to_one:1
ENSCAFG00845026835	ENSG00000243797	one_to_one	NA	NA	1	one_to_one:1
ENSCAFG00845026970	ENSG00000223814	one_to_one	NA	NA	1	one_to_one:1
ENSCAFG00845027032	ENSG00000238171	one_to_one	NA	NA	1	one_to_one:1
ENSCAFG00845027042	NA	NA	ENSMUSG00000120236	many_to_one	1	many_to_one:1
ENSCAFG00845027055	NA	NA	ENSMUSG00000120236	many_to_one	1	many_to_one:1
ENSCAFG00845027064	NA	NA	ENSMUSG00000120236	many_to_one	1	many_to_one:1
ENSCAFG00845027086	ENSG00000233746	many_to_one	NA	NA	1	many_to_one:1
ENSCAFG00845027088	ENSG00000261668	one_to_one	NA	NA	1	one_to_one:1
ENSCAFG00845027092	ENSG00000234663	one_to_one	NA	NA	1	one_to_one:1
ENSCAFG00845027099	ENSG00000233746	many_to_one	NA	NA	1	many_to_one:1
ENSCAFG00845027111	ENSG00000233746	many_to_one	NA	NA	1	many_to_one:1
ENSCAFG00845027119	ENSG00000205054	many_to_one	ENSMUSG00000117501	many_to_one	2	many_to_one:2
ENSCAFG00845027133	ENSG00000205054	many_to_one	ENSMUSG00000117501	many_to_one	2	many_to_one:2
ENSCAFG00845027146	ENSG00000230555	one_to_one	NA	NA	1	one_to_one:1
ENSCAFG00845027164	ENSG00000288029	one_to_one	ENSMUSG00000114570;ENSMUSG00000114774	one_to_many	2	one_to_many:1;one_to_one:1
ENSCAFG00845027194	NA	NA	ENSMUSG00000098447	one_to_one	1	one_to_one:1
ENSCAFG00845027201	NA	NA	ENSMUSG00000114815	one_to_one	1	one_to_one:1
ENSCAFG00845027211	ENSG00000231327	one_to_one	NA	NA	1	one_to_one:1
ENSCAFG00845027246	ENSG00000183242	one_to_one	NA	NA	1	one_to_one:1
ENSCAFG00845027256	ENSG00000261799	one_to_one	NA	NA	1	one_to_one:1
ENSCAFG00845027288	ENSG00000251577	one_to_one	NA	NA	1	one_to_one:1
ENSCAFG00845027295	ENSG00000272940;ENSG00000205559	one_to_many	ENSMUSG00000079242	one_to_one	2	one_to_many:1;one_to_one:1
ENSCAFG00845027339	ENSG00000267280	one_to_one	ENSMUSG00000069785	one_to_one	2	one_to_one:2
ENSCAFG00845027402	ENSG00000235529	one_to_one	ENSMUSG00000101662	one_to_one	2	one_to_one:2
ENSCAFG00845027451	ENSG00000257329	many_to_one	ENSMUSG00000097082	many_to_one	2	many_to_one:2
ENSCAFG00845027463	ENSG00000225280	one_to_one	NA	NA	1	one_to_one:1
ENSCAFG00845027473	ENSG00000248373	one_to_one	NA	NA	1	one_to_one:1
ENSCAFG00845027482	NA	NA	ENSMUSG00000089707	one_to_one	1	one_to_one:1
ENSCAFG00845027503	NA	NA	ENSMUSG00000086066	one_to_one	1	one_to_one:1
ENSCAFG00845027509	ENSG00000289315;ENSG00000239941	one_to_many	NA	NA	1	one_to_many:1
ENSCAFG00845027513	NA	NA	ENSMUSG00000085664	one_to_one	1	one_to_one:1
ENSCAFG00845027520	NA	NA	ENSMUSG00000085097	one_to_one	1	one_to_one:1
ENSCAFG00845027521	ENSG00000251259	many_to_one	NA	NA	1	many_to_one:1
ENSCAFG00845027534	ENSG00000251259	many_to_one	NA	NA	1	many_to_one:1
ENSCAFG00845027542	ENSG00000251259	many_to_one	NA	NA	1	many_to_one:1
ENSCAFG00845027556	ENSG00000253376	many_to_one	ENSMUSG00000087099	many_to_one	2	many_to_one:2
ENSCAFG00845027561	ENSG00000253376	many_to_one	ENSMUSG00000087099	many_to_one	2	many_to_one:2
ENSCAFG00845027568	ENSG00000253376	many_to_one	ENSMUSG00000087099	many_to_one	2	many_to_one:2
ENSCAFG00845027574	ENSG00000253376	many_to_one	ENSMUSG00000087099	many_to_one	2	many_to_one:2
ENSCAFG00845027579	ENSG00000253376	many_to_one	ENSMUSG00000087099	many_to_one	2	many_to_one:2
ENSCAFG00845027589	ENSG00000253376	many_to_one	ENSMUSG00000087099	many_to_one	2	many_to_one:2
ENSCAFG00845027596	ENSG00000253376	many_to_one	ENSMUSG00000087099	many_to_one	2	many_to_one:2
ENSCAFG00845027630	ENSG00000231324	one_to_one	NA	NA	1	one_to_one:1
ENSCAFG00845027666	ENSG00000223692	one_to_one	NA	NA	1	one_to_one:1
ENSCAFG00845027696	NA	NA	ENSMUSG00000120309	one_to_one	1	one_to_one:1
ENSCAFG00845027697	NA	NA	ENSMUSG00000101028	many_to_one	1	many_to_one:1
ENSCAFG00845027718	ENSG00000256312	one_to_one	NA	NA	1	one_to_one:1
ENSCAFG00845027746	ENSG00000273272	one_to_one	NA	NA	1	one_to_one:1
ENSCAFG00845027757	ENSG00000289947;ENSG00000272666	one_to_many	NA	NA	1	one_to_many:1
ENSCAFG00845027767	NA	NA	ENSMUSG00000101028	many_to_one	1	many_to_one:1
ENSCAFG00845027807	ENSG00000237646	one_to_one	NA	NA	1	one_to_one:1
ENSCAFG00845027810	ENSG00000235470;ENSG00000287419	one_to_many	ENSMUSG00000118127;ENSMUSG00000117659	one_to_many	2	one_to_many:2
ENSCAFG00845027815	ENSG00000235389	one_to_one	NA	NA	1	one_to_one:1
ENSCAFG00845027822	ENSG00000234021;ENSG00000225706;ENSG00000230920;ENSG00000226717	one_to_many	ENSMUSG00000092492;ENSMUSG00000110373	one_to_many	2	one_to_many:2
ENSCAFG00845027832	ENSG00000232035	many_to_one	NA	NA	1	many_to_one:1
ENSCAFG00845027861	ENSG00000232035	many_to_one	NA	NA	1	many_to_one:1
ENSCAFG00845027876	ENSG00000232035	many_to_one	NA	NA	1	many_to_one:1
ENSCAFG00845027894	ENSG00000232035	many_to_one	NA	NA	1	many_to_one:1
ENSCAFG00845027918	ENSG00000232035	many_to_one	NA	NA	1	many_to_one:1
ENSCAFG00845027920	ENSG00000287500	one_to_one	NA	NA	1	one_to_one:1
ENSCAFG00845027922	NA	NA	ENSMUSG00000120334	many_to_one	1	many_to_one:1
ENSCAFG00845027930	NA	NA	ENSMUSG00000120334	many_to_one	1	many_to_one:1
ENSCAFG00845027934	ENSG00000232035	many_to_one	NA	NA	1	many_to_one:1
ENSCAFG00845028003	ENSG00000224177	one_to_one	NA	NA	1	one_to_one:1
ENSCAFG00845028006	ENSG00000233577;ENSG00000279298	one_to_many	NA	NA	1	one_to_many:1
ENSCAFG00845028011	ENSG00000259723	one_to_one	NA	NA	1	one_to_one:1
ENSCAFG00845028027	ENSG00000285569	many_to_one	ENSMUSG00000114018	many_to_one	2	many_to_one:2
ENSCAFG00845028042	ENSG00000285569	many_to_one	ENSMUSG00000114018	many_to_one	2	many_to_one:2
ENSCAFG00845028096	ENSG00000231814	one_to_one	NA	NA	1	one_to_one:1
ENSCAFG00845028099	ENSG00000235820;ENSG00000230563	one_to_many	ENSMUSG00000086379	one_to_one	2	one_to_many:1;one_to_one:1
ENSCAFG00845028107	NA	NA	ENSMUSG00000094763	one_to_one	1	one_to_one:1
ENSCAFG00845028119	NA	NA	ENSMUSG00000117384	one_to_one	1	one_to_one:1
ENSCAFG00845028123	ENSG00000272274	one_to_one	NA	NA	1	one_to_one:1
ENSCAFG00845028153	ENSG00000239332	one_to_one	NA	NA	1	one_to_one:1
ENSCAFG00845028158	ENSG00000228127	one_to_one	NA	NA	1	one_to_one:1
ENSCAFG00845028180	ENSG00000290046;ENSG00000271993	one_to_many	NA	NA	1	one_to_many:1
ENSCAFG00845028199	NA	NA	ENSMUSG00000084916	one_to_one	1	one_to_one:1
ENSCAFG00845028220	NA	NA	ENSMUSG00000114917	one_to_one	1	one_to_one:1
ENSCAFG00845028234	ENSG00000281453	one_to_one	NA	NA	1	one_to_one:1
ENSCAFG00845028245	ENSG00000228208	many_to_one	ENSMUSG00000103690	many_to_one	2	many_to_one:2
ENSCAFG00845028269	ENSG00000228208	many_to_one	ENSMUSG00000103690	many_to_one	2	many_to_one:2
ENSCAFG00845028299	ENSG00000228063	one_to_one	NA	NA	1	one_to_one:1
ENSCAFG00845028306	ENSG00000235933	one_to_one	NA	NA	1	one_to_one:1
ENSCAFG00845028348	ENSG00000248319	one_to_one	ENSMUSG00000109992	one_to_one	2	one_to_one:2
ENSCAFG00845028380	ENSG00000287676;ENSG00000277007	one_to_many	NA	NA	1	one_to_many:1
ENSCAFG00845028395	ENSG00000245060	many_to_one	NA	NA	1	many_to_one:1
ENSCAFG00845028402	NA	NA	ENSMUSG00000087445	one_to_one	1	one_to_one:1
ENSCAFG00845028471	ENSG00000236671	one_to_one	NA	NA	1	one_to_one:1
ENSCAFG00845028477	NA	NA	ENSMUSG00000086268	one_to_one	1	one_to_one:1
ENSCAFG00845028481	ENSG00000289270;ENSG00000235279	one_to_many	NA	NA	1	one_to_many:1
ENSCAFG00845028522	ENSG00000242553;ENSG00000230366	one_to_many	ENSMUSG00000116589	one_to_one	2	one_to_many:1;one_to_one:1
ENSCAFG00845028545	NA	NA	ENSMUSG00000064263	many_to_one	1	many_to_one:1
ENSCAFG00845028553	NA	NA	ENSMUSG00000064263	many_to_one	1	many_to_one:1
ENSCAFG00845028556	ENSG00000277548;ENSG00000274765	one_to_many	NA	NA	1	one_to_many:1
ENSCAFG00845028568	ENSG00000286701	one_to_one	NA	NA	1	one_to_one:1
ENSCAFG00845028611	NA	NA	ENSMUSG00000084802	one_to_one	1	one_to_one:1
ENSCAFG00845028615	NA	NA	ENSMUSG00000115522;ENSMUSG00000078648;ENSMUSG00000097643	one_to_many	1	one_to_many:1
ENSCAFG00845028636	ENSG00000249697	one_to_one	ENSMUSG00000120592	one_to_one	2	one_to_one:2
ENSCAFG00845028639	NA	NA	ENSMUSG00000120367	one_to_one	1	one_to_one:1
ENSCAFG00845028651	ENSG00000289335	one_to_one	ENSMUSG00000111275	one_to_one	2	one_to_one:2
ENSCAFG00845028686	ENSG00000255289	one_to_one	NA	NA	1	one_to_one:1
ENSCAFG00845028763	ENSG00000228526	one_to_one	NA	NA	1	one_to_one:1
ENSCAFG00845028782	ENSG00000253484	many_to_one	NA	NA	1	many_to_one:1
ENSCAFG00845028784	ENSG00000253484	many_to_one	NA	NA	1	many_to_one:1
ENSCAFG00845028793	ENSG00000253484	many_to_one	NA	NA	1	many_to_one:1
ENSCAFG00845028799	ENSG00000253484	many_to_one	NA	NA	1	many_to_one:1
ENSCAFG00845028807	ENSG00000253484	many_to_one	NA	NA	1	many_to_one:1
ENSCAFG00845028818	ENSG00000253484	many_to_one	NA	NA	1	many_to_one:1
ENSCAFG00845028825	ENSG00000253484	many_to_one	NA	NA	1	many_to_one:1
ENSCAFG00845028827	ENSG00000288670	one_to_one	NA	NA	1	one_to_one:1
ENSCAFG00845028831	ENSG00000253484	many_to_one	NA	NA	1	many_to_one:1
ENSCAFG00845028836	NA	NA	ENSMUSG00000118366	one_to_one	1	one_to_one:1
ENSCAFG00845028849	ENSG00000234949	one_to_one	NA	NA	1	one_to_one:1
ENSCAFG00845028878	ENSG00000265100	one_to_one	ENSMUSG00000085326	one_to_one	2	one_to_one:2
ENSCAFG00845028893	ENSG00000261167	one_to_one	NA	NA	1	one_to_one:1
ENSCAFG00845028902	NA	NA	ENSMUSG00000120726	one_to_one	1	one_to_one:1
ENSCAFG00845028927	ENSG00000285805	one_to_one	NA	NA	1	one_to_one:1
ENSCAFG00845028960	ENSG00000198054	one_to_one	NA	NA	1	one_to_one:1
ENSCAFG00845028986	ENSG00000229679	one_to_one	NA	NA	1	one_to_one:1
ENSCAFG00845029020	ENSG00000277749	one_to_one	ENSMUSG00000086624;ENSMUSG00000085753	one_to_many	2	one_to_many:1;one_to_one:1
ENSCAFG00845029043	ENSG00000253679;ENSG00000287479	one_to_many	NA	NA	1	one_to_many:1
ENSCAFG00845029051	NA	NA	ENSMUSG00000106334	one_to_one	1	one_to_one:1
ENSCAFG00845029078	ENSG00000249436	one_to_one	ENSMUSG00000114824	one_to_one	2	one_to_one:2
ENSCAFG00845029115	NA	NA	ENSMUSG00000086949	one_to_one	1	one_to_one:1
ENSCAFG00845029119	ENSG00000241570	one_to_one	NA	NA	1	one_to_one:1
ENSCAFG00845029145	ENSG00000289580	one_to_one	NA	NA	1	one_to_one:1
ENSCAFG00845029152	ENSG00000256424;ENSG00000256258	one_to_many	NA	NA	1	one_to_many:1
ENSCAFG00845029182	ENSG00000204603	one_to_one	NA	NA	1	one_to_one:1
ENSCAFG00845029247	ENSG00000241679	one_to_one	NA	NA	1	one_to_one:1
ENSCAFG00845029298	NA	NA	ENSMUSG00000075335	one_to_one	1	one_to_one:1
ENSCAFG00845029373	ENSG00000290782	one_to_one	ENSMUSG00000120470	one_to_one	2	one_to_one:2
ENSCAFG00845029407	ENSG00000283380;ENSG00000288832	one_to_many	NA	NA	1	one_to_many:1
ENSCAFG00845029454	NA	NA	ENSMUSG00000120363	one_to_one	1	one_to_one:1
ENSCAFG00845029460	ENSG00000285373	one_to_one	NA	NA	1	one_to_one:1
ENSCAFG00845029475	ENSG00000271427	one_to_one	NA	NA	1	one_to_one:1
ENSCAFG00845029487	ENSG00000253416	one_to_one	NA	NA	1	one_to_one:1
ENSCAFG00845029510	ENSG00000261775	one_to_one	NA	NA	1	one_to_one:1
ENSCAFG00845029547	ENSG00000260398	one_to_one	NA	NA	1	one_to_one:1
ENSCAFG00845029579	ENSG00000236866	one_to_one	ENSMUSG00000053957	one_to_one	2	one_to_one:2
ENSCAFG00845029601	ENSG00000269893	one_to_one	ENSMUSG00000104960	one_to_one	2	one_to_one:2
ENSCAFG00845029620	ENSG00000271717	one_to_one	NA	NA	1	one_to_one:1
ENSCAFG00845029682	ENSG00000285971;ENSG00000287105;ENSG00000254050	one_to_many	ENSMUSG00000086017	one_to_one	2	one_to_many:1;one_to_one:1
ENSCAFG00845029687	ENSG00000272844	one_to_one	NA	NA	1	one_to_one:1
ENSCAFG00845029702	ENSG00000261188	one_to_one	NA	NA	1	one_to_one:1
ENSCAFG00845029719	ENSG00000279484	one_to_one	NA	NA	1	one_to_one:1
ENSCAFG00845029810	ENSG00000253121	many_to_one	NA	NA	1	many_to_one:1
ENSCAFG00845029816	ENSG00000253121	many_to_one	NA	NA	1	many_to_one:1
ENSCAFG00845029885	ENSG00000260917	one_to_one	NA	NA	1	one_to_one:1
ENSCAFG00845029891	ENSG00000285676	one_to_one	NA	NA	1	one_to_one:1
ENSCAFG00845029920	ENSG00000271533;ENSG00000230590	one_to_many	ENSMUSG00000086370	one_to_one	2	one_to_many:1;one_to_one:1
ENSCAFG00845029939	NA	NA	ENSMUSG00000104559	one_to_one	1	one_to_one:1
ENSCAFG00845030054	ENSG00000224388	one_to_one	NA	NA	1	one_to_one:1
ENSCAFG00845030113	ENSG00000286661	one_to_one	NA	NA	1	one_to_one:1
ENSCAFG00845030117	ENSG00000232065	one_to_one	NA	NA	1	one_to_one:1
ENSCAFG00845030193	NA	NA	ENSMUSG00000087681	one_to_one	1	one_to_one:1
ENSCAFG00845030208	ENSG00000224592	one_to_one	ENSMUSG00000098760	one_to_one	2	one_to_one:2
ENSCAFG00845030241	NA	NA	ENSMUSG00000101705	many_to_one	1	many_to_one:1
ENSCAFG00845030248	NA	NA	ENSMUSG00000101705	many_to_one	1	many_to_one:1
ENSCAFG00845030252	ENSG00000225493	one_to_one	NA	NA	1	one_to_one:1
ENSCAFG00845030254	ENSG00000257114;ENSG00000257164	one_to_many	ENSMUSG00000121167	one_to_one	2	one_to_many:1;one_to_one:1
ENSCAFG00845030257	ENSG00000257510	many_to_one	NA	NA	1	many_to_one:1
ENSCAFG00845030262	ENSG00000257510	many_to_one	NA	NA	1	many_to_one:1
ENSCAFG00845030349	NA	NA	ENSMUSG00000110390	many_to_one	1	many_to_one:1
ENSCAFG00845030360	NA	NA	ENSMUSG00000110390	many_to_one	1	many_to_one:1
ENSCAFG00845030436	NA	NA	ENSMUSG00000097596	one_to_one	1	one_to_one:1
ENSCAFG00845030508	NA	NA	ENSMUSG00000117890	one_to_one	1	one_to_one:1
ENSCAFG00845030524	ENSG00000257228	one_to_one	ENSMUSG00000115858	one_to_one	2	one_to_one:2
ENSCAFG00845030542	ENSG00000256721;ENSG00000203593;ENSG00000256837	one_to_many	NA	NA	1	one_to_many:1
ENSCAFG00845030545	ENSG00000256150	one_to_one	NA	NA	1	one_to_one:1
ENSCAFG00845030678	ENSG00000287049	one_to_one	NA	NA	1	one_to_one:1
ENSCAFG00845030686	NA	NA	ENSMUSG00000120876	one_to_one	1	one_to_one:1
ENSCAFG00845030688	ENSG00000289105	one_to_one	ENSMUSG00000107013	one_to_one	2	one_to_one:2
ENSCAFG00845030742	ENSG00000259932;ENSG00000260035	one_to_many	NA	NA	1	one_to_many:1
ENSCAFG00845030744	ENSG00000259519	one_to_one	NA	NA	1	one_to_one:1
ENSCAFG00845030781	NA	NA	ENSMUSG00000116951;ENSMUSG00000116581	many_to_many	1	many_to_many:1
ENSCAFG00845030802	NA	NA	ENSMUSG00000116737	many_to_one	1	many_to_one:1
ENSCAFG00845030804	NA	NA	ENSMUSG00000116951;ENSMUSG00000116581	many_to_many	1	many_to_many:1
ENSCAFG00845030807	NA	NA	ENSMUSG00000116737	many_to_one	1	many_to_one:1
ENSCAFG00845030811	NA	NA	ENSMUSG00000116951;ENSMUSG00000116581	many_to_many	1	many_to_many:1
ENSCAFG00845030878	ENSG00000236799	many_to_one	ENSMUSG00000118178;ENSMUSG00000117655	many_to_many_strict	2	many_to_many_strict:1;many_to_one:1
ENSCAFG00845030880	ENSG00000236799	many_to_one	ENSMUSG00000118178;ENSMUSG00000117655	many_to_many_strict	2	many_to_many_strict:1;many_to_one:1
ENSCAFG00845030897	NA	NA	ENSMUSG00000119973	one_to_one	1	one_to_one:1
ENSCAFG00845031023	ENSG00000261797	one_to_one	NA	NA	1	one_to_one:1
ENSCAFG00845031024	NA	NA	ENSMUSG00000097563	one_to_one	1	one_to_one:1
ENSCAFG00845031055	ENSG00000285904	one_to_one	ENSMUSG00000085058	one_to_one	2	one_to_one:2
